:START_ID	:END_ID	:TYPE	source:string[]	raw_type
TCIA-RADIOLOGY	phs004225	HasStudy	"structural_information"	Has_Study
TCIA-RADIOLOGY	ACRIN 6677/RTOG 0625	HasParticipantGroup	"metadata"	Has_Participant_Group
TCIA-RADIOLOGY	REMBRANDT	HasParticipantGroup	"metadata"	Has_Participant_Group
TCIA-RADIOLOGY	Brain-Tumor-Progression	HasParticipantGroup	"metadata"	Has_Participant_Group
TCIA-RADIOLOGY	QIN-HEADNECK	HasParticipantGroup	"metadata"	Has_Participant_Group
TCIA-RADIOLOGY	Brain Tumor Recurrence Prediction after Gamma Knife Radiotherapy from MRI and Related DICOM-RT: An Open Annotated Dataset and Baseline Algorithm	HasParticipantGroup	"metadata"	Has_Participant_Group
TCIA-RADIOLOGY	Low Dose CT Image and Projection Data	HasParticipantGroup	"metadata"	Has_Participant_Group
TCIA-RADIOLOGY	Head-Neck-PET-CT	HasParticipantGroup	"metadata"	Has_Participant_Group
TCIA-RADIOLOGY	RIDER NEURO MRI	HasParticipantGroup	"metadata"	Has_Participant_Group
TCIA-RADIOLOGY	Ivy Glioblastoma Atlas Project	HasParticipantGroup	"metadata"	Has_Participant_Group
TCIA-RADIOLOGY	AAPM RT-MAC Grand Challenge 2019	HasParticipantGroup	"metadata"	Has_Participant_Group
TCIA-RADIOLOGY	The Cancer Genome Atlas Head-Neck Squamous Cell Carcinoma Collection	HasParticipantGroup	"metadata"	Has_Participant_Group
TCIA-RADIOLOGY	ACRIN 6684	HasParticipantGroup	"metadata"	Has_Participant_Group
TCIA-RADIOLOGY	Glioma Image Segmentation for Radiotherapy: RT targets, barriers to cancer spread, and organs at risk	HasParticipantGroup	"metadata"	Has_Participant_Group
TCIA-RADIOLOGY	The Clinical Proteomic Tumor Analysis Consortium Head and Neck Squamous Cell Carcinoma Collection	HasParticipantGroup	"metadata"	Has_Participant_Group
TCIA-RADIOLOGY	QIN-SARCOMA	HasParticipantGroup	"metadata"	Has_Participant_Group
TCIA-RADIOLOGY	HEAD-NECK-RADIOMICS-HN1	HasParticipantGroup	"metadata"	Has_Participant_Group
TCIA-RADIOLOGY	Low-Dose CT Images of Healthy Cohort	HasParticipantGroup	"metadata"	Has_Participant_Group
TCIA-RADIOLOGY	The Cancer Genome Atlas Glioblastoma Multiforme Collection	HasParticipantGroup	"metadata"	Has_Participant_Group
TCIA-RADIOLOGY	Head-and-neck squamous cell carcinoma patients with CT taken during pre-treatment, mid-treatment, and post-treatment	HasParticipantGroup	"metadata"	Has_Participant_Group
TCIA-RADIOLOGY	Gamma Knife MR/CT/RTSTRUCT Sets With Hippocampal Contours	HasParticipantGroup	"metadata"	Has_Participant_Group
TCIA-RADIOLOGY	ACRIN 6685	HasParticipantGroup	"metadata"	Has_Participant_Group
TCIA-RADIOLOGY	LGG-1p19qDeletion	HasParticipantGroup	"metadata"	Has_Participant_Group
TCIA-RADIOLOGY	CT-RTSTRUCT-RTDOSE-RTPLAN Sets of Head and Neck Cancers Treated with Identical Prescriptions using IMRT: An Open Dataset for Deep Learning in Treatment Planning	HasParticipantGroup	"metadata"	Has_Participant_Group
TCIA-RADIOLOGY	QIN GBM Treatment Response	HasParticipantGroup	"metadata"	Has_Participant_Group
TCIA-RADIOLOGY	Segmentation and Classification of Grade I and II Meningiomas from Magnetic Resonance Imaging: An Open Annotated Dataset	HasParticipantGroup	"metadata"	Has_Participant_Group
TCIA-RADIOLOGY	The Clinical Proteomic Tumor Analysis Consortium Glioblastoma Multiforme Collection	HasParticipantGroup	"metadata"	Has_Participant_Group
TCIA-RADIOLOGY	Burdenko's Glioblastoma Progression Dataset	HasParticipantGroup	"metadata"	Has_Participant_Group
TCIA-RADIOLOGY	Head-Neck Cetuximab	HasParticipantGroup	"metadata"	Has_Participant_Group
TCIA-RADIOLOGY	The Head and Neck Lymph Nodes Dataset, Definitive, Non-contrast	HasParticipantGroup	"metadata"	Has_Participant_Group
TCIA-RADIOLOGY	The Rio Hortega University Hospital Glioblastoma dataset: a comprehensive collection of preoperative, early postoperative and recurrence MRI scans	HasParticipantGroup	"metadata"	Has_Participant_Group
TCIA-RADIOLOGY	The Cancer Genome Atlas Low Grade Glioma Collection	HasParticipantGroup	"metadata"	Has_Participant_Group
TCIA-RADIOLOGY	A whole-body FDG-PET/CT dataset with manually annotated tumor lesions	HasParticipantGroup	"metadata"	Has_Participant_Group
TCIA-RADIOLOGY	Glioma DSC-MRI Perfusion Data with Standard Imaging and ROIs	HasParticipantGroup	"metadata"	Has_Participant_Group
TCIA-RADIOLOGY	Anti-PD-1 Immunotherapy Melanoma	HasParticipantGroup	"metadata"	Has_Participant_Group
TCIA-RADIOLOGY	Computed Tomography Images from Large Head and Neck Cohort	HasParticipantGroup	"metadata"	Has_Participant_Group
TCIA-RADIOLOGY	HNSCC	HasParticipantGroup	"metadata"	Has_Participant_Group
HTAN	phs002371_image	HasStudy	"structural_information"	Has_Study
HTAN	phs002371	HasStudy	"structural_information"	Has_Study
HTAN	Human Tumor Atlas Network (HTAN) imaging data	HasParticipantGroup	"metadata"	Has_Participant_Group
HTAN	Human Tumor Atlas Network (HTAN) primary sequencing data	HasParticipantGroup	"metadata"	Has_Participant_Group
CCDI	phs003164	HasStudy	"structural_information"	Has_Study
CCDI	phs002518	HasStudy	"structural_information"	Has_Study
CCDI	phs002790	HasStudy	"structural_information"	Has_Study
CCDI	phs003163	HasStudy	"structural_information"	Has_Study
CCDI	phs002504	HasStudy	"structural_information"	Has_Study
CCDI	phs002517	HasStudy	"structural_information"	Has_Study
CCDI	phs003519	HasStudy	"structural_information"	Has_Study
CCDI	phs002677	HasStudy	"structural_information"	Has_Study
CCDI	phs002529	HasStudy	"structural_information"	Has_Study
CCDI	phs001437	HasStudy	"structural_information"	Has_Study
CCDI	phs002431	HasStudy	"structural_information"	Has_Study
CCDI	phs002599	HasStudy	"structural_information"	Has_Study
CCDI	phs002430	HasStudy	"structural_information"	Has_Study
CCDI	phs003432	HasStudy	"structural_information"	Has_Study
CCDI	Pediatric Preclinical Testing Consortium (PPTC) PDX Data Models	HasParticipantGroup	"metadata"	Has_Participant_Group
CCDI	Genomic Analysis in Pediatric Malignancies	HasParticipantGroup	"metadata"	Has_Participant_Group
CCDI	UCSF Database for the Advancement of JMML - Integration of Metadata with ""Omic"" Data	HasParticipantGroup	"metadata"	Has_Participant_Group
CCDI	Single-Cell Atlas of NF1 Nerve Sheath Tumors	HasParticipantGroup	"metadata"	Has_Participant_Group
CCDI	Childhood Cancer Data Initiative (CCDI): Integration of genomic and clinical data from unique rare cancer datasets to facilitate data sharing	HasParticipantGroup	"metadata"	Has_Participant_Group
CCDI	NCI CCSG CCDI Supplement Additional Genomic Submission	HasParticipantGroup	"metadata"	Has_Participant_Group
CCDI	Childhood Cancer Data Initiative (CCDI): Pediatric In Vivo Testing Program - Neuroblastoma	HasParticipantGroup	"metadata"	Has_Participant_Group
CCDI	Childhood Cancer Data Initiative (CCDI): CCDI Pediatric In Vivo Testing Program - Leukemia	HasParticipantGroup	"metadata"	Has_Participant_Group
CCDI	T-cell Acute Lymphoblastic Leukemia Single Cell RNA Sequencing and ATAC Sequencing	HasParticipantGroup	"metadata"	Has_Participant_Group
CCDI	Childhood Cancer Data Initiative (CCDI): Administrative Supplements for the NCI P30 Cancer Center Support Grants to Enhance Data Sharing in Pediatric, Adolescent, and Young Adult Cancers (USC)	HasParticipantGroup	"metadata"	Has_Participant_Group
CCDI	Clinical Trial Specimen Molecular Characterization (CTSMC)	HasParticipantGroup	"metadata"	Has_Participant_Group
CCDI	Integrating Longitudinal Clinical, Sociodemographic and Genomic Data into the NCCR	HasParticipantGroup	"metadata"	Has_Participant_Group
CCDI	Childhood Cancer Data Initiative (CCDI): Free the Data: Open Sharing of Comprehensive Genomic Childhood Cancer Datasets (Kansas)	HasParticipantGroup	"metadata"	Has_Participant_Group
CCDI	Childhood Cancer Data Initiative (CCDI): Enhancement of Data Sharing in Pediatric, Adolescent and Young Adult Cancers	HasParticipantGroup	"metadata"	Has_Participant_Group
MP2PRT	phs002293	HasStudy	"structural_information"	Has_Study
MP2PRT	Mutational landscape in recurrent and metastatic cervical carcinoma	HasParticipantGroup	"metadata"	Has_Participant_Group
CPTAC	phs001287	HasStudy	"structural_information"	Has_Study
CPTAC	CPTAC Pan-Cancer	HasParticipantGroup	"metadata"	Has_Participant_Group
DCCPS	phs001905	HasStudy	"structural_information"	Has_Study
DCCPS	phs002250	HasStudy	"structural_information"	Has_Study
DCCPS	phs002637	HasStudy	"structural_information"	Has_Study
DCCPS	phs004065	HasStudy	"structural_information"	Has_Study
DCCPS	phs002050	HasStudy	"structural_information"	Has_Study
DCCPS	phs002366	HasStudy	"structural_information"	Has_Study
DCCPS	phs001554	HasStudy	"structural_information"	Has_Study
DCCPS	phs001524	HasStudy	"structural_information"	Has_Study
DCCPS	phs001819	HasStudy	"structural_information"	Has_Study
DCCPS	phs001787	HasStudy	"structural_information"	Has_Study
DCCPS	Whole Genome Sequencing to Discover Familial Myeloma Risk Genes	HasParticipantGroup	"metadata"	Has_Participant_Group
DCCPS	The Genetic Basis of Aggressive Prostate Cancer, The Role of Rare Variation	HasParticipantGroup	"metadata"	Has_Participant_Group
DCCPS	Lung Cancer Genetic Study among Asian Never Smokers	HasParticipantGroup	"metadata"	Has_Participant_Group
DCCPS	Discovery of Colorectal Cancer Susceptibility Genes in High-Risk Families	HasParticipantGroup	"metadata"	Has_Participant_Group
DCCPS	Health Information National Trends Survey (HINTS-SEER)	HasParticipantGroup	"metadata"	Has_Participant_Group
DCCPS	CIDR: The Role of Rare Coding Variation in Prostate Cancer in Men of African Ancestry - RESPOND Project 2	HasParticipantGroup	"metadata"	Has_Participant_Group
DCCPS	GECCO OICR: Molecular Pathological Epidemiology of Colorectal Cancer	HasParticipantGroup	"metadata"	Has_Participant_Group
DCCPS	Detection of Colorectal Cancer Susceptibility Loci Using Genome-Wide Sequencing	HasParticipantGroup	"metadata"	Has_Participant_Group
DCCPS	Molecular Pathological Epidemiology of CRC	HasParticipantGroup	"metadata"	Has_Participant_Group
DCCPS	CIDR: Discovery, Biology, and Risk of Inherited Variants in Glioma sample	HasParticipantGroup	"metadata"	Has_Participant_Group
PDXNet	phs002479	HasStudy	"structural_information"	Has_Study
PDXNet	phs001980	HasStudy	"structural_information"	Has_Study
PDXNet	phs002305	HasStudy	"structural_information"	Has_Study
PDXNet	phs002432	HasStudy	"structural_information"	Has_Study
PDXNet	Wistar PDX Development and Trial Center SPORE in Skin Cancer	HasParticipantGroup	"metadata"	Has_Participant_Group
PDXNet	University of Texas PDX Development and Trial Center Grant	HasParticipantGroup	"metadata"	Has_Participant_Group
PDXNet	HCI-PDX Trial Center for Breast Cancer Therapy	HasParticipantGroup	"metadata"	Has_Participant_Group
PDXNet	Washington University PDX Development and Trial Center	HasParticipantGroup	"metadata"	Has_Participant_Group
NCIcaNano	10.17917	HasStudy	"structural_information"	Has_Study
NCIcaNano	caNanoLab Data	HasParticipantGroup	"metadata"	Has_Participant_Group
Kids First	phs002187	HasStudy	"structural_information"	Has_Study
Kids First	phs001738	HasStudy	"structural_information"	Has_Study
Kids First	phs001846	HasStudy	"structural_information"	Has_Study
Kids First	phs001228	HasStudy	"structural_information"	Has_Study
Kids First	phs001714	HasStudy	"structural_information"	Has_Study
Kids First	Gabriella Miller Kids First Pediatric Research Program: An Integrated Clinical and Genomic Analysis of Treatment Failure in Pediatric Osteosarcoma	HasParticipantGroup	"metadata"	Has_Participant_Group
Kids First	Gabriella Miller Kids First (GMKF) Pediatric Research Program in Susceptibility to Ewing Sarcoma Based on Germline Risk and Familial History of Cancer	HasParticipantGroup	"metadata"	Has_Participant_Group
Kids First	Kids First Pediatric Research Study in Familial Predisposition to Hematopoietic Malignancies	HasParticipantGroup	"metadata"	Has_Participant_Group
Kids First	Gabriella Miller Kids First Pediatric Research Program in Germline and Somatic Variants in Myeloid Malignancies in Children	HasParticipantGroup	"metadata"	Has_Participant_Group
Kids First	Gabriella Miller Kids First Pediatric Research Program in Genetics at the Intersection of Childhood Cancer and Birth Defects	HasParticipantGroup	"metadata"	Has_Participant_Group
10.17917	10.1002/adfm.200601139	Published	"metadata"	Published
10.17917	10.1002/adma.200702770	Published	"metadata"	Published
10.17917	10.1002/sca.20081	Published	"metadata"	Published
10.17917	10.1016/j.biomaterials.2013.12.027	Published	"metadata"	Published
10.17917	10.1016/j.carbpol.2011.03.045	Published	"metadata"	Published
10.17917	10.1016/j.eursup.2005.04.001	Published	"metadata"	Published
10.17917	10.1016/j.jconrel.2019.07.011	Published	"metadata"	Published
10.17917	10.1016/j.micromeso.2018.12.026	Published	"metadata"	Published
10.17917	10.1021/mp800030k	Published	"metadata"	Published
10.17917	10.1039/b821775k	Published	"metadata"	Published
10.17917	10.1039/b822015h	Published	"metadata"	Published
10.17917	10.1080/17435390701694295	Published	"metadata"	Published
10.17917	10.1080/17435390802398291	Published	"metadata"	Published
10.17917	10.1109/ULTSYM.1999.849328	Published	"metadata"	Published
10.17917	10.1109/ULTSYM.2000.921700	Published	"metadata"	Published
10.17917	10.1111/j.1751-1097.2007.00163.x	Published	"metadata"	Published
10.17917	10.1158/1535-7163.MCT-18-0764	Published	"metadata"	Published
10.17917	11823698	Published	"metadata"	Published
10.17917	15562481	Published	"metadata"	Published
10.17917	15723405	Published	"metadata"	Published
10.17917	16184444	Published	"metadata"	Published
10.17917	16286125	Published	"metadata"	Published
10.17917	16287238	Published	"metadata"	Published
10.17917	16351214	Published	"metadata"	Published
10.17917	16352864	Published	"metadata"	Published
10.17917	16478096	Published	"metadata"	Published
10.17917	16481914	Published	"metadata"	Published
10.17917	16492023	Published	"metadata"	Published
10.17917	16501578	Published	"metadata"	Published
10.17917	16606824	Published	"metadata"	Published
10.17917	16608261	Published	"metadata"	Published
10.17917	16608262	Published	"metadata"	Published
10.17917	16642514	Published	"metadata"	Published
10.17917	16709779	Published	"metadata"	Published
10.17917	16825592	Published	"metadata"	Published
10.17917	16837672	Published	"metadata"	Published
10.17917	16876898	Published	"metadata"	Published
10.17917	16984117	Published	"metadata"	Published
10.17917	17075865	Published	"metadata"	Published
10.17917	17165821	Published	"metadata"	Published
10.17917	17187073	Published	"metadata"	Published
10.17917	17193154	Published	"metadata"	Published
10.17917	17206782	Published	"metadata"	Published
10.17917	17278104	Published	"metadata"	Published
10.17917	17290476	Published	"metadata"	Published
10.17917	17319667	Published	"metadata"	Published
10.17917	17431489	Published	"metadata"	Published
10.17917	17434667	Published	"metadata"	Published
10.17917	17447247	Published	"metadata"	Published
10.17917	17455953	Published	"metadata"	Published
10.17917	17510414	Published	"metadata"	Published
10.17917	17523182	Published	"metadata"	Published
10.17917	17562553	Published	"metadata"	Published
10.17917	17630789	Published	"metadata"	Published
10.17917	17643544	Published	"metadata"	Published
10.17917	17696406	Published	"metadata"	Published
10.17917	17704240	Published	"metadata"	Published
10.17917	17725375	Published	"metadata"	Published
10.17917	17766659	Published	"metadata"	Published
10.17917	17854074	Published	"metadata"	Published
10.17917	17854227	Published	"metadata"	Published
10.17917	17942800	Published	"metadata"	Published
10.17917	17997588	Published	"metadata"	Published
10.17917	18034495	Published	"metadata"	Published
10.17917	18095846	Published	"metadata"	Published
10.17917	18096220	Published	"metadata"	Published
10.17917	18157119	Published	"metadata"	Published
10.17917	18176110	Published	"metadata"	Published
10.17917	18230737	Published	"metadata"	Published
10.17917	18254583	Published	"metadata"	Published
10.17917	18272481	Published	"metadata"	Published
10.17917	18302330	Published	"metadata"	Published
10.17917	18362202	Published	"metadata"	Published
10.17917	18386933	Published	"metadata"	Published
10.17917	18480968	Published	"metadata"	Published
10.17917	18485474	Published	"metadata"	Published
10.17917	18488416	Published	"metadata"	Published
10.17917	18490436	Published	"metadata"	Published
10.17917	18492802	Published	"metadata"	Published
10.17917	18500805	Published	"metadata"	Published
10.17917	18510359	Published	"metadata"	Published
10.17917	18541363	Published	"metadata"	Published
10.17917	18611005	Published	"metadata"	Published
10.17917	18611045	Published	"metadata"	Published
10.17917	18613203	Published	"metadata"	Published
10.17917	18618583	Published	"metadata"	Published
10.17917	18632815	Published	"metadata"	Published
10.17917	18642250	Published	"metadata"	Published
10.17917	18642918	Published	"metadata"	Published
10.17917	18654207	Published	"metadata"	Published
10.17917	18654343	Published	"metadata"	Published
10.17917	18654506	Published	"metadata"	Published
10.17917	18654719	Published	"metadata"	Published
10.17917	18662754	Published	"metadata"	Published
10.17917	18665638	Published	"metadata"	Published
10.17917	18672950	Published	"metadata"	Published
10.17917	18686779	Published	"metadata"	Published
10.17917	18697944	Published	"metadata"	Published
10.17917	18701489	Published	"metadata"	Published
10.17917	18710264	Published	"metadata"	Published
10.17917	18815374	Published	"metadata"	Published
10.17917	18947410	Published	"metadata"	Published
10.17917	19020672	Published	"metadata"	Published
10.17917	19038441	Published	"metadata"	Published
10.17917	19067523	Published	"metadata"	Published
10.17917	19073995	Published	"metadata"	Published
10.17917	19111339	Published	"metadata"	Published
10.17917	19133725	Published	"metadata"	Published
10.17917	19148889	Published	"metadata"	Published
10.17917	19173646	Published	"metadata"	Published
10.17917	19206452	Published	"metadata"	Published
10.17917	19234444	Published	"metadata"	Published
10.17917	19240986	Published	"metadata"	Published
10.17917	19263264	Published	"metadata"	Published
10.17917	19263431	Published	"metadata"	Published
10.17917	19268679	Published	"metadata"	Published
10.17917	19278222	Published	"metadata"	Published
10.17917	19283813	Published	"metadata"	Published
10.17917	19351145	Published	"metadata"	Published
10.17917	19366797	Published	"metadata"	Published
10.17917	19367842	Published	"metadata"	Published
10.17917	19420433	Published	"metadata"	Published
10.17917	19437711	Published	"metadata"	Published
10.17917	19446243	Published	"metadata"	Published
10.17917	19480048	Published	"metadata"	Published
10.17917	19480401	Published	"metadata"	Published
10.17917	19491010	Published	"metadata"	Published
10.17917	19564622	Published	"metadata"	Published
10.17917	19666578	Published	"metadata"	Published
10.17917	19673534	Published	"metadata"	Published
10.17917	19695317	Published	"metadata"	Published
10.17917	19726870	Published	"metadata"	Published
10.17917	19874859	Published	"metadata"	Published
10.17917	19914401	Published	"metadata"	Published
10.17917	19950973	Published	"metadata"	Published
10.17917	20080556	Published	"metadata"	Published
10.17917	20088598	Published	"metadata"	Published
10.17917	20143195	Published	"metadata"	Published
10.17917	20150514	Published	"metadata"	Published
10.17917	20174478	Published	"metadata"	Published
10.17917	20394530	Published	"metadata"	Published
10.17917	20410458	Published	"metadata"	Published
10.17917	20481608	Published	"metadata"	Published
10.17917	20519360	Published	"metadata"	Published
10.17917	20876255	Published	"metadata"	Published
10.17917	21042728	Published	"metadata"	Published
10.17917	21508310	Published	"metadata"	Published
10.17917	21608124	Published	"metadata"	Published
10.17917	21670497	Published	"metadata"	Published
10.17917	21833157	Published	"metadata"	Published
10.17917	21861281	Published	"metadata"	Published
10.17917	22197728	Published	"metadata"	Published
10.17917	22309035	Published	"metadata"	Published
10.17917	22427110	Published	"metadata"	Published
10.17917	22491949	Published	"metadata"	Published
10.17917	22504484	Published	"metadata"	Published
10.17917	22612428	Published	"metadata"	Published
10.17917	22797827	Published	"metadata"	Published
10.17917	23101432	Published	"metadata"	Published
10.17917	23356394	Published	"metadata"	Published
10.17917	23373658	Published	"metadata"	Published
10.17917	23402593	Published	"metadata"	Published
10.17917	23534919	Published	"metadata"	Published
10.17917	23609015	Published	"metadata"	Published
10.17917	23665255	Published	"metadata"	Published
10.17917	23676007	Published	"metadata"	Published
10.17917	23969419	Published	"metadata"	Published
10.17917	24174328	Published	"metadata"	Published
10.17917	24286923	Published	"metadata"	Published
10.17917	24313365	Published	"metadata"	Published
10.17917	24359551	Published	"metadata"	Published
10.17917	24566274	Published	"metadata"	Published
10.17917	24768630	Published	"metadata"	Published
10.17917	24821383	Published	"metadata"	Published
10.17917	24889266	Published	"metadata"	Published
10.17917	25316794	Published	"metadata"	Published
10.17917	25346581	Published	"metadata"	Published
10.17917	25482302	Published	"metadata"	Published
10.17917	25495128	Published	"metadata"	Published
10.17917	25883092	Published	"metadata"	Published
10.17917	26068094	Published	"metadata"	Published
10.17917	26171764	Published	"metadata"	Published
10.17917	26389971	Published	"metadata"	Published
10.17917	26462054	Published	"metadata"	Published
10.17917	26486165	Published	"metadata"	Published
10.17917	26503691	Published	"metadata"	Published
10.17917	26582898	Published	"metadata"	Published
10.17917	26587747	Published	"metadata"	Published
10.17917	26726919	Published	"metadata"	Published
10.17917	26770631	Published	"metadata"	Published
10.17917	26891067	Published	"metadata"	Published
10.17917	27125502	Published	"metadata"	Published
10.17917	27187807	Published	"metadata"	Published
10.17917	27315213	Published	"metadata"	Published
10.17917	27328933	Published	"metadata"	Published
10.17917	27357628	Published	"metadata"	Published
10.17917	27480598	Published	"metadata"	Published
10.17917	27697601	Published	"metadata"	Published
10.17917	27715146	Published	"metadata"	Published
10.17917	27893426	Published	"metadata"	Published
10.17917	28024156	Published	"metadata"	Published
10.17917	28059072	Published	"metadata"	Published
10.17917	28075552	Published	"metadata"	Published
10.17917	28144662	Published	"metadata"	Published
10.17917	28291391	Published	"metadata"	Published
10.17917	28699627	Published	"metadata"	Published
10.17917	28700898	Published	"metadata"	Published
10.17917	28823957	Published	"metadata"	Published
10.17917	28842313	Published	"metadata"	Published
10.17917	28945969	Published	"metadata"	Published
10.17917	28982587	Published	"metadata"	Published
10.17917	28990786	Published	"metadata"	Published
10.17917	29035540	Published	"metadata"	Published
10.17917	29120816	Published	"metadata"	Published
10.17917	29180759	Published	"metadata"	Published
10.17917	29348537	Published	"metadata"	Published
10.17917	29402549	Published	"metadata"	Published
10.17917	29424479	Published	"metadata"	Published
10.17917	29584656	Published	"metadata"	Published
10.17917	29715466	Published	"metadata"	Published
10.17917	30336364	Published	"metadata"	Published
10.17917	30399434	Published	"metadata"	Published
10.17917	30405155	Published	"metadata"	Published
10.17917	30525443	Published	"metadata"	Published
10.17917	30540482	Published	"metadata"	Published
10.17917	30576747	Published	"metadata"	Published
10.17917	30587558	Published	"metadata"	Published
10.17917	30692675	Published	"metadata"	Published
10.17917	30844224	Published	"metadata"	Published
10.17917	30880965	Published	"metadata"	Published
10.17917	30929529	Published	"metadata"	Published
10.17917	30954620	Published	"metadata"	Published
10.17917	31068463	Published	"metadata"	Published
10.17917	31258832	Published	"metadata"	Published
10.17917	31288064	Published	"metadata"	Published
10.17917	31299353	Published	"metadata"	Published
10.17917	31363965	Published	"metadata"	Published
10.17917	31407889	Published	"metadata"	Published
10.17917	31427721	Published	"metadata"	Published
10.17917	31451630	Published	"metadata"	Published
10.17917	31639541	Published	"metadata"	Published
10.17917	31686812	Published	"metadata"	Published
10.17917	31759123	Published	"metadata"	Published
10.17917	31833101	Published	"metadata"	Published
10.17917	31884393	Published	"metadata"	Published
10.17917	31939276	Published	"metadata"	Published
10.17917	31962094	Published	"metadata"	Published
10.17917	32080195	Published	"metadata"	Published
10.17917	32096520	Published	"metadata"	Published
10.17917	32200271	Published	"metadata"	Published
10.17917	32283210	Published	"metadata"	Published
10.17917	32338436	Published	"metadata"	Published
10.17917	32401486	Published	"metadata"	Published
10.17917	32431154	Published	"metadata"	Published
10.17917	32437125	Published	"metadata"	Published
10.17917	32562804	Published	"metadata"	Published
10.17917	32662625	Published	"metadata"	Published
10.17917	32776461	Published	"metadata"	Published
10.17917	32787186	Published	"metadata"	Published
10.17917	32832885	Published	"metadata"	Published
10.17917	32851808	Published	"metadata"	Published
10.17917	32902245	Published	"metadata"	Published
10.17917	32948680	Published	"metadata"	Published
10.17917	32992439	Published	"metadata"	Published
10.17917	33089613	Published	"metadata"	Published
10.17917	33172899	Published	"metadata"	Published
10.17917	33203928	Published	"metadata"	Published
10.17917	33218948	Published	"metadata"	Published
10.17917	33253966	Published	"metadata"	Published
10.17917	33306220	Published	"metadata"	Published
10.17917	33356128	Published	"metadata"	Published
10.17917	33392089	Published	"metadata"	Published
10.17917	33459315	Published	"metadata"	Published
10.17917	33650433	Published	"metadata"	Published
10.17917	33686169	Published	"metadata"	Published
10.17917	33774525	Published	"metadata"	Published
10.17917	33776614	Published	"metadata"	Published
10.17917	33870644	Published	"metadata"	Published
10.17917	33878237	Published	"metadata"	Published
10.17917	34079904	Published	"metadata"	Published
10.17917	34171279	Published	"metadata"	Published
10.17917	34278782	Published	"metadata"	Published
10.17917	34286581	Published	"metadata"	Published
10.17917	34319074	Published	"metadata"	Published
10.17917	34672138	Published	"metadata"	Published
10.17917	34761865	Published	"metadata"	Published
10.17917	34764452	Published	"metadata"	Published
10.17917	34793124	Published	"metadata"	Published
10.17917	34877715	Published	"metadata"	Published
10.17917	34940072	Published	"metadata"	Published
10.17917	34960867	Published	"metadata"	Published
10.17917	35006833	Published	"metadata"	Published
10.17917	35049651	Published	"metadata"	Published
10.17917	35097226	Published	"metadata"	Published
10.17917	35114075	Published	"metadata"	Published
10.17917	35223380	Published	"metadata"	Published
10.17917	35335886	Published	"metadata"	Published
10.17917	36137416	Published	"metadata"	Published
10.17917	36374799	Published	"metadata"	Published
10.17917	36897191	Published	"metadata"	Published
10.17917	37139430	Published	"metadata"	Published
10.17917	37255435	Published	"metadata"	Published
10.17917	37446151	Published	"metadata"	Published
10.17917	38012585	Published	"metadata"	Published
10.17917	38357279	Published	"metadata"	Published
10.17917	39526560	Published	"metadata"	Published
10.17917	39545091	Published	"metadata"	Published
10.17917	8757129	Published	"metadata"	Published
GC000001_caNanoLab _grodzinp@mail.nih.gov	10.17917	LeadsStudy	"metadata"	Leads_Study
phs001228_personnel1	phs001228	LeadsStudy	"metadata"	Leads_Study
person_1	phs001714	LeadsStudy	"metadata"	Leads_Study
personnel_1	phs001738	LeadsStudy	"metadata"	Leads_Study
person_2	phs001846	LeadsStudy	"metadata"	Leads_Study
phs004225_ASMohamed@mdanderson.org	phs004225	LeadsStudy	"metadata"	Leads_Study
phs004225_Adam.Flanders@jefferson.edu	phs004225	LeadsStudy	"metadata"	Leads_Study
phs004225_Madhavi.Patnana@mdanderson.org	phs004225	LeadsStudy	"metadata"	Leads_Study
phs004225_bartley-brown@uiowa.edu	phs004225	LeadsStudy	"metadata"	Leads_Study
phs004225_bje@mayo.edu	phs004225	LeadsStudy	"metadata"	Leads_Study
phs004225_buatti@livemail.uthscsa.edu	phs004225	LeadsStudy	"metadata"	Leads_Study
phs004225_daniel.barboriak@duke.edu	phs004225	LeadsStudy	"metadata"	Leads_Study
phs004225_evan.porter@beaumont.org	phs004225	LeadsStudy	"metadata"	Leads_Study
phs004225_grossber@ohsu.edu	phs004225	LeadsStudy	"metadata"	Leads_Study
phs004225_hmelhalawani@mdanderson.org	phs004225	LeadsStudy	"metadata"	Leads_Study
phs004225_huangwe@ohsu.edu	phs004225	LeadsStudy	"metadata"	Leads_Study
phs004225_john-buatti@uiowa.edu	phs004225	LeadsStudy	"metadata"	Leads_Study
phs004225_jyang4@mdanderson.org	phs004225	LeadsStudy	"metadata"	Leads_Study
phs004225_kalpathy@nmr.mgh.harvard.edu	phs004225	LeadsStudy	"metadata"	Leads_Study
phs004225_kathleen@mcw.edu	phs004225	LeadsStudy	"metadata"	Leads_Study
phs004225_kinahan@uw.edu	phs004225	LeadsStudy	"metadata"	Leads_Study
phs004225_kurmukovai@gmail.com	phs004225	LeadsStudy	"metadata"	Leads_Study
phs004225_lcoombs@acr.org	phs004225	LeadsStudy	"metadata"	Leads_Study
phs004225_leonard.wee@maastro.nl	phs004225	LeadsStudy	"metadata"	Leads_Study
phs004225_lisas@rad.hfh.edu	phs004225	LeadsStudy	"metadata"	Leads_Study
phs004225_loneyf@ohsu.edu	phs004225	LeadsStudy	"metadata"	Leads_Study
phs004225_martin.carrier-vallieres@mail.mcgill.ca; mart.vallieres@gmail.com	phs004225	LeadsStudy	"metadata"	Leads_Study
phs004225_mccollough.cynthia@mayo.edu	phs004225	LeadsStudy	"metadata"	Leads_Study
phs004225_mprah@mcw.edu	phs004225	LeadsStudy	"metadata"	Leads_Study
phs004225_muzi@uw.edu	phs004225	LeadsStudy	"metadata"	Leads_Study
phs004225_nameeta.shah@gmail.com	phs004225	LeadsStudy	"metadata"	Leads_Study
phs004225_nshusharina@mgh.harvard.edu	phs004225	LeadsStudy	"metadata"	Leads_Study
phs004225_rbpuchalski@gmail.com	phs004225	LeadsStudy	"metadata"	Leads_Study
phs004225_rdbadawi@ucdavis.edu	phs004225	LeadsStudy	"metadata"	Leads_Study
phs004225_rodriguezh@mail.nih.gov	phs004225	LeadsStudy	"metadata"	Leads_Study
phs004225_scepedac@saludcastillayleon.es	phs004225	LeadsStudy	"metadata"	Leads_Study
phs004225_scott.bratman@rmp.uhn.ca	phs004225	LeadsStudy	"metadata"	Leads_Study
phs004225_sergios.gatidis@med.uni-tuebingen.de	phs004225	LeadsStudy	"metadata"	Leads_Study
phs004225_tnetherton@mdanderson.org	phs004225	LeadsStudy	"metadata"	Leads_Study
phs004225_wang@ise.msstate.edu	phs004225	LeadsStudy	"metadata"	Leads_Study
phs004225_wbosch@radonc.wustl.edu	phs004225	LeadsStudy	"metadata"	Leads_Study
phs004225_wduggar@umc.edu	phs004225	LeadsStudy	"metadata"	Leads_Study
phs004225_wensha.yang@med.usc.edu	phs004225	LeadsStudy	"metadata"	Leads_Study
phs004225_zenklusj@mail.nih.gov	phs004225	LeadsStudy	"metadata"	Leads_Study
phs002371_image	HTA10_01	StudyHasDiagnosis	"clinical"	Study_Has_Diagnosis
phs002371_image	HTA10_02	StudyHasDiagnosis	"clinical"	Study_Has_Diagnosis
phs002371_image	HTA10_03	StudyHasDiagnosis	"clinical"	Study_Has_Diagnosis
phs002371_image	HTA10_04	StudyHasDiagnosis	"clinical"	Study_Has_Diagnosis
phs002371_image	HTA10_05	StudyHasDiagnosis	"clinical"	Study_Has_Diagnosis
phs002371_image	HTA10_06	StudyHasDiagnosis	"clinical"	Study_Has_Diagnosis
phs002371_image	HTA10_07	StudyHasDiagnosis	"clinical"	Study_Has_Diagnosis
phs002371_image	HTA10_11	StudyHasDiagnosis	"clinical"	Study_Has_Diagnosis
phs002371_image	HTA10_15	StudyHasDiagnosis	"clinical"	Study_Has_Diagnosis
phs002371_image	HTA10_16	StudyHasDiagnosis	"clinical"	Study_Has_Diagnosis
phs002371_image	HTA10_18	StudyHasDiagnosis	"clinical"	Study_Has_Diagnosis
phs002371_image	HTA10_20	StudyHasDiagnosis	"clinical"	Study_Has_Diagnosis
phs002371_image	HTA10_23	StudyHasDiagnosis	"clinical"	Study_Has_Diagnosis
phs002371_image	HTA10_29	StudyHasDiagnosis	"clinical"	Study_Has_Diagnosis
phs002371_image	HTA10_30	StudyHasDiagnosis	"clinical"	Study_Has_Diagnosis
phs002371_image	HTA10_33	StudyHasDiagnosis	"clinical"	Study_Has_Diagnosis
phs002371_image	HTA10_34	StudyHasDiagnosis	"clinical"	Study_Has_Diagnosis
phs002371_image	HTA10_35	StudyHasDiagnosis	"clinical"	Study_Has_Diagnosis
phs002371_image	HTA10_36	StudyHasDiagnosis	"clinical"	Study_Has_Diagnosis
phs002371_image	HTA10_37	StudyHasDiagnosis	"clinical"	Study_Has_Diagnosis
phs002371_image	HTA10_38	StudyHasDiagnosis	"clinical"	Study_Has_Diagnosis
phs002371_image	HTA10_39	StudyHasDiagnosis	"clinical"	Study_Has_Diagnosis
phs002371_image	HTA10_40	StudyHasDiagnosis	"clinical"	Study_Has_Diagnosis
phs002371_image	HTA11_1391	StudyHasDiagnosis	"clinical"	Study_Has_Diagnosis
phs002371_image	HTA11_1938	StudyHasDiagnosis	"clinical"	Study_Has_Diagnosis
phs002371_image	HTA11_2112	StudyHasDiagnosis	"clinical"	Study_Has_Diagnosis
phs002371_image	HTA11_2235	StudyHasDiagnosis	"clinical"	Study_Has_Diagnosis
phs002371_image	HTA11_2487	StudyHasDiagnosis	"clinical"	Study_Has_Diagnosis
phs002371_image	HTA11_2951	StudyHasDiagnosis	"clinical"	Study_Has_Diagnosis
phs002371_image	HTA11_3077	StudyHasDiagnosis	"clinical"	Study_Has_Diagnosis
phs002371_image	HTA11_3252	StudyHasDiagnosis	"clinical"	Study_Has_Diagnosis
phs002371_image	HTA11_3331	StudyHasDiagnosis	"clinical"	Study_Has_Diagnosis
phs002371_image	HTA11_3361	StudyHasDiagnosis	"clinical"	Study_Has_Diagnosis
phs002371_image	HTA11_3410	StudyHasDiagnosis	"clinical"	Study_Has_Diagnosis
phs002371_image	HTA11_347	StudyHasDiagnosis	"clinical"	Study_Has_Diagnosis
phs002371_image	HTA11_377	StudyHasDiagnosis	"clinical"	Study_Has_Diagnosis
phs002371_image	HTA11_392	StudyHasDiagnosis	"clinical"	Study_Has_Diagnosis
phs002371_image	HTA11_411	StudyHasDiagnosis	"clinical"	Study_Has_Diagnosis
phs002371_image	HTA11_4255	StudyHasDiagnosis	"clinical"	Study_Has_Diagnosis
phs002371_image	HTA11_4781	StudyHasDiagnosis	"clinical"	Study_Has_Diagnosis
phs002371_image	HTA11_4814	StudyHasDiagnosis	"clinical"	Study_Has_Diagnosis
phs002371_image	HTA11_5212	StudyHasDiagnosis	"clinical"	Study_Has_Diagnosis
phs002371_image	HTA11_5216	StudyHasDiagnosis	"clinical"	Study_Has_Diagnosis
phs002371_image	HTA11_5363	StudyHasDiagnosis	"clinical"	Study_Has_Diagnosis
phs002371_image	HTA11_546	StudyHasDiagnosis	"clinical"	Study_Has_Diagnosis
phs002371_image	HTA11_5994	StudyHasDiagnosis	"clinical"	Study_Has_Diagnosis
phs002371_image	HTA11_6025	StudyHasDiagnosis	"clinical"	Study_Has_Diagnosis
phs002371_image	HTA11_6134	StudyHasDiagnosis	"clinical"	Study_Has_Diagnosis
phs002371_image	HTA11_6147	StudyHasDiagnosis	"clinical"	Study_Has_Diagnosis
phs002371_image	HTA11_6310	StudyHasDiagnosis	"clinical"	Study_Has_Diagnosis
phs002371_image	HTA11_696	StudyHasDiagnosis	"clinical"	Study_Has_Diagnosis
phs002371_image	HTA11_83	StudyHasDiagnosis	"clinical"	Study_Has_Diagnosis
phs002371_image	HTA11_866	StudyHasDiagnosis	"clinical"	Study_Has_Diagnosis
phs002371_image	HTA12_1	StudyHasDiagnosis	"clinical"	Study_Has_Diagnosis
phs002371_image	HTA12_10	StudyHasDiagnosis	"clinical"	Study_Has_Diagnosis
phs002371_image	HTA12_11	StudyHasDiagnosis	"clinical"	Study_Has_Diagnosis
phs002371_image	HTA12_12	StudyHasDiagnosis	"clinical"	Study_Has_Diagnosis
phs002371_image	HTA12_129	StudyHasDiagnosis	"clinical"	Study_Has_Diagnosis
phs002371_image	HTA12_13	StudyHasDiagnosis	"clinical"	Study_Has_Diagnosis
phs002371_image	HTA12_135	StudyHasDiagnosis	"clinical"	Study_Has_Diagnosis
phs002371_image	HTA12_14	StudyHasDiagnosis	"clinical"	Study_Has_Diagnosis
phs002371_image	HTA12_142	StudyHasDiagnosis	"clinical"	Study_Has_Diagnosis
phs002371_image	HTA12_144	StudyHasDiagnosis	"clinical"	Study_Has_Diagnosis
phs002371_image	HTA12_145	StudyHasDiagnosis	"clinical"	Study_Has_Diagnosis
phs002371_image	HTA12_15	StudyHasDiagnosis	"clinical"	Study_Has_Diagnosis
phs002371_image	HTA12_16	StudyHasDiagnosis	"clinical"	Study_Has_Diagnosis
phs002371_image	HTA12_17	StudyHasDiagnosis	"clinical"	Study_Has_Diagnosis
phs002371_image	HTA12_18	StudyHasDiagnosis	"clinical"	Study_Has_Diagnosis
phs002371_image	HTA12_19	StudyHasDiagnosis	"clinical"	Study_Has_Diagnosis
phs002371_image	HTA12_2	StudyHasDiagnosis	"clinical"	Study_Has_Diagnosis
phs002371_image	HTA12_20	StudyHasDiagnosis	"clinical"	Study_Has_Diagnosis
phs002371_image	HTA12_21	StudyHasDiagnosis	"clinical"	Study_Has_Diagnosis
phs002371_image	HTA12_243	StudyHasDiagnosis	"clinical"	Study_Has_Diagnosis
phs002371_image	HTA12_245	StudyHasDiagnosis	"clinical"	Study_Has_Diagnosis
phs002371_image	HTA12_248	StudyHasDiagnosis	"clinical"	Study_Has_Diagnosis
phs002371_image	HTA12_249	StudyHasDiagnosis	"clinical"	Study_Has_Diagnosis
phs002371_image	HTA12_250	StudyHasDiagnosis	"clinical"	Study_Has_Diagnosis
phs002371_image	HTA12_251	StudyHasDiagnosis	"clinical"	Study_Has_Diagnosis
phs002371_image	HTA12_253	StudyHasDiagnosis	"clinical"	Study_Has_Diagnosis
phs002371_image	HTA12_254	StudyHasDiagnosis	"clinical"	Study_Has_Diagnosis
phs002371_image	HTA12_255	StudyHasDiagnosis	"clinical"	Study_Has_Diagnosis
phs002371_image	HTA12_256	StudyHasDiagnosis	"clinical"	Study_Has_Diagnosis
phs002371_image	HTA12_262	StudyHasDiagnosis	"clinical"	Study_Has_Diagnosis
phs002371_image	HTA12_263	StudyHasDiagnosis	"clinical"	Study_Has_Diagnosis
phs002371_image	HTA12_269	StudyHasDiagnosis	"clinical"	Study_Has_Diagnosis
phs002371_image	HTA12_273	StudyHasDiagnosis	"clinical"	Study_Has_Diagnosis
phs002371_image	HTA12_276	StudyHasDiagnosis	"clinical"	Study_Has_Diagnosis
phs002371_image	HTA12_279	StudyHasDiagnosis	"clinical"	Study_Has_Diagnosis
phs002371_image	HTA12_280	StudyHasDiagnosis	"clinical"	Study_Has_Diagnosis
phs002371_image	HTA12_3	StudyHasDiagnosis	"clinical"	Study_Has_Diagnosis
phs002371_image	HTA12_4	StudyHasDiagnosis	"clinical"	Study_Has_Diagnosis
phs002371_image	HTA12_5	StudyHasDiagnosis	"clinical"	Study_Has_Diagnosis
phs002371_image	HTA12_51	StudyHasDiagnosis	"clinical"	Study_Has_Diagnosis
phs002371_image	HTA12_6	StudyHasDiagnosis	"clinical"	Study_Has_Diagnosis
phs002371_image	HTA12_7	StudyHasDiagnosis	"clinical"	Study_Has_Diagnosis
phs002371_image	HTA12_8	StudyHasDiagnosis	"clinical"	Study_Has_Diagnosis
phs002371_image	HTA12_9	StudyHasDiagnosis	"clinical"	Study_Has_Diagnosis
phs002371_image	HTA13_1	StudyHasDiagnosis	"clinical"	Study_Has_Diagnosis
phs002371_image	HTA13_2	StudyHasDiagnosis	"clinical"	Study_Has_Diagnosis
phs002371_image	HTA14_1	StudyHasDiagnosis	"clinical"	Study_Has_Diagnosis
phs002371_image	HTA14_10	StudyHasDiagnosis	"clinical"	Study_Has_Diagnosis
phs002371_image	HTA14_11	StudyHasDiagnosis	"clinical"	Study_Has_Diagnosis
phs002371_image	HTA14_12	StudyHasDiagnosis	"clinical"	Study_Has_Diagnosis
phs002371_image	HTA14_13	StudyHasDiagnosis	"clinical"	Study_Has_Diagnosis
phs002371_image	HTA14_14	StudyHasDiagnosis	"clinical"	Study_Has_Diagnosis
phs002371_image	HTA14_15	StudyHasDiagnosis	"clinical"	Study_Has_Diagnosis
phs002371_image	HTA14_16	StudyHasDiagnosis	"clinical"	Study_Has_Diagnosis
phs002371_image	HTA14_17	StudyHasDiagnosis	"clinical"	Study_Has_Diagnosis
phs002371_image	HTA14_18	StudyHasDiagnosis	"clinical"	Study_Has_Diagnosis
phs002371_image	HTA14_19	StudyHasDiagnosis	"clinical"	Study_Has_Diagnosis
phs002371_image	HTA14_2	StudyHasDiagnosis	"clinical"	Study_Has_Diagnosis
phs002371_image	HTA14_20	StudyHasDiagnosis	"clinical"	Study_Has_Diagnosis
phs002371_image	HTA14_21	StudyHasDiagnosis	"clinical"	Study_Has_Diagnosis
phs002371_image	HTA14_22	StudyHasDiagnosis	"clinical"	Study_Has_Diagnosis
phs002371_image	HTA14_23	StudyHasDiagnosis	"clinical"	Study_Has_Diagnosis
phs002371_image	HTA14_24	StudyHasDiagnosis	"clinical"	Study_Has_Diagnosis
phs002371_image	HTA14_25	StudyHasDiagnosis	"clinical"	Study_Has_Diagnosis
phs002371_image	HTA14_26	StudyHasDiagnosis	"clinical"	Study_Has_Diagnosis
phs002371_image	HTA14_27	StudyHasDiagnosis	"clinical"	Study_Has_Diagnosis
phs002371_image	HTA14_28	StudyHasDiagnosis	"clinical"	Study_Has_Diagnosis
phs002371_image	HTA14_29	StudyHasDiagnosis	"clinical"	Study_Has_Diagnosis
phs002371_image	HTA14_3	StudyHasDiagnosis	"clinical"	Study_Has_Diagnosis
phs002371_image	HTA14_30	StudyHasDiagnosis	"clinical"	Study_Has_Diagnosis
phs002371_image	HTA14_31	StudyHasDiagnosis	"clinical"	Study_Has_Diagnosis
phs002371_image	HTA14_32	StudyHasDiagnosis	"clinical"	Study_Has_Diagnosis
phs002371_image	HTA14_33	StudyHasDiagnosis	"clinical"	Study_Has_Diagnosis
phs002371_image	HTA14_34	StudyHasDiagnosis	"clinical"	Study_Has_Diagnosis
phs002371_image	HTA14_35	StudyHasDiagnosis	"clinical"	Study_Has_Diagnosis
phs002371_image	HTA14_36	StudyHasDiagnosis	"clinical"	Study_Has_Diagnosis
phs002371_image	HTA14_37	StudyHasDiagnosis	"clinical"	Study_Has_Diagnosis
phs002371_image	HTA14_38	StudyHasDiagnosis	"clinical"	Study_Has_Diagnosis
phs002371_image	HTA14_39	StudyHasDiagnosis	"clinical"	Study_Has_Diagnosis
phs002371_image	HTA14_4	StudyHasDiagnosis	"clinical"	Study_Has_Diagnosis
phs002371_image	HTA14_40	StudyHasDiagnosis	"clinical"	Study_Has_Diagnosis
phs002371_image	HTA14_41	StudyHasDiagnosis	"clinical"	Study_Has_Diagnosis
phs002371_image	HTA14_42	StudyHasDiagnosis	"clinical"	Study_Has_Diagnosis
phs002371_image	HTA14_43	StudyHasDiagnosis	"clinical"	Study_Has_Diagnosis
phs002371_image	HTA14_44	StudyHasDiagnosis	"clinical"	Study_Has_Diagnosis
phs002371_image	HTA14_45	StudyHasDiagnosis	"clinical"	Study_Has_Diagnosis
phs002371_image	HTA14_46	StudyHasDiagnosis	"clinical"	Study_Has_Diagnosis
phs002371_image	HTA14_47	StudyHasDiagnosis	"clinical"	Study_Has_Diagnosis
phs002371_image	HTA14_48	StudyHasDiagnosis	"clinical"	Study_Has_Diagnosis
phs002371_image	HTA14_49	StudyHasDiagnosis	"clinical"	Study_Has_Diagnosis
phs002371_image	HTA14_5	StudyHasDiagnosis	"clinical"	Study_Has_Diagnosis
phs002371_image	HTA14_50	StudyHasDiagnosis	"clinical"	Study_Has_Diagnosis
phs002371_image	HTA14_51	StudyHasDiagnosis	"clinical"	Study_Has_Diagnosis
phs002371_image	HTA14_6	StudyHasDiagnosis	"clinical"	Study_Has_Diagnosis
phs002371_image	HTA14_7	StudyHasDiagnosis	"clinical"	Study_Has_Diagnosis
phs002371_image	HTA14_8	StudyHasDiagnosis	"clinical"	Study_Has_Diagnosis
phs002371_image	HTA14_9	StudyHasDiagnosis	"clinical"	Study_Has_Diagnosis
phs002371_image	HTA15_100001	StudyHasDiagnosis	"clinical"	Study_Has_Diagnosis
phs002371_image	HTA15_100002	StudyHasDiagnosis	"clinical"	Study_Has_Diagnosis
phs002371_image	HTA15_100003	StudyHasDiagnosis	"clinical"	Study_Has_Diagnosis
phs002371_image	HTA15_100004	StudyHasDiagnosis	"clinical"	Study_Has_Diagnosis
phs002371_image	HTA15_30001	StudyHasDiagnosis	"clinical"	Study_Has_Diagnosis
phs002371_image	HTA15_30002	StudyHasDiagnosis	"clinical"	Study_Has_Diagnosis
phs002371_image	HTA15_30005	StudyHasDiagnosis	"clinical"	Study_Has_Diagnosis
phs002371_image	HTA15_30007	StudyHasDiagnosis	"clinical"	Study_Has_Diagnosis
phs002371_image	HTA15_51430	StudyHasDiagnosis	"clinical"	Study_Has_Diagnosis
phs002371_image	HTA15_51477	StudyHasDiagnosis	"clinical"	Study_Has_Diagnosis
phs002371_image	HTA15_51484	StudyHasDiagnosis	"clinical"	Study_Has_Diagnosis
phs002371_image	HTA15_51703	StudyHasDiagnosis	"clinical"	Study_Has_Diagnosis
phs002371_image	HTA15_51716	StudyHasDiagnosis	"clinical"	Study_Has_Diagnosis
phs002371_image	HTA15_51748	StudyHasDiagnosis	"clinical"	Study_Has_Diagnosis
phs002371_image	HTA15_51833	StudyHasDiagnosis	"clinical"	Study_Has_Diagnosis
phs002371_image	HTA15_51883	StudyHasDiagnosis	"clinical"	Study_Has_Diagnosis
phs002371_image	HTA1_102	StudyHasDiagnosis	"clinical"	Study_Has_Diagnosis
phs002371_image	HTA1_116	StudyHasDiagnosis	"clinical"	Study_Has_Diagnosis
phs002371_image	HTA1_120	StudyHasDiagnosis	"clinical"	Study_Has_Diagnosis
phs002371_image	HTA1_125	StudyHasDiagnosis	"clinical"	Study_Has_Diagnosis
phs002371_image	HTA1_130	StudyHasDiagnosis	"clinical"	Study_Has_Diagnosis
phs002371_image	HTA1_136	StudyHasDiagnosis	"clinical"	Study_Has_Diagnosis
phs002371_image	HTA1_141	StudyHasDiagnosis	"clinical"	Study_Has_Diagnosis
phs002371_image	HTA1_148	StudyHasDiagnosis	"clinical"	Study_Has_Diagnosis
phs002371_image	HTA1_204	StudyHasDiagnosis	"clinical"	Study_Has_Diagnosis
phs002371_image	HTA1_213	StudyHasDiagnosis	"clinical"	Study_Has_Diagnosis
phs002371_image	HTA1_225	StudyHasDiagnosis	"clinical"	Study_Has_Diagnosis
phs002371_image	HTA1_254	StudyHasDiagnosis	"clinical"	Study_Has_Diagnosis
phs002371_image	HTA1_313	StudyHasDiagnosis	"clinical"	Study_Has_Diagnosis
phs002371_image	HTA1_330	StudyHasDiagnosis	"clinical"	Study_Has_Diagnosis
phs002371_image	HTA1_364	StudyHasDiagnosis	"clinical"	Study_Has_Diagnosis
phs002371_image	HTA1_514	StudyHasDiagnosis	"clinical"	Study_Has_Diagnosis
phs002371_image	HTA1_516	StudyHasDiagnosis	"clinical"	Study_Has_Diagnosis
phs002371_image	HTA1_519	StudyHasDiagnosis	"clinical"	Study_Has_Diagnosis
phs002371_image	HTA1_562	StudyHasDiagnosis	"clinical"	Study_Has_Diagnosis
phs002371_image	HTA1_656	StudyHasDiagnosis	"clinical"	Study_Has_Diagnosis
phs002371_image	HTA1_672	StudyHasDiagnosis	"clinical"	Study_Has_Diagnosis
phs002371_image	HTA1_752	StudyHasDiagnosis	"clinical"	Study_Has_Diagnosis
phs002371_image	HTA1_783	StudyHasDiagnosis	"clinical"	Study_Has_Diagnosis
phs002371_image	HTA1_812	StudyHasDiagnosis	"clinical"	Study_Has_Diagnosis
phs002371_image	HTA1_853	StudyHasDiagnosis	"clinical"	Study_Has_Diagnosis
phs002371_image	HTA1_870	StudyHasDiagnosis	"clinical"	Study_Has_Diagnosis
phs002371_image	HTA1_878	StudyHasDiagnosis	"clinical"	Study_Has_Diagnosis
phs002371_image	HTA1_880	StudyHasDiagnosis	"clinical"	Study_Has_Diagnosis
phs002371_image	HTA1_890	StudyHasDiagnosis	"clinical"	Study_Has_Diagnosis
phs002371_image	HTA1_917	StudyHasDiagnosis	"clinical"	Study_Has_Diagnosis
phs002371_image	HTA1_944	StudyHasDiagnosis	"clinical"	Study_Has_Diagnosis
phs002371_image	HTA1_982	StudyHasDiagnosis	"clinical"	Study_Has_Diagnosis
phs002371_image	HTA1_997	StudyHasDiagnosis	"clinical"	Study_Has_Diagnosis
phs002371_image	HTA3_0001	StudyHasDiagnosis	"clinical"	Study_Has_Diagnosis
phs002371_image	HTA3_0002	StudyHasDiagnosis	"clinical"	Study_Has_Diagnosis
phs002371_image	HTA3_0003	StudyHasDiagnosis	"clinical"	Study_Has_Diagnosis
phs002371_image	HTA3_0004	StudyHasDiagnosis	"clinical"	Study_Has_Diagnosis
phs002371_image	HTA3_0005	StudyHasDiagnosis	"clinical"	Study_Has_Diagnosis
phs002371_image	HTA3_0006	StudyHasDiagnosis	"clinical"	Study_Has_Diagnosis
phs002371_image	HTA3_0007	StudyHasDiagnosis	"clinical"	Study_Has_Diagnosis
phs002371_image	HTA3_0008	StudyHasDiagnosis	"clinical"	Study_Has_Diagnosis
phs002371_image	HTA3_0009	StudyHasDiagnosis	"clinical"	Study_Has_Diagnosis
phs002371_image	HTA3_0010	StudyHasDiagnosis	"clinical"	Study_Has_Diagnosis
phs002371_image	HTA3_0011	StudyHasDiagnosis	"clinical"	Study_Has_Diagnosis
phs002371_image	HTA3_0012	StudyHasDiagnosis	"clinical"	Study_Has_Diagnosis
phs002371_image	HTA3_0014	StudyHasDiagnosis	"clinical"	Study_Has_Diagnosis
phs002371_image	HTA3_0015	StudyHasDiagnosis	"clinical"	Study_Has_Diagnosis
phs002371_image	HTA3_0016	StudyHasDiagnosis	"clinical"	Study_Has_Diagnosis
phs002371_image	HTA3_0017	StudyHasDiagnosis	"clinical"	Study_Has_Diagnosis
phs002371_image	HTA3_0018	StudyHasDiagnosis	"clinical"	Study_Has_Diagnosis
phs002371_image	HTA3_0020	StudyHasDiagnosis	"clinical"	Study_Has_Diagnosis
phs002371_image	HTA3_0021	StudyHasDiagnosis	"clinical"	Study_Has_Diagnosis
phs002371_image	HTA3_0022	StudyHasDiagnosis	"clinical"	Study_Has_Diagnosis
phs002371_image	HTA3_0023	StudyHasDiagnosis	"clinical"	Study_Has_Diagnosis
phs002371_image	HTA3_0024	StudyHasDiagnosis	"clinical"	Study_Has_Diagnosis
phs002371_image	HTA3_0025	StudyHasDiagnosis	"clinical"	Study_Has_Diagnosis
phs002371_image	HTA3_0026	StudyHasDiagnosis	"clinical"	Study_Has_Diagnosis
phs002371_image	HTA3_0027	StudyHasDiagnosis	"clinical"	Study_Has_Diagnosis
phs002371_image	HTA3_0028	StudyHasDiagnosis	"clinical"	Study_Has_Diagnosis
phs002371_image	HTA3_0029	StudyHasDiagnosis	"clinical"	Study_Has_Diagnosis
phs002371_image	HTA3_0030	StudyHasDiagnosis	"clinical"	Study_Has_Diagnosis
phs002371_image	HTA3_0031	StudyHasDiagnosis	"clinical"	Study_Has_Diagnosis
phs002371_image	HTA3_0032	StudyHasDiagnosis	"clinical"	Study_Has_Diagnosis
phs002371_image	HTA3_0033	StudyHasDiagnosis	"clinical"	Study_Has_Diagnosis
phs002371_image	HTA3_0034	StudyHasDiagnosis	"clinical"	Study_Has_Diagnosis
phs002371_image	HTA3_0035	StudyHasDiagnosis	"clinical"	Study_Has_Diagnosis
phs002371_image	HTA3_0036	StudyHasDiagnosis	"clinical"	Study_Has_Diagnosis
phs002371_image	HTA3_0037	StudyHasDiagnosis	"clinical"	Study_Has_Diagnosis
phs002371_image	HTA3_0038	StudyHasDiagnosis	"clinical"	Study_Has_Diagnosis
phs002371_image	HTA3_0039	StudyHasDiagnosis	"clinical"	Study_Has_Diagnosis
phs002371_image	HTA3_0040	StudyHasDiagnosis	"clinical"	Study_Has_Diagnosis
phs002371_image	HTA3_0041	StudyHasDiagnosis	"clinical"	Study_Has_Diagnosis
phs002371_image	HTA3_0042	StudyHasDiagnosis	"clinical"	Study_Has_Diagnosis
phs002371_image	HTA3_0043	StudyHasDiagnosis	"clinical"	Study_Has_Diagnosis
phs002371_image	HTA3_0044	StudyHasDiagnosis	"clinical"	Study_Has_Diagnosis
phs002371_image	HTA3_0045	StudyHasDiagnosis	"clinical"	Study_Has_Diagnosis
phs002371_image	HTA3_0046	StudyHasDiagnosis	"clinical"	Study_Has_Diagnosis
phs002371_image	HTA3_0047	StudyHasDiagnosis	"clinical"	Study_Has_Diagnosis
phs002371_image	HTA3_0048	StudyHasDiagnosis	"clinical"	Study_Has_Diagnosis
phs002371_image	HTA3_0049	StudyHasDiagnosis	"clinical"	Study_Has_Diagnosis
phs002371_image	HTA3_0050	StudyHasDiagnosis	"clinical"	Study_Has_Diagnosis
phs002371_image	HTA3_0051	StudyHasDiagnosis	"clinical"	Study_Has_Diagnosis
phs002371_image	HTA3_0052	StudyHasDiagnosis	"clinical"	Study_Has_Diagnosis
phs002371_image	HTA4_2003	StudyHasDiagnosis	"clinical"	Study_Has_Diagnosis
phs002371_image	HTA4_2004	StudyHasDiagnosis	"clinical"	Study_Has_Diagnosis
phs002371_image	HTA4_2005	StudyHasDiagnosis	"clinical"	Study_Has_Diagnosis
phs002371_image	HTA4_2007	StudyHasDiagnosis	"clinical"	Study_Has_Diagnosis
phs002371_image	HTA4_2008	StudyHasDiagnosis	"clinical"	Study_Has_Diagnosis
phs002371_image	HTA4_2011	StudyHasDiagnosis	"clinical"	Study_Has_Diagnosis
phs002371_image	HTA4_2013	StudyHasDiagnosis	"clinical"	Study_Has_Diagnosis
phs002371_image	HTA5_1109	StudyHasDiagnosis	"clinical"	Study_Has_Diagnosis
phs002371_image	HTA5_1147	StudyHasDiagnosis	"clinical"	Study_Has_Diagnosis
phs002371_image	HTA5_1156	StudyHasDiagnosis	"clinical"	Study_Has_Diagnosis
phs002371_image	HTA5_1180	StudyHasDiagnosis	"clinical"	Study_Has_Diagnosis
phs002371_image	HTA5_1307	StudyHasDiagnosis	"clinical"	Study_Has_Diagnosis
phs002371_image	HTA5_1343	StudyHasDiagnosis	"clinical"	Study_Has_Diagnosis
phs002371_image	HTA5_1344	StudyHasDiagnosis	"clinical"	Study_Has_Diagnosis
phs002371_image	HTA5_1348	StudyHasDiagnosis	"clinical"	Study_Has_Diagnosis
phs002371_image	HTA5_1361	StudyHasDiagnosis	"clinical"	Study_Has_Diagnosis
phs002371_image	HTA5_1375	StudyHasDiagnosis	"clinical"	Study_Has_Diagnosis
phs002371_image	HTA5_1416	StudyHasDiagnosis	"clinical"	Study_Has_Diagnosis
phs002371_image	HTA5_1430	StudyHasDiagnosis	"clinical"	Study_Has_Diagnosis
phs002371_image	HTA5_1457	StudyHasDiagnosis	"clinical"	Study_Has_Diagnosis
phs002371_image	HTA5_1475	StudyHasDiagnosis	"clinical"	Study_Has_Diagnosis
phs002371_image	HTA5_1587	StudyHasDiagnosis	"clinical"	Study_Has_Diagnosis
phs002371_image	HTA5_1589	StudyHasDiagnosis	"clinical"	Study_Has_Diagnosis
phs002371_image	HTA5_1590	StudyHasDiagnosis	"clinical"	Study_Has_Diagnosis
phs002371_image	HTA5_1627	StudyHasDiagnosis	"clinical"	Study_Has_Diagnosis
phs002371_image	HTA5_1664	StudyHasDiagnosis	"clinical"	Study_Has_Diagnosis
phs002371_image	HTA5_1703	StudyHasDiagnosis	"clinical"	Study_Has_Diagnosis
phs002371_image	HTA5_1733	StudyHasDiagnosis	"clinical"	Study_Has_Diagnosis
phs002371_image	HTA5_1753	StudyHasDiagnosis	"clinical"	Study_Has_Diagnosis
phs002371_image	HTA5_1789	StudyHasDiagnosis	"clinical"	Study_Has_Diagnosis
phs002371_image	HTA5_1791	StudyHasDiagnosis	"clinical"	Study_Has_Diagnosis
phs002371_image	HTA5_1792	StudyHasDiagnosis	"clinical"	Study_Has_Diagnosis
phs002371_image	HTA5_1794	StudyHasDiagnosis	"clinical"	Study_Has_Diagnosis
phs002371_image	HTA5_1805	StudyHasDiagnosis	"clinical"	Study_Has_Diagnosis
phs002371_image	HTA5_1843	StudyHasDiagnosis	"clinical"	Study_Has_Diagnosis
phs002371_image	HTA5_1847	StudyHasDiagnosis	"clinical"	Study_Has_Diagnosis
phs002371_image	HTA5_1853	StudyHasDiagnosis	"clinical"	Study_Has_Diagnosis
phs002371_image	HTA5_1865	StudyHasDiagnosis	"clinical"	Study_Has_Diagnosis
phs002371_image	HTA5_1866	StudyHasDiagnosis	"clinical"	Study_Has_Diagnosis
phs002371_image	HTA5_1872	StudyHasDiagnosis	"clinical"	Study_Has_Diagnosis
phs002371_image	HTA5_1876	StudyHasDiagnosis	"clinical"	Study_Has_Diagnosis
phs002371_image	HTA5_1904	StudyHasDiagnosis	"clinical"	Study_Has_Diagnosis
phs002371_image	HTA5_1939	StudyHasDiagnosis	"clinical"	Study_Has_Diagnosis
phs002371_image	HTA5_1942	StudyHasDiagnosis	"clinical"	Study_Has_Diagnosis
phs002371_image	HTA5_1957	StudyHasDiagnosis	"clinical"	Study_Has_Diagnosis
phs002371_image	HTA6_1	StudyHasDiagnosis	"clinical"	Study_Has_Diagnosis
phs002371_image	HTA6_10	StudyHasDiagnosis	"clinical"	Study_Has_Diagnosis
phs002371_image	HTA6_100	StudyHasDiagnosis	"clinical"	Study_Has_Diagnosis
phs002371_image	HTA6_1000	StudyHasDiagnosis	"clinical"	Study_Has_Diagnosis
phs002371_image	HTA6_1001	StudyHasDiagnosis	"clinical"	Study_Has_Diagnosis
phs002371_image	HTA6_1002	StudyHasDiagnosis	"clinical"	Study_Has_Diagnosis
phs002371_image	HTA6_1003	StudyHasDiagnosis	"clinical"	Study_Has_Diagnosis
phs002371_image	HTA6_1004	StudyHasDiagnosis	"clinical"	Study_Has_Diagnosis
phs002371_image	HTA6_1005	StudyHasDiagnosis	"clinical"	Study_Has_Diagnosis
phs002371_image	HTA6_1006	StudyHasDiagnosis	"clinical"	Study_Has_Diagnosis
phs002371_image	HTA6_1007	StudyHasDiagnosis	"clinical"	Study_Has_Diagnosis
phs002371_image	HTA6_1008	StudyHasDiagnosis	"clinical"	Study_Has_Diagnosis
phs002371_image	HTA6_1009	StudyHasDiagnosis	"clinical"	Study_Has_Diagnosis
phs002371_image	HTA6_101	StudyHasDiagnosis	"clinical"	Study_Has_Diagnosis
phs002371_image	HTA6_1010	StudyHasDiagnosis	"clinical"	Study_Has_Diagnosis
phs002371_image	HTA6_1011	StudyHasDiagnosis	"clinical"	Study_Has_Diagnosis
phs002371_image	HTA6_1012	StudyHasDiagnosis	"clinical"	Study_Has_Diagnosis
phs002371_image	HTA6_1013	StudyHasDiagnosis	"clinical"	Study_Has_Diagnosis
phs002371_image	HTA6_1014	StudyHasDiagnosis	"clinical"	Study_Has_Diagnosis
phs002371_image	HTA6_1015	StudyHasDiagnosis	"clinical"	Study_Has_Diagnosis
phs002371_image	HTA6_1016	StudyHasDiagnosis	"clinical"	Study_Has_Diagnosis
phs002371_image	HTA6_1017	StudyHasDiagnosis	"clinical"	Study_Has_Diagnosis
phs002371_image	HTA6_1018	StudyHasDiagnosis	"clinical"	Study_Has_Diagnosis
phs002371_image	HTA6_1019	StudyHasDiagnosis	"clinical"	Study_Has_Diagnosis
phs002371_image	HTA6_102	StudyHasDiagnosis	"clinical"	Study_Has_Diagnosis
phs002371_image	HTA6_1020	StudyHasDiagnosis	"clinical"	Study_Has_Diagnosis
phs002371_image	HTA6_1021	StudyHasDiagnosis	"clinical"	Study_Has_Diagnosis
phs002371_image	HTA6_1022	StudyHasDiagnosis	"clinical"	Study_Has_Diagnosis
phs002371_image	HTA6_1023	StudyHasDiagnosis	"clinical"	Study_Has_Diagnosis
phs002371_image	HTA6_1024	StudyHasDiagnosis	"clinical"	Study_Has_Diagnosis
phs002371_image	HTA6_1025	StudyHasDiagnosis	"clinical"	Study_Has_Diagnosis
phs002371_image	HTA6_1026	StudyHasDiagnosis	"clinical"	Study_Has_Diagnosis
phs002371_image	HTA6_1027	StudyHasDiagnosis	"clinical"	Study_Has_Diagnosis
phs002371_image	HTA6_1028	StudyHasDiagnosis	"clinical"	Study_Has_Diagnosis
phs002371_image	HTA6_1029	StudyHasDiagnosis	"clinical"	Study_Has_Diagnosis
phs002371_image	HTA6_103	StudyHasDiagnosis	"clinical"	Study_Has_Diagnosis
phs002371_image	HTA6_1030	StudyHasDiagnosis	"clinical"	Study_Has_Diagnosis
phs002371_image	HTA6_1031	StudyHasDiagnosis	"clinical"	Study_Has_Diagnosis
phs002371_image	HTA6_1032	StudyHasDiagnosis	"clinical"	Study_Has_Diagnosis
phs002371_image	HTA6_1033	StudyHasDiagnosis	"clinical"	Study_Has_Diagnosis
phs002371_image	HTA6_1034	StudyHasDiagnosis	"clinical"	Study_Has_Diagnosis
phs002371_image	HTA6_1035	StudyHasDiagnosis	"clinical"	Study_Has_Diagnosis
phs002371_image	HTA6_1036	StudyHasDiagnosis	"clinical"	Study_Has_Diagnosis
phs002371_image	HTA6_1037	StudyHasDiagnosis	"clinical"	Study_Has_Diagnosis
phs002371_image	HTA6_1038	StudyHasDiagnosis	"clinical"	Study_Has_Diagnosis
phs002371_image	HTA6_1039	StudyHasDiagnosis	"clinical"	Study_Has_Diagnosis
phs002371_image	HTA6_104	StudyHasDiagnosis	"clinical"	Study_Has_Diagnosis
phs002371_image	HTA6_1040	StudyHasDiagnosis	"clinical"	Study_Has_Diagnosis
phs002371_image	HTA6_1041	StudyHasDiagnosis	"clinical"	Study_Has_Diagnosis
phs002371_image	HTA6_1042	StudyHasDiagnosis	"clinical"	Study_Has_Diagnosis
phs002371_image	HTA6_1043	StudyHasDiagnosis	"clinical"	Study_Has_Diagnosis
phs002371_image	HTA6_1044	StudyHasDiagnosis	"clinical"	Study_Has_Diagnosis
phs002371_image	HTA6_1045	StudyHasDiagnosis	"clinical"	Study_Has_Diagnosis
phs002371_image	HTA6_1046	StudyHasDiagnosis	"clinical"	Study_Has_Diagnosis
phs002371_image	HTA6_1047	StudyHasDiagnosis	"clinical"	Study_Has_Diagnosis
phs002371_image	HTA6_1048	StudyHasDiagnosis	"clinical"	Study_Has_Diagnosis
phs002371_image	HTA6_1049	StudyHasDiagnosis	"clinical"	Study_Has_Diagnosis
phs002371_image	HTA6_105	StudyHasDiagnosis	"clinical"	Study_Has_Diagnosis
phs002371_image	HTA6_1050	StudyHasDiagnosis	"clinical"	Study_Has_Diagnosis
phs002371_image	HTA6_1051	StudyHasDiagnosis	"clinical"	Study_Has_Diagnosis
phs002371_image	HTA6_1052	StudyHasDiagnosis	"clinical"	Study_Has_Diagnosis
phs002371_image	HTA6_1053	StudyHasDiagnosis	"clinical"	Study_Has_Diagnosis
phs002371_image	HTA6_1054	StudyHasDiagnosis	"clinical"	Study_Has_Diagnosis
phs002371_image	HTA6_1055	StudyHasDiagnosis	"clinical"	Study_Has_Diagnosis
phs002371_image	HTA6_1056	StudyHasDiagnosis	"clinical"	Study_Has_Diagnosis
phs002371_image	HTA6_1057	StudyHasDiagnosis	"clinical"	Study_Has_Diagnosis
phs002371_image	HTA6_1058	StudyHasDiagnosis	"clinical"	Study_Has_Diagnosis
phs002371_image	HTA6_1059	StudyHasDiagnosis	"clinical"	Study_Has_Diagnosis
phs002371_image	HTA6_106	StudyHasDiagnosis	"clinical"	Study_Has_Diagnosis
phs002371_image	HTA6_1060	StudyHasDiagnosis	"clinical"	Study_Has_Diagnosis
phs002371_image	HTA6_1061	StudyHasDiagnosis	"clinical"	Study_Has_Diagnosis
phs002371_image	HTA6_1062	StudyHasDiagnosis	"clinical"	Study_Has_Diagnosis
phs002371_image	HTA6_1063	StudyHasDiagnosis	"clinical"	Study_Has_Diagnosis
phs002371_image	HTA6_1064	StudyHasDiagnosis	"clinical"	Study_Has_Diagnosis
phs002371_image	HTA6_1065	StudyHasDiagnosis	"clinical"	Study_Has_Diagnosis
phs002371_image	HTA6_1066	StudyHasDiagnosis	"clinical"	Study_Has_Diagnosis
phs002371_image	HTA6_1067	StudyHasDiagnosis	"clinical"	Study_Has_Diagnosis
phs002371_image	HTA6_1068	StudyHasDiagnosis	"clinical"	Study_Has_Diagnosis
phs002371_image	HTA6_1069	StudyHasDiagnosis	"clinical"	Study_Has_Diagnosis
phs002371_image	HTA6_107	StudyHasDiagnosis	"clinical"	Study_Has_Diagnosis
phs002371_image	HTA6_1070	StudyHasDiagnosis	"clinical"	Study_Has_Diagnosis
phs002371_image	HTA6_1071	StudyHasDiagnosis	"clinical"	Study_Has_Diagnosis
phs002371_image	HTA6_1072	StudyHasDiagnosis	"clinical"	Study_Has_Diagnosis
phs002371_image	HTA6_1073	StudyHasDiagnosis	"clinical"	Study_Has_Diagnosis
phs002371_image	HTA6_1074	StudyHasDiagnosis	"clinical"	Study_Has_Diagnosis
phs002371_image	HTA6_1075	StudyHasDiagnosis	"clinical"	Study_Has_Diagnosis
phs002371_image	HTA6_1076	StudyHasDiagnosis	"clinical"	Study_Has_Diagnosis
phs002371_image	HTA6_1077	StudyHasDiagnosis	"clinical"	Study_Has_Diagnosis
phs002371_image	HTA6_1078	StudyHasDiagnosis	"clinical"	Study_Has_Diagnosis
phs002371_image	HTA6_1079	StudyHasDiagnosis	"clinical"	Study_Has_Diagnosis
phs002371_image	HTA6_108	StudyHasDiagnosis	"clinical"	Study_Has_Diagnosis
phs002371_image	HTA6_1080	StudyHasDiagnosis	"clinical"	Study_Has_Diagnosis
phs002371_image	HTA6_1081	StudyHasDiagnosis	"clinical"	Study_Has_Diagnosis
phs002371_image	HTA6_1082	StudyHasDiagnosis	"clinical"	Study_Has_Diagnosis
phs002371_image	HTA6_1083	StudyHasDiagnosis	"clinical"	Study_Has_Diagnosis
phs002371_image	HTA6_1084	StudyHasDiagnosis	"clinical"	Study_Has_Diagnosis
phs002371_image	HTA6_1085	StudyHasDiagnosis	"clinical"	Study_Has_Diagnosis
phs002371_image	HTA6_1086	StudyHasDiagnosis	"clinical"	Study_Has_Diagnosis
phs002371_image	HTA6_1087	StudyHasDiagnosis	"clinical"	Study_Has_Diagnosis
phs002371_image	HTA6_1088	StudyHasDiagnosis	"clinical"	Study_Has_Diagnosis
phs002371_image	HTA6_1089	StudyHasDiagnosis	"clinical"	Study_Has_Diagnosis
phs002371_image	HTA6_109	StudyHasDiagnosis	"clinical"	Study_Has_Diagnosis
phs002371_image	HTA6_1090	StudyHasDiagnosis	"clinical"	Study_Has_Diagnosis
phs002371_image	HTA6_1091	StudyHasDiagnosis	"clinical"	Study_Has_Diagnosis
phs002371_image	HTA6_1092	StudyHasDiagnosis	"clinical"	Study_Has_Diagnosis
phs002371_image	HTA6_1093	StudyHasDiagnosis	"clinical"	Study_Has_Diagnosis
phs002371_image	HTA6_1094	StudyHasDiagnosis	"clinical"	Study_Has_Diagnosis
phs002371_image	HTA6_1095	StudyHasDiagnosis	"clinical"	Study_Has_Diagnosis
phs002371_image	HTA6_1096	StudyHasDiagnosis	"clinical"	Study_Has_Diagnosis
phs002371_image	HTA6_1097	StudyHasDiagnosis	"clinical"	Study_Has_Diagnosis
phs002371_image	HTA6_1098	StudyHasDiagnosis	"clinical"	Study_Has_Diagnosis
phs002371_image	HTA6_1099	StudyHasDiagnosis	"clinical"	Study_Has_Diagnosis
phs002371_image	HTA6_11	StudyHasDiagnosis	"clinical"	Study_Has_Diagnosis
phs002371_image	HTA6_110	StudyHasDiagnosis	"clinical"	Study_Has_Diagnosis
phs002371_image	HTA6_1100	StudyHasDiagnosis	"clinical"	Study_Has_Diagnosis
phs002371_image	HTA6_1101	StudyHasDiagnosis	"clinical"	Study_Has_Diagnosis
phs002371_image	HTA6_1102	StudyHasDiagnosis	"clinical"	Study_Has_Diagnosis
phs002371_image	HTA6_1103	StudyHasDiagnosis	"clinical"	Study_Has_Diagnosis
phs002371_image	HTA6_1104	StudyHasDiagnosis	"clinical"	Study_Has_Diagnosis
phs002371_image	HTA6_1105	StudyHasDiagnosis	"clinical"	Study_Has_Diagnosis
phs002371_image	HTA6_1106	StudyHasDiagnosis	"clinical"	Study_Has_Diagnosis
phs002371_image	HTA6_1107	StudyHasDiagnosis	"clinical"	Study_Has_Diagnosis
phs002371_image	HTA6_1108	StudyHasDiagnosis	"clinical"	Study_Has_Diagnosis
phs002371_image	HTA6_1109	StudyHasDiagnosis	"clinical"	Study_Has_Diagnosis
phs002371_image	HTA6_111	StudyHasDiagnosis	"clinical"	Study_Has_Diagnosis
phs002371_image	HTA6_1110	StudyHasDiagnosis	"clinical"	Study_Has_Diagnosis
phs002371_image	HTA6_1111	StudyHasDiagnosis	"clinical"	Study_Has_Diagnosis
phs002371_image	HTA6_1112	StudyHasDiagnosis	"clinical"	Study_Has_Diagnosis
phs002371_image	HTA6_1113	StudyHasDiagnosis	"clinical"	Study_Has_Diagnosis
phs002371_image	HTA6_1114	StudyHasDiagnosis	"clinical"	Study_Has_Diagnosis
phs002371_image	HTA6_1115	StudyHasDiagnosis	"clinical"	Study_Has_Diagnosis
phs002371_image	HTA6_1116	StudyHasDiagnosis	"clinical"	Study_Has_Diagnosis
phs002371_image	HTA6_1117	StudyHasDiagnosis	"clinical"	Study_Has_Diagnosis
phs002371_image	HTA6_1118	StudyHasDiagnosis	"clinical"	Study_Has_Diagnosis
phs002371_image	HTA6_1119	StudyHasDiagnosis	"clinical"	Study_Has_Diagnosis
phs002371_image	HTA6_112	StudyHasDiagnosis	"clinical"	Study_Has_Diagnosis
phs002371_image	HTA6_1120	StudyHasDiagnosis	"clinical"	Study_Has_Diagnosis
phs002371_image	HTA6_1121	StudyHasDiagnosis	"clinical"	Study_Has_Diagnosis
phs002371_image	HTA6_1122	StudyHasDiagnosis	"clinical"	Study_Has_Diagnosis
phs002371_image	HTA6_1123	StudyHasDiagnosis	"clinical"	Study_Has_Diagnosis
phs002371_image	HTA6_1124	StudyHasDiagnosis	"clinical"	Study_Has_Diagnosis
phs002371_image	HTA6_1125	StudyHasDiagnosis	"clinical"	Study_Has_Diagnosis
phs002371_image	HTA6_1126	StudyHasDiagnosis	"clinical"	Study_Has_Diagnosis
phs002371_image	HTA6_1127	StudyHasDiagnosis	"clinical"	Study_Has_Diagnosis
phs002371_image	HTA6_1128	StudyHasDiagnosis	"clinical"	Study_Has_Diagnosis
phs002371_image	HTA6_1129	StudyHasDiagnosis	"clinical"	Study_Has_Diagnosis
phs002371_image	HTA6_113	StudyHasDiagnosis	"clinical"	Study_Has_Diagnosis
phs002371_image	HTA6_1130	StudyHasDiagnosis	"clinical"	Study_Has_Diagnosis
phs002371_image	HTA6_1131	StudyHasDiagnosis	"clinical"	Study_Has_Diagnosis
phs002371_image	HTA6_1132	StudyHasDiagnosis	"clinical"	Study_Has_Diagnosis
phs002371_image	HTA6_1133	StudyHasDiagnosis	"clinical"	Study_Has_Diagnosis
phs002371_image	HTA6_1134	StudyHasDiagnosis	"clinical"	Study_Has_Diagnosis
phs002371_image	HTA6_1135	StudyHasDiagnosis	"clinical"	Study_Has_Diagnosis
phs002371_image	HTA6_1136	StudyHasDiagnosis	"clinical"	Study_Has_Diagnosis
phs002371_image	HTA6_1137	StudyHasDiagnosis	"clinical"	Study_Has_Diagnosis
phs002371_image	HTA6_1138	StudyHasDiagnosis	"clinical"	Study_Has_Diagnosis
phs002371_image	HTA6_1139	StudyHasDiagnosis	"clinical"	Study_Has_Diagnosis
phs002371_image	HTA6_114	StudyHasDiagnosis	"clinical"	Study_Has_Diagnosis
phs002371_image	HTA6_1140	StudyHasDiagnosis	"clinical"	Study_Has_Diagnosis
phs002371_image	HTA6_1141	StudyHasDiagnosis	"clinical"	Study_Has_Diagnosis
phs002371_image	HTA6_1142	StudyHasDiagnosis	"clinical"	Study_Has_Diagnosis
phs002371_image	HTA6_1143	StudyHasDiagnosis	"clinical"	Study_Has_Diagnosis
phs002371_image	HTA6_1144	StudyHasDiagnosis	"clinical"	Study_Has_Diagnosis
phs002371_image	HTA6_1145	StudyHasDiagnosis	"clinical"	Study_Has_Diagnosis
phs002371_image	HTA6_1146	StudyHasDiagnosis	"clinical"	Study_Has_Diagnosis
phs002371_image	HTA6_1147	StudyHasDiagnosis	"clinical"	Study_Has_Diagnosis
phs002371_image	HTA6_1148	StudyHasDiagnosis	"clinical"	Study_Has_Diagnosis
phs002371_image	HTA6_1149	StudyHasDiagnosis	"clinical"	Study_Has_Diagnosis
phs002371_image	HTA6_115	StudyHasDiagnosis	"clinical"	Study_Has_Diagnosis
phs002371_image	HTA6_1150	StudyHasDiagnosis	"clinical"	Study_Has_Diagnosis
phs002371_image	HTA6_1151	StudyHasDiagnosis	"clinical"	Study_Has_Diagnosis
phs002371_image	HTA6_1152	StudyHasDiagnosis	"clinical"	Study_Has_Diagnosis
phs002371_image	HTA6_1153	StudyHasDiagnosis	"clinical"	Study_Has_Diagnosis
phs002371_image	HTA6_1154	StudyHasDiagnosis	"clinical"	Study_Has_Diagnosis
phs002371_image	HTA6_1155	StudyHasDiagnosis	"clinical"	Study_Has_Diagnosis
phs002371_image	HTA6_1156	StudyHasDiagnosis	"clinical"	Study_Has_Diagnosis
phs002371_image	HTA6_1157	StudyHasDiagnosis	"clinical"	Study_Has_Diagnosis
phs002371_image	HTA6_1158	StudyHasDiagnosis	"clinical"	Study_Has_Diagnosis
phs002371_image	HTA6_1159	StudyHasDiagnosis	"clinical"	Study_Has_Diagnosis
phs002371_image	HTA6_116	StudyHasDiagnosis	"clinical"	Study_Has_Diagnosis
phs002371_image	HTA6_1160	StudyHasDiagnosis	"clinical"	Study_Has_Diagnosis
phs002371_image	HTA6_1161	StudyHasDiagnosis	"clinical"	Study_Has_Diagnosis
phs002371_image	HTA6_1162	StudyHasDiagnosis	"clinical"	Study_Has_Diagnosis
phs002371_image	HTA6_1163	StudyHasDiagnosis	"clinical"	Study_Has_Diagnosis
phs002371_image	HTA6_1164	StudyHasDiagnosis	"clinical"	Study_Has_Diagnosis
phs002371_image	HTA6_1165	StudyHasDiagnosis	"clinical"	Study_Has_Diagnosis
phs002371_image	HTA6_1166	StudyHasDiagnosis	"clinical"	Study_Has_Diagnosis
phs002371_image	HTA6_1167	StudyHasDiagnosis	"clinical"	Study_Has_Diagnosis
phs002371_image	HTA6_117	StudyHasDiagnosis	"clinical"	Study_Has_Diagnosis
phs002371_image	HTA6_118	StudyHasDiagnosis	"clinical"	Study_Has_Diagnosis
phs002371_image	HTA6_119	StudyHasDiagnosis	"clinical"	Study_Has_Diagnosis
phs002371_image	HTA6_12	StudyHasDiagnosis	"clinical"	Study_Has_Diagnosis
phs002371_image	HTA6_120	StudyHasDiagnosis	"clinical"	Study_Has_Diagnosis
phs002371_image	HTA6_121	StudyHasDiagnosis	"clinical"	Study_Has_Diagnosis
phs002371_image	HTA6_122	StudyHasDiagnosis	"clinical"	Study_Has_Diagnosis
phs002371_image	HTA6_123	StudyHasDiagnosis	"clinical"	Study_Has_Diagnosis
phs002371_image	HTA6_124	StudyHasDiagnosis	"clinical"	Study_Has_Diagnosis
phs002371_image	HTA6_125	StudyHasDiagnosis	"clinical"	Study_Has_Diagnosis
phs002371_image	HTA6_126	StudyHasDiagnosis	"clinical"	Study_Has_Diagnosis
phs002371_image	HTA6_127	StudyHasDiagnosis	"clinical"	Study_Has_Diagnosis
phs002371_image	HTA6_128	StudyHasDiagnosis	"clinical"	Study_Has_Diagnosis
phs002371_image	HTA6_129	StudyHasDiagnosis	"clinical"	Study_Has_Diagnosis
phs002371_image	HTA6_13	StudyHasDiagnosis	"clinical"	Study_Has_Diagnosis
phs002371_image	HTA6_130	StudyHasDiagnosis	"clinical"	Study_Has_Diagnosis
phs002371_image	HTA6_131	StudyHasDiagnosis	"clinical"	Study_Has_Diagnosis
phs002371_image	HTA6_132	StudyHasDiagnosis	"clinical"	Study_Has_Diagnosis
phs002371_image	HTA6_133	StudyHasDiagnosis	"clinical"	Study_Has_Diagnosis
phs002371_image	HTA6_134	StudyHasDiagnosis	"clinical"	Study_Has_Diagnosis
phs002371_image	HTA6_135	StudyHasDiagnosis	"clinical"	Study_Has_Diagnosis
phs002371_image	HTA6_136	StudyHasDiagnosis	"clinical"	Study_Has_Diagnosis
phs002371_image	HTA6_137	StudyHasDiagnosis	"clinical"	Study_Has_Diagnosis
phs002371_image	HTA6_138	StudyHasDiagnosis	"clinical"	Study_Has_Diagnosis
phs002371_image	HTA6_139	StudyHasDiagnosis	"clinical"	Study_Has_Diagnosis
phs002371_image	HTA6_14	StudyHasDiagnosis	"clinical"	Study_Has_Diagnosis
phs002371_image	HTA6_140	StudyHasDiagnosis	"clinical"	Study_Has_Diagnosis
phs002371_image	HTA6_141	StudyHasDiagnosis	"clinical"	Study_Has_Diagnosis
phs002371_image	HTA6_142	StudyHasDiagnosis	"clinical"	Study_Has_Diagnosis
phs002371_image	HTA6_143	StudyHasDiagnosis	"clinical"	Study_Has_Diagnosis
phs002371_image	HTA6_144	StudyHasDiagnosis	"clinical"	Study_Has_Diagnosis
phs002371_image	HTA6_145	StudyHasDiagnosis	"clinical"	Study_Has_Diagnosis
phs002371_image	HTA6_147	StudyHasDiagnosis	"clinical"	Study_Has_Diagnosis
phs002371_image	HTA6_15	StudyHasDiagnosis	"clinical"	Study_Has_Diagnosis
phs002371_image	HTA6_151	StudyHasDiagnosis	"clinical"	Study_Has_Diagnosis
phs002371_image	HTA6_152	StudyHasDiagnosis	"clinical"	Study_Has_Diagnosis
phs002371_image	HTA6_153	StudyHasDiagnosis	"clinical"	Study_Has_Diagnosis
phs002371_image	HTA6_154	StudyHasDiagnosis	"clinical"	Study_Has_Diagnosis
phs002371_image	HTA6_155	StudyHasDiagnosis	"clinical"	Study_Has_Diagnosis
phs002371_image	HTA6_156	StudyHasDiagnosis	"clinical"	Study_Has_Diagnosis
phs002371_image	HTA6_157	StudyHasDiagnosis	"clinical"	Study_Has_Diagnosis
phs002371_image	HTA6_158	StudyHasDiagnosis	"clinical"	Study_Has_Diagnosis
phs002371_image	HTA6_159	StudyHasDiagnosis	"clinical"	Study_Has_Diagnosis
phs002371_image	HTA6_16	StudyHasDiagnosis	"clinical"	Study_Has_Diagnosis
phs002371_image	HTA6_160	StudyHasDiagnosis	"clinical"	Study_Has_Diagnosis
phs002371_image	HTA6_161	StudyHasDiagnosis	"clinical"	Study_Has_Diagnosis
phs002371_image	HTA6_162	StudyHasDiagnosis	"clinical"	Study_Has_Diagnosis
phs002371_image	HTA6_163	StudyHasDiagnosis	"clinical"	Study_Has_Diagnosis
phs002371_image	HTA6_164	StudyHasDiagnosis	"clinical"	Study_Has_Diagnosis
phs002371_image	HTA6_165	StudyHasDiagnosis	"clinical"	Study_Has_Diagnosis
phs002371_image	HTA6_166	StudyHasDiagnosis	"clinical"	Study_Has_Diagnosis
phs002371_image	HTA6_167	StudyHasDiagnosis	"clinical"	Study_Has_Diagnosis
phs002371_image	HTA6_168	StudyHasDiagnosis	"clinical"	Study_Has_Diagnosis
phs002371_image	HTA6_169	StudyHasDiagnosis	"clinical"	Study_Has_Diagnosis
phs002371_image	HTA6_17	StudyHasDiagnosis	"clinical"	Study_Has_Diagnosis
phs002371_image	HTA6_170	StudyHasDiagnosis	"clinical"	Study_Has_Diagnosis
phs002371_image	HTA6_18	StudyHasDiagnosis	"clinical"	Study_Has_Diagnosis
phs002371_image	HTA6_19	StudyHasDiagnosis	"clinical"	Study_Has_Diagnosis
phs002371_image	HTA6_2	StudyHasDiagnosis	"clinical"	Study_Has_Diagnosis
phs002371_image	HTA6_20	StudyHasDiagnosis	"clinical"	Study_Has_Diagnosis
phs002371_image	HTA6_2004	StudyHasDiagnosis	"clinical"	Study_Has_Diagnosis
phs002371_image	HTA6_2014	StudyHasDiagnosis	"clinical"	Study_Has_Diagnosis
phs002371_image	HTA6_2020	StudyHasDiagnosis	"clinical"	Study_Has_Diagnosis
phs002371_image	HTA6_2023	StudyHasDiagnosis	"clinical"	Study_Has_Diagnosis
phs002371_image	HTA6_2026	StudyHasDiagnosis	"clinical"	Study_Has_Diagnosis
phs002371_image	HTA6_2029	StudyHasDiagnosis	"clinical"	Study_Has_Diagnosis
phs002371_image	HTA6_2037	StudyHasDiagnosis	"clinical"	Study_Has_Diagnosis
phs002371_image	HTA6_2038	StudyHasDiagnosis	"clinical"	Study_Has_Diagnosis
phs002371_image	HTA6_2048	StudyHasDiagnosis	"clinical"	Study_Has_Diagnosis
phs002371_image	HTA6_2055	StudyHasDiagnosis	"clinical"	Study_Has_Diagnosis
phs002371_image	HTA6_2071	StudyHasDiagnosis	"clinical"	Study_Has_Diagnosis
phs002371_image	HTA6_2074	StudyHasDiagnosis	"clinical"	Study_Has_Diagnosis
phs002371_image	HTA6_2077	StudyHasDiagnosis	"clinical"	Study_Has_Diagnosis
phs002371_image	HTA6_2078	StudyHasDiagnosis	"clinical"	Study_Has_Diagnosis
phs002371_image	HTA6_2079	StudyHasDiagnosis	"clinical"	Study_Has_Diagnosis
phs002371_image	HTA6_2080	StudyHasDiagnosis	"clinical"	Study_Has_Diagnosis
phs002371_image	HTA6_2081	StudyHasDiagnosis	"clinical"	Study_Has_Diagnosis
phs002371_image	HTA6_2082	StudyHasDiagnosis	"clinical"	Study_Has_Diagnosis
phs002371_image	HTA6_2083	StudyHasDiagnosis	"clinical"	Study_Has_Diagnosis
phs002371_image	HTA6_2084	StudyHasDiagnosis	"clinical"	Study_Has_Diagnosis
phs002371_image	HTA6_2085	StudyHasDiagnosis	"clinical"	Study_Has_Diagnosis
phs002371_image	HTA6_2086	StudyHasDiagnosis	"clinical"	Study_Has_Diagnosis
phs002371_image	HTA6_2087	StudyHasDiagnosis	"clinical"	Study_Has_Diagnosis
phs002371_image	HTA6_2088	StudyHasDiagnosis	"clinical"	Study_Has_Diagnosis
phs002371_image	HTA6_2089	StudyHasDiagnosis	"clinical"	Study_Has_Diagnosis
phs002371_image	HTA6_2090	StudyHasDiagnosis	"clinical"	Study_Has_Diagnosis
phs002371_image	HTA6_2091	StudyHasDiagnosis	"clinical"	Study_Has_Diagnosis
phs002371_image	HTA6_2092	StudyHasDiagnosis	"clinical"	Study_Has_Diagnosis
phs002371_image	HTA6_2093	StudyHasDiagnosis	"clinical"	Study_Has_Diagnosis
phs002371_image	HTA6_2094	StudyHasDiagnosis	"clinical"	Study_Has_Diagnosis
phs002371_image	HTA6_2095	StudyHasDiagnosis	"clinical"	Study_Has_Diagnosis
phs002371_image	HTA6_2096	StudyHasDiagnosis	"clinical"	Study_Has_Diagnosis
phs002371_image	HTA6_2097	StudyHasDiagnosis	"clinical"	Study_Has_Diagnosis
phs002371_image	HTA6_2098	StudyHasDiagnosis	"clinical"	Study_Has_Diagnosis
phs002371_image	HTA6_2099	StudyHasDiagnosis	"clinical"	Study_Has_Diagnosis
phs002371_image	HTA6_21	StudyHasDiagnosis	"clinical"	Study_Has_Diagnosis
phs002371_image	HTA6_2100	StudyHasDiagnosis	"clinical"	Study_Has_Diagnosis
phs002371_image	HTA6_2101	StudyHasDiagnosis	"clinical"	Study_Has_Diagnosis
phs002371_image	HTA6_2102	StudyHasDiagnosis	"clinical"	Study_Has_Diagnosis
phs002371_image	HTA6_2103	StudyHasDiagnosis	"clinical"	Study_Has_Diagnosis
phs002371_image	HTA6_2104	StudyHasDiagnosis	"clinical"	Study_Has_Diagnosis
phs002371_image	HTA6_2105	StudyHasDiagnosis	"clinical"	Study_Has_Diagnosis
phs002371_image	HTA6_2106	StudyHasDiagnosis	"clinical"	Study_Has_Diagnosis
phs002371_image	HTA6_2107	StudyHasDiagnosis	"clinical"	Study_Has_Diagnosis
phs002371_image	HTA6_2108	StudyHasDiagnosis	"clinical"	Study_Has_Diagnosis
phs002371_image	HTA6_2109	StudyHasDiagnosis	"clinical"	Study_Has_Diagnosis
phs002371_image	HTA6_2110	StudyHasDiagnosis	"clinical"	Study_Has_Diagnosis
phs002371_image	HTA6_2111	StudyHasDiagnosis	"clinical"	Study_Has_Diagnosis
phs002371_image	HTA6_2112	StudyHasDiagnosis	"clinical"	Study_Has_Diagnosis
phs002371_image	HTA6_2113	StudyHasDiagnosis	"clinical"	Study_Has_Diagnosis
phs002371_image	HTA6_2114	StudyHasDiagnosis	"clinical"	Study_Has_Diagnosis
phs002371_image	HTA6_2115	StudyHasDiagnosis	"clinical"	Study_Has_Diagnosis
phs002371_image	HTA6_2116	StudyHasDiagnosis	"clinical"	Study_Has_Diagnosis
phs002371_image	HTA6_2117	StudyHasDiagnosis	"clinical"	Study_Has_Diagnosis
phs002371_image	HTA6_2118	StudyHasDiagnosis	"clinical"	Study_Has_Diagnosis
phs002371_image	HTA6_2119	StudyHasDiagnosis	"clinical"	Study_Has_Diagnosis
phs002371_image	HTA6_2120	StudyHasDiagnosis	"clinical"	Study_Has_Diagnosis
phs002371_image	HTA6_2121	StudyHasDiagnosis	"clinical"	Study_Has_Diagnosis
phs002371_image	HTA6_2122	StudyHasDiagnosis	"clinical"	Study_Has_Diagnosis
phs002371_image	HTA6_2123	StudyHasDiagnosis	"clinical"	Study_Has_Diagnosis
phs002371_image	HTA6_2124	StudyHasDiagnosis	"clinical"	Study_Has_Diagnosis
phs002371_image	HTA6_2125	StudyHasDiagnosis	"clinical"	Study_Has_Diagnosis
phs002371_image	HTA6_2126	StudyHasDiagnosis	"clinical"	Study_Has_Diagnosis
phs002371_image	HTA6_2127	StudyHasDiagnosis	"clinical"	Study_Has_Diagnosis
phs002371_image	HTA6_2128	StudyHasDiagnosis	"clinical"	Study_Has_Diagnosis
phs002371_image	HTA6_2129	StudyHasDiagnosis	"clinical"	Study_Has_Diagnosis
phs002371_image	HTA6_2130	StudyHasDiagnosis	"clinical"	Study_Has_Diagnosis
phs002371_image	HTA6_2131	StudyHasDiagnosis	"clinical"	Study_Has_Diagnosis
phs002371_image	HTA6_2132	StudyHasDiagnosis	"clinical"	Study_Has_Diagnosis
phs002371_image	HTA6_2133	StudyHasDiagnosis	"clinical"	Study_Has_Diagnosis
phs002371_image	HTA6_2134	StudyHasDiagnosis	"clinical"	Study_Has_Diagnosis
phs002371_image	HTA6_2135	StudyHasDiagnosis	"clinical"	Study_Has_Diagnosis
phs002371_image	HTA6_2136	StudyHasDiagnosis	"clinical"	Study_Has_Diagnosis
phs002371_image	HTA6_2137	StudyHasDiagnosis	"clinical"	Study_Has_Diagnosis
phs002371_image	HTA6_2138	StudyHasDiagnosis	"clinical"	Study_Has_Diagnosis
phs002371_image	HTA6_2139	StudyHasDiagnosis	"clinical"	Study_Has_Diagnosis
phs002371_image	HTA6_2140	StudyHasDiagnosis	"clinical"	Study_Has_Diagnosis
phs002371_image	HTA6_2141	StudyHasDiagnosis	"clinical"	Study_Has_Diagnosis
phs002371_image	HTA6_2142	StudyHasDiagnosis	"clinical"	Study_Has_Diagnosis
phs002371_image	HTA6_2143	StudyHasDiagnosis	"clinical"	Study_Has_Diagnosis
phs002371_image	HTA6_2144	StudyHasDiagnosis	"clinical"	Study_Has_Diagnosis
phs002371_image	HTA6_2145	StudyHasDiagnosis	"clinical"	Study_Has_Diagnosis
phs002371_image	HTA6_2146	StudyHasDiagnosis	"clinical"	Study_Has_Diagnosis
phs002371_image	HTA6_2147	StudyHasDiagnosis	"clinical"	Study_Has_Diagnosis
phs002371_image	HTA6_2148	StudyHasDiagnosis	"clinical"	Study_Has_Diagnosis
phs002371_image	HTA6_2149	StudyHasDiagnosis	"clinical"	Study_Has_Diagnosis
phs002371_image	HTA6_2150	StudyHasDiagnosis	"clinical"	Study_Has_Diagnosis
phs002371_image	HTA6_2151	StudyHasDiagnosis	"clinical"	Study_Has_Diagnosis
phs002371_image	HTA6_2152	StudyHasDiagnosis	"clinical"	Study_Has_Diagnosis
phs002371_image	HTA6_2153	StudyHasDiagnosis	"clinical"	Study_Has_Diagnosis
phs002371_image	HTA6_2154	StudyHasDiagnosis	"clinical"	Study_Has_Diagnosis
phs002371_image	HTA6_2155	StudyHasDiagnosis	"clinical"	Study_Has_Diagnosis
phs002371_image	HTA6_2156	StudyHasDiagnosis	"clinical"	Study_Has_Diagnosis
phs002371_image	HTA6_2157	StudyHasDiagnosis	"clinical"	Study_Has_Diagnosis
phs002371_image	HTA6_2158	StudyHasDiagnosis	"clinical"	Study_Has_Diagnosis
phs002371_image	HTA6_2159	StudyHasDiagnosis	"clinical"	Study_Has_Diagnosis
phs002371_image	HTA6_2160	StudyHasDiagnosis	"clinical"	Study_Has_Diagnosis
phs002371_image	HTA6_2161	StudyHasDiagnosis	"clinical"	Study_Has_Diagnosis
phs002371_image	HTA6_2162	StudyHasDiagnosis	"clinical"	Study_Has_Diagnosis
phs002371_image	HTA6_2163	StudyHasDiagnosis	"clinical"	Study_Has_Diagnosis
phs002371_image	HTA6_2164	StudyHasDiagnosis	"clinical"	Study_Has_Diagnosis
phs002371_image	HTA6_2165	StudyHasDiagnosis	"clinical"	Study_Has_Diagnosis
phs002371_image	HTA6_2166	StudyHasDiagnosis	"clinical"	Study_Has_Diagnosis
phs002371_image	HTA6_2167	StudyHasDiagnosis	"clinical"	Study_Has_Diagnosis
phs002371_image	HTA6_2168	StudyHasDiagnosis	"clinical"	Study_Has_Diagnosis
phs002371_image	HTA6_2169	StudyHasDiagnosis	"clinical"	Study_Has_Diagnosis
phs002371_image	HTA6_2170	StudyHasDiagnosis	"clinical"	Study_Has_Diagnosis
phs002371_image	HTA6_2171	StudyHasDiagnosis	"clinical"	Study_Has_Diagnosis
phs002371_image	HTA6_2172	StudyHasDiagnosis	"clinical"	Study_Has_Diagnosis
phs002371_image	HTA6_2173	StudyHasDiagnosis	"clinical"	Study_Has_Diagnosis
phs002371_image	HTA6_2174	StudyHasDiagnosis	"clinical"	Study_Has_Diagnosis
phs002371_image	HTA6_2175	StudyHasDiagnosis	"clinical"	Study_Has_Diagnosis
phs002371_image	HTA6_2176	StudyHasDiagnosis	"clinical"	Study_Has_Diagnosis
phs002371_image	HTA6_2177	StudyHasDiagnosis	"clinical"	Study_Has_Diagnosis
phs002371_image	HTA6_2178	StudyHasDiagnosis	"clinical"	Study_Has_Diagnosis
phs002371_image	HTA6_2179	StudyHasDiagnosis	"clinical"	Study_Has_Diagnosis
phs002371_image	HTA6_2180	StudyHasDiagnosis	"clinical"	Study_Has_Diagnosis
phs002371_image	HTA6_2181	StudyHasDiagnosis	"clinical"	Study_Has_Diagnosis
phs002371_image	HTA6_2182	StudyHasDiagnosis	"clinical"	Study_Has_Diagnosis
phs002371_image	HTA6_2183	StudyHasDiagnosis	"clinical"	Study_Has_Diagnosis
phs002371_image	HTA6_2184	StudyHasDiagnosis	"clinical"	Study_Has_Diagnosis
phs002371_image	HTA6_2185	StudyHasDiagnosis	"clinical"	Study_Has_Diagnosis
phs002371_image	HTA6_2186	StudyHasDiagnosis	"clinical"	Study_Has_Diagnosis
phs002371_image	HTA6_2187	StudyHasDiagnosis	"clinical"	Study_Has_Diagnosis
phs002371_image	HTA6_2188	StudyHasDiagnosis	"clinical"	Study_Has_Diagnosis
phs002371_image	HTA6_2189	StudyHasDiagnosis	"clinical"	Study_Has_Diagnosis
phs002371_image	HTA6_2190	StudyHasDiagnosis	"clinical"	Study_Has_Diagnosis
phs002371_image	HTA6_2191	StudyHasDiagnosis	"clinical"	Study_Has_Diagnosis
phs002371_image	HTA6_2192	StudyHasDiagnosis	"clinical"	Study_Has_Diagnosis
phs002371_image	HTA6_2193	StudyHasDiagnosis	"clinical"	Study_Has_Diagnosis
phs002371_image	HTA6_2194	StudyHasDiagnosis	"clinical"	Study_Has_Diagnosis
phs002371_image	HTA6_2195	StudyHasDiagnosis	"clinical"	Study_Has_Diagnosis
phs002371_image	HTA6_2196	StudyHasDiagnosis	"clinical"	Study_Has_Diagnosis
phs002371_image	HTA6_2197	StudyHasDiagnosis	"clinical"	Study_Has_Diagnosis
phs002371_image	HTA6_2198	StudyHasDiagnosis	"clinical"	Study_Has_Diagnosis
phs002371_image	HTA6_2199	StudyHasDiagnosis	"clinical"	Study_Has_Diagnosis
phs002371_image	HTA6_22	StudyHasDiagnosis	"clinical"	Study_Has_Diagnosis
phs002371_image	HTA6_2200	StudyHasDiagnosis	"clinical"	Study_Has_Diagnosis
phs002371_image	HTA6_2201	StudyHasDiagnosis	"clinical"	Study_Has_Diagnosis
phs002371_image	HTA6_2202	StudyHasDiagnosis	"clinical"	Study_Has_Diagnosis
phs002371_image	HTA6_2203	StudyHasDiagnosis	"clinical"	Study_Has_Diagnosis
phs002371_image	HTA6_2204	StudyHasDiagnosis	"clinical"	Study_Has_Diagnosis
phs002371_image	HTA6_2205	StudyHasDiagnosis	"clinical"	Study_Has_Diagnosis
phs002371_image	HTA6_2206	StudyHasDiagnosis	"clinical"	Study_Has_Diagnosis
phs002371_image	HTA6_2207	StudyHasDiagnosis	"clinical"	Study_Has_Diagnosis
phs002371_image	HTA6_2208	StudyHasDiagnosis	"clinical"	Study_Has_Diagnosis
phs002371_image	HTA6_2209	StudyHasDiagnosis	"clinical"	Study_Has_Diagnosis
phs002371_image	HTA6_2210	StudyHasDiagnosis	"clinical"	Study_Has_Diagnosis
phs002371_image	HTA6_2211	StudyHasDiagnosis	"clinical"	Study_Has_Diagnosis
phs002371_image	HTA6_2212	StudyHasDiagnosis	"clinical"	Study_Has_Diagnosis
phs002371_image	HTA6_2213	StudyHasDiagnosis	"clinical"	Study_Has_Diagnosis
phs002371_image	HTA6_2214	StudyHasDiagnosis	"clinical"	Study_Has_Diagnosis
phs002371_image	HTA6_2215	StudyHasDiagnosis	"clinical"	Study_Has_Diagnosis
phs002371_image	HTA6_2216	StudyHasDiagnosis	"clinical"	Study_Has_Diagnosis
phs002371_image	HTA6_2217	StudyHasDiagnosis	"clinical"	Study_Has_Diagnosis
phs002371_image	HTA6_2218	StudyHasDiagnosis	"clinical"	Study_Has_Diagnosis
phs002371_image	HTA6_2219	StudyHasDiagnosis	"clinical"	Study_Has_Diagnosis
phs002371_image	HTA6_2220	StudyHasDiagnosis	"clinical"	Study_Has_Diagnosis
phs002371_image	HTA6_2221	StudyHasDiagnosis	"clinical"	Study_Has_Diagnosis
phs002371_image	HTA6_2222	StudyHasDiagnosis	"clinical"	Study_Has_Diagnosis
phs002371_image	HTA6_2223	StudyHasDiagnosis	"clinical"	Study_Has_Diagnosis
phs002371_image	HTA6_2224	StudyHasDiagnosis	"clinical"	Study_Has_Diagnosis
phs002371_image	HTA6_2225	StudyHasDiagnosis	"clinical"	Study_Has_Diagnosis
phs002371_image	HTA6_2226	StudyHasDiagnosis	"clinical"	Study_Has_Diagnosis
phs002371_image	HTA6_2227	StudyHasDiagnosis	"clinical"	Study_Has_Diagnosis
phs002371_image	HTA6_2228	StudyHasDiagnosis	"clinical"	Study_Has_Diagnosis
phs002371_image	HTA6_2229	StudyHasDiagnosis	"clinical"	Study_Has_Diagnosis
phs002371_image	HTA6_2230	StudyHasDiagnosis	"clinical"	Study_Has_Diagnosis
phs002371_image	HTA6_2231	StudyHasDiagnosis	"clinical"	Study_Has_Diagnosis
phs002371_image	HTA6_2232	StudyHasDiagnosis	"clinical"	Study_Has_Diagnosis
phs002371_image	HTA6_2233	StudyHasDiagnosis	"clinical"	Study_Has_Diagnosis
phs002371_image	HTA6_2234	StudyHasDiagnosis	"clinical"	Study_Has_Diagnosis
phs002371_image	HTA6_2235	StudyHasDiagnosis	"clinical"	Study_Has_Diagnosis
phs002371_image	HTA6_2236	StudyHasDiagnosis	"clinical"	Study_Has_Diagnosis
phs002371_image	HTA6_2237	StudyHasDiagnosis	"clinical"	Study_Has_Diagnosis
phs002371_image	HTA6_2238	StudyHasDiagnosis	"clinical"	Study_Has_Diagnosis
phs002371_image	HTA6_2239	StudyHasDiagnosis	"clinical"	Study_Has_Diagnosis
phs002371_image	HTA6_2240	StudyHasDiagnosis	"clinical"	Study_Has_Diagnosis
phs002371_image	HTA6_2241	StudyHasDiagnosis	"clinical"	Study_Has_Diagnosis
phs002371_image	HTA6_2242	StudyHasDiagnosis	"clinical"	Study_Has_Diagnosis
phs002371_image	HTA6_2243	StudyHasDiagnosis	"clinical"	Study_Has_Diagnosis
phs002371_image	HTA6_2244	StudyHasDiagnosis	"clinical"	Study_Has_Diagnosis
phs002371_image	HTA6_2245	StudyHasDiagnosis	"clinical"	Study_Has_Diagnosis
phs002371_image	HTA6_2246	StudyHasDiagnosis	"clinical"	Study_Has_Diagnosis
phs002371_image	HTA6_2247	StudyHasDiagnosis	"clinical"	Study_Has_Diagnosis
phs002371_image	HTA6_2248	StudyHasDiagnosis	"clinical"	Study_Has_Diagnosis
phs002371_image	HTA6_2249	StudyHasDiagnosis	"clinical"	Study_Has_Diagnosis
phs002371_image	HTA6_2250	StudyHasDiagnosis	"clinical"	Study_Has_Diagnosis
phs002371_image	HTA6_2251	StudyHasDiagnosis	"clinical"	Study_Has_Diagnosis
phs002371_image	HTA6_2252	StudyHasDiagnosis	"clinical"	Study_Has_Diagnosis
phs002371_image	HTA6_2253	StudyHasDiagnosis	"clinical"	Study_Has_Diagnosis
phs002371_image	HTA6_2254	StudyHasDiagnosis	"clinical"	Study_Has_Diagnosis
phs002371_image	HTA6_2255	StudyHasDiagnosis	"clinical"	Study_Has_Diagnosis
phs002371_image	HTA6_2256	StudyHasDiagnosis	"clinical"	Study_Has_Diagnosis
phs002371_image	HTA6_2257	StudyHasDiagnosis	"clinical"	Study_Has_Diagnosis
phs002371_image	HTA6_2258	StudyHasDiagnosis	"clinical"	Study_Has_Diagnosis
phs002371_image	HTA6_2259	StudyHasDiagnosis	"clinical"	Study_Has_Diagnosis
phs002371_image	HTA6_2260	StudyHasDiagnosis	"clinical"	Study_Has_Diagnosis
phs002371_image	HTA6_2261	StudyHasDiagnosis	"clinical"	Study_Has_Diagnosis
phs002371_image	HTA6_2262	StudyHasDiagnosis	"clinical"	Study_Has_Diagnosis
phs002371_image	HTA6_2263	StudyHasDiagnosis	"clinical"	Study_Has_Diagnosis
phs002371_image	HTA6_2264	StudyHasDiagnosis	"clinical"	Study_Has_Diagnosis
phs002371_image	HTA6_2265	StudyHasDiagnosis	"clinical"	Study_Has_Diagnosis
phs002371_image	HTA6_2266	StudyHasDiagnosis	"clinical"	Study_Has_Diagnosis
phs002371_image	HTA6_2267	StudyHasDiagnosis	"clinical"	Study_Has_Diagnosis
phs002371_image	HTA6_2268	StudyHasDiagnosis	"clinical"	Study_Has_Diagnosis
phs002371_image	HTA6_2269	StudyHasDiagnosis	"clinical"	Study_Has_Diagnosis
phs002371_image	HTA6_2270	StudyHasDiagnosis	"clinical"	Study_Has_Diagnosis
phs002371_image	HTA6_2271	StudyHasDiagnosis	"clinical"	Study_Has_Diagnosis
phs002371_image	HTA6_2272	StudyHasDiagnosis	"clinical"	Study_Has_Diagnosis
phs002371_image	HTA6_2273	StudyHasDiagnosis	"clinical"	Study_Has_Diagnosis
phs002371_image	HTA6_2274	StudyHasDiagnosis	"clinical"	Study_Has_Diagnosis
phs002371_image	HTA6_2275	StudyHasDiagnosis	"clinical"	Study_Has_Diagnosis
phs002371_image	HTA6_2276	StudyHasDiagnosis	"clinical"	Study_Has_Diagnosis
phs002371_image	HTA6_2277	StudyHasDiagnosis	"clinical"	Study_Has_Diagnosis
phs002371_image	HTA6_2278	StudyHasDiagnosis	"clinical"	Study_Has_Diagnosis
phs002371_image	HTA6_2279	StudyHasDiagnosis	"clinical"	Study_Has_Diagnosis
phs002371_image	HTA6_2280	StudyHasDiagnosis	"clinical"	Study_Has_Diagnosis
phs002371_image	HTA6_2281	StudyHasDiagnosis	"clinical"	Study_Has_Diagnosis
phs002371_image	HTA6_2282	StudyHasDiagnosis	"clinical"	Study_Has_Diagnosis
phs002371_image	HTA6_2283	StudyHasDiagnosis	"clinical"	Study_Has_Diagnosis
phs002371_image	HTA6_2284	StudyHasDiagnosis	"clinical"	Study_Has_Diagnosis
phs002371_image	HTA6_2285	StudyHasDiagnosis	"clinical"	Study_Has_Diagnosis
phs002371_image	HTA6_2286	StudyHasDiagnosis	"clinical"	Study_Has_Diagnosis
phs002371_image	HTA6_2287	StudyHasDiagnosis	"clinical"	Study_Has_Diagnosis
phs002371_image	HTA6_2288	StudyHasDiagnosis	"clinical"	Study_Has_Diagnosis
phs002371_image	HTA6_2289	StudyHasDiagnosis	"clinical"	Study_Has_Diagnosis
phs002371_image	HTA6_2290	StudyHasDiagnosis	"clinical"	Study_Has_Diagnosis
phs002371_image	HTA6_2291	StudyHasDiagnosis	"clinical"	Study_Has_Diagnosis
phs002371_image	HTA6_2292	StudyHasDiagnosis	"clinical"	Study_Has_Diagnosis
phs002371_image	HTA6_2293	StudyHasDiagnosis	"clinical"	Study_Has_Diagnosis
phs002371_image	HTA6_2294	StudyHasDiagnosis	"clinical"	Study_Has_Diagnosis
phs002371_image	HTA6_2295	StudyHasDiagnosis	"clinical"	Study_Has_Diagnosis
phs002371_image	HTA6_2296	StudyHasDiagnosis	"clinical"	Study_Has_Diagnosis
phs002371_image	HTA6_2297	StudyHasDiagnosis	"clinical"	Study_Has_Diagnosis
phs002371_image	HTA6_2298	StudyHasDiagnosis	"clinical"	Study_Has_Diagnosis
phs002371_image	HTA6_2299	StudyHasDiagnosis	"clinical"	Study_Has_Diagnosis
phs002371_image	HTA6_2300	StudyHasDiagnosis	"clinical"	Study_Has_Diagnosis
phs002371_image	HTA6_2301	StudyHasDiagnosis	"clinical"	Study_Has_Diagnosis
phs002371_image	HTA6_2302	StudyHasDiagnosis	"clinical"	Study_Has_Diagnosis
phs002371_image	HTA6_2303	StudyHasDiagnosis	"clinical"	Study_Has_Diagnosis
phs002371_image	HTA6_2304	StudyHasDiagnosis	"clinical"	Study_Has_Diagnosis
phs002371_image	HTA6_2305	StudyHasDiagnosis	"clinical"	Study_Has_Diagnosis
phs002371_image	HTA6_2306	StudyHasDiagnosis	"clinical"	Study_Has_Diagnosis
phs002371_image	HTA6_2307	StudyHasDiagnosis	"clinical"	Study_Has_Diagnosis
phs002371_image	HTA6_2308	StudyHasDiagnosis	"clinical"	Study_Has_Diagnosis
phs002371_image	HTA6_2309	StudyHasDiagnosis	"clinical"	Study_Has_Diagnosis
phs002371_image	HTA6_2310	StudyHasDiagnosis	"clinical"	Study_Has_Diagnosis
phs002371_image	HTA6_2311	StudyHasDiagnosis	"clinical"	Study_Has_Diagnosis
phs002371_image	HTA6_2312	StudyHasDiagnosis	"clinical"	Study_Has_Diagnosis
phs002371_image	HTA6_2313	StudyHasDiagnosis	"clinical"	Study_Has_Diagnosis
phs002371_image	HTA6_2314	StudyHasDiagnosis	"clinical"	Study_Has_Diagnosis
phs002371_image	HTA6_2315	StudyHasDiagnosis	"clinical"	Study_Has_Diagnosis
phs002371_image	HTA6_2316	StudyHasDiagnosis	"clinical"	Study_Has_Diagnosis
phs002371_image	HTA6_2317	StudyHasDiagnosis	"clinical"	Study_Has_Diagnosis
phs002371_image	HTA6_2318	StudyHasDiagnosis	"clinical"	Study_Has_Diagnosis
phs002371_image	HTA6_2319	StudyHasDiagnosis	"clinical"	Study_Has_Diagnosis
phs002371_image	HTA6_2320	StudyHasDiagnosis	"clinical"	Study_Has_Diagnosis
phs002371_image	HTA6_2321	StudyHasDiagnosis	"clinical"	Study_Has_Diagnosis
phs002371_image	HTA6_2322	StudyHasDiagnosis	"clinical"	Study_Has_Diagnosis
phs002371_image	HTA6_2323	StudyHasDiagnosis	"clinical"	Study_Has_Diagnosis
phs002371_image	HTA6_2324	StudyHasDiagnosis	"clinical"	Study_Has_Diagnosis
phs002371_image	HTA6_2325	StudyHasDiagnosis	"clinical"	Study_Has_Diagnosis
phs002371_image	HTA6_2326	StudyHasDiagnosis	"clinical"	Study_Has_Diagnosis
phs002371_image	HTA6_2327	StudyHasDiagnosis	"clinical"	Study_Has_Diagnosis
phs002371_image	HTA6_2328	StudyHasDiagnosis	"clinical"	Study_Has_Diagnosis
phs002371_image	HTA6_2329	StudyHasDiagnosis	"clinical"	Study_Has_Diagnosis
phs002371_image	HTA6_2330	StudyHasDiagnosis	"clinical"	Study_Has_Diagnosis
phs002371_image	HTA6_2331	StudyHasDiagnosis	"clinical"	Study_Has_Diagnosis
phs002371_image	HTA6_2332	StudyHasDiagnosis	"clinical"	Study_Has_Diagnosis
phs002371_image	HTA6_2333	StudyHasDiagnosis	"clinical"	Study_Has_Diagnosis
phs002371_image	HTA6_2334	StudyHasDiagnosis	"clinical"	Study_Has_Diagnosis
phs002371_image	HTA6_2335	StudyHasDiagnosis	"clinical"	Study_Has_Diagnosis
phs002371_image	HTA6_2336	StudyHasDiagnosis	"clinical"	Study_Has_Diagnosis
phs002371_image	HTA6_2337	StudyHasDiagnosis	"clinical"	Study_Has_Diagnosis
phs002371_image	HTA6_2338	StudyHasDiagnosis	"clinical"	Study_Has_Diagnosis
phs002371_image	HTA6_2339	StudyHasDiagnosis	"clinical"	Study_Has_Diagnosis
phs002371_image	HTA6_2340	StudyHasDiagnosis	"clinical"	Study_Has_Diagnosis
phs002371_image	HTA6_2341	StudyHasDiagnosis	"clinical"	Study_Has_Diagnosis
phs002371_image	HTA6_2342	StudyHasDiagnosis	"clinical"	Study_Has_Diagnosis
phs002371_image	HTA6_2343	StudyHasDiagnosis	"clinical"	Study_Has_Diagnosis
phs002371_image	HTA6_2344	StudyHasDiagnosis	"clinical"	Study_Has_Diagnosis
phs002371_image	HTA6_2345	StudyHasDiagnosis	"clinical"	Study_Has_Diagnosis
phs002371_image	HTA6_2346	StudyHasDiagnosis	"clinical"	Study_Has_Diagnosis
phs002371_image	HTA6_2347	StudyHasDiagnosis	"clinical"	Study_Has_Diagnosis
phs002371_image	HTA6_2348	StudyHasDiagnosis	"clinical"	Study_Has_Diagnosis
phs002371_image	HTA6_2349	StudyHasDiagnosis	"clinical"	Study_Has_Diagnosis
phs002371_image	HTA6_2350	StudyHasDiagnosis	"clinical"	Study_Has_Diagnosis
phs002371_image	HTA6_2351	StudyHasDiagnosis	"clinical"	Study_Has_Diagnosis
phs002371_image	HTA6_2352	StudyHasDiagnosis	"clinical"	Study_Has_Diagnosis
phs002371_image	HTA6_2353	StudyHasDiagnosis	"clinical"	Study_Has_Diagnosis
phs002371_image	HTA6_2354	StudyHasDiagnosis	"clinical"	Study_Has_Diagnosis
phs002371_image	HTA6_2355	StudyHasDiagnosis	"clinical"	Study_Has_Diagnosis
phs002371_image	HTA6_2356	StudyHasDiagnosis	"clinical"	Study_Has_Diagnosis
phs002371_image	HTA6_2357	StudyHasDiagnosis	"clinical"	Study_Has_Diagnosis
phs002371_image	HTA6_2358	StudyHasDiagnosis	"clinical"	Study_Has_Diagnosis
phs002371_image	HTA6_2359	StudyHasDiagnosis	"clinical"	Study_Has_Diagnosis
phs002371_image	HTA6_2360	StudyHasDiagnosis	"clinical"	Study_Has_Diagnosis
phs002371_image	HTA6_2361	StudyHasDiagnosis	"clinical"	Study_Has_Diagnosis
phs002371_image	HTA6_2362	StudyHasDiagnosis	"clinical"	Study_Has_Diagnosis
phs002371_image	HTA6_2363	StudyHasDiagnosis	"clinical"	Study_Has_Diagnosis
phs002371_image	HTA6_2364	StudyHasDiagnosis	"clinical"	Study_Has_Diagnosis
phs002371_image	HTA6_2365	StudyHasDiagnosis	"clinical"	Study_Has_Diagnosis
phs002371_image	HTA6_2366	StudyHasDiagnosis	"clinical"	Study_Has_Diagnosis
phs002371_image	HTA6_2367	StudyHasDiagnosis	"clinical"	Study_Has_Diagnosis
phs002371_image	HTA6_2368	StudyHasDiagnosis	"clinical"	Study_Has_Diagnosis
phs002371_image	HTA6_2369	StudyHasDiagnosis	"clinical"	Study_Has_Diagnosis
phs002371_image	HTA6_2370	StudyHasDiagnosis	"clinical"	Study_Has_Diagnosis
phs002371_image	HTA6_2371	StudyHasDiagnosis	"clinical"	Study_Has_Diagnosis
phs002371_image	HTA6_2372	StudyHasDiagnosis	"clinical"	Study_Has_Diagnosis
phs002371_image	HTA6_2373	StudyHasDiagnosis	"clinical"	Study_Has_Diagnosis
phs002371_image	HTA6_2374	StudyHasDiagnosis	"clinical"	Study_Has_Diagnosis
phs002371_image	HTA6_2375	StudyHasDiagnosis	"clinical"	Study_Has_Diagnosis
phs002371_image	HTA6_2376	StudyHasDiagnosis	"clinical"	Study_Has_Diagnosis
phs002371_image	HTA6_2377	StudyHasDiagnosis	"clinical"	Study_Has_Diagnosis
phs002371_image	HTA6_2378	StudyHasDiagnosis	"clinical"	Study_Has_Diagnosis
phs002371_image	HTA6_2379	StudyHasDiagnosis	"clinical"	Study_Has_Diagnosis
phs002371_image	HTA6_2380	StudyHasDiagnosis	"clinical"	Study_Has_Diagnosis
phs002371_image	HTA6_2381	StudyHasDiagnosis	"clinical"	Study_Has_Diagnosis
phs002371_image	HTA6_2382	StudyHasDiagnosis	"clinical"	Study_Has_Diagnosis
phs002371_image	HTA6_2383	StudyHasDiagnosis	"clinical"	Study_Has_Diagnosis
phs002371_image	HTA6_2384	StudyHasDiagnosis	"clinical"	Study_Has_Diagnosis
phs002371_image	HTA6_2385	StudyHasDiagnosis	"clinical"	Study_Has_Diagnosis
phs002371_image	HTA6_2386	StudyHasDiagnosis	"clinical"	Study_Has_Diagnosis
phs002371_image	HTA6_2387	StudyHasDiagnosis	"clinical"	Study_Has_Diagnosis
phs002371_image	HTA6_2388	StudyHasDiagnosis	"clinical"	Study_Has_Diagnosis
phs002371_image	HTA6_2389	StudyHasDiagnosis	"clinical"	Study_Has_Diagnosis
phs002371_image	HTA6_2390	StudyHasDiagnosis	"clinical"	Study_Has_Diagnosis
phs002371_image	HTA6_2391	StudyHasDiagnosis	"clinical"	Study_Has_Diagnosis
phs002371_image	HTA6_2392	StudyHasDiagnosis	"clinical"	Study_Has_Diagnosis
phs002371_image	HTA6_2393	StudyHasDiagnosis	"clinical"	Study_Has_Diagnosis
phs002371_image	HTA6_2394	StudyHasDiagnosis	"clinical"	Study_Has_Diagnosis
phs002371_image	HTA6_2395	StudyHasDiagnosis	"clinical"	Study_Has_Diagnosis
phs002371_image	HTA6_2396	StudyHasDiagnosis	"clinical"	Study_Has_Diagnosis
phs002371_image	HTA6_2397	StudyHasDiagnosis	"clinical"	Study_Has_Diagnosis
phs002371_image	HTA6_2398	StudyHasDiagnosis	"clinical"	Study_Has_Diagnosis
phs002371_image	HTA6_2399	StudyHasDiagnosis	"clinical"	Study_Has_Diagnosis
phs002371_image	HTA6_24	StudyHasDiagnosis	"clinical"	Study_Has_Diagnosis
phs002371_image	HTA6_2400	StudyHasDiagnosis	"clinical"	Study_Has_Diagnosis
phs002371_image	HTA6_2401	StudyHasDiagnosis	"clinical"	Study_Has_Diagnosis
phs002371_image	HTA6_2402	StudyHasDiagnosis	"clinical"	Study_Has_Diagnosis
phs002371_image	HTA6_2403	StudyHasDiagnosis	"clinical"	Study_Has_Diagnosis
phs002371_image	HTA6_2404	StudyHasDiagnosis	"clinical"	Study_Has_Diagnosis
phs002371_image	HTA6_2405	StudyHasDiagnosis	"clinical"	Study_Has_Diagnosis
phs002371_image	HTA6_2406	StudyHasDiagnosis	"clinical"	Study_Has_Diagnosis
phs002371_image	HTA6_2410	StudyHasDiagnosis	"clinical"	Study_Has_Diagnosis
phs002371_image	HTA6_2411	StudyHasDiagnosis	"clinical"	Study_Has_Diagnosis
phs002371_image	HTA6_2412	StudyHasDiagnosis	"clinical"	Study_Has_Diagnosis
phs002371_image	HTA6_2413	StudyHasDiagnosis	"clinical"	Study_Has_Diagnosis
phs002371_image	HTA6_2414	StudyHasDiagnosis	"clinical"	Study_Has_Diagnosis
phs002371_image	HTA6_2415	StudyHasDiagnosis	"clinical"	Study_Has_Diagnosis
phs002371_image	HTA6_2416	StudyHasDiagnosis	"clinical"	Study_Has_Diagnosis
phs002371_image	HTA6_2417	StudyHasDiagnosis	"clinical"	Study_Has_Diagnosis
phs002371_image	HTA6_2418	StudyHasDiagnosis	"clinical"	Study_Has_Diagnosis
phs002371_image	HTA6_2419	StudyHasDiagnosis	"clinical"	Study_Has_Diagnosis
phs002371_image	HTA6_2420	StudyHasDiagnosis	"clinical"	Study_Has_Diagnosis
phs002371_image	HTA6_2421	StudyHasDiagnosis	"clinical"	Study_Has_Diagnosis
phs002371_image	HTA6_2422	StudyHasDiagnosis	"clinical"	Study_Has_Diagnosis
phs002371_image	HTA6_2423	StudyHasDiagnosis	"clinical"	Study_Has_Diagnosis
phs002371_image	HTA6_2424	StudyHasDiagnosis	"clinical"	Study_Has_Diagnosis
phs002371_image	HTA6_2425	StudyHasDiagnosis	"clinical"	Study_Has_Diagnosis
phs002371_image	HTA6_2426	StudyHasDiagnosis	"clinical"	Study_Has_Diagnosis
phs002371_image	HTA6_2427	StudyHasDiagnosis	"clinical"	Study_Has_Diagnosis
phs002371_image	HTA6_2428	StudyHasDiagnosis	"clinical"	Study_Has_Diagnosis
phs002371_image	HTA6_2429	StudyHasDiagnosis	"clinical"	Study_Has_Diagnosis
phs002371_image	HTA6_2430	StudyHasDiagnosis	"clinical"	Study_Has_Diagnosis
phs002371_image	HTA6_2431	StudyHasDiagnosis	"clinical"	Study_Has_Diagnosis
phs002371_image	HTA6_2432	StudyHasDiagnosis	"clinical"	Study_Has_Diagnosis
phs002371_image	HTA6_2433	StudyHasDiagnosis	"clinical"	Study_Has_Diagnosis
phs002371_image	HTA6_2434	StudyHasDiagnosis	"clinical"	Study_Has_Diagnosis
phs002371_image	HTA6_2435	StudyHasDiagnosis	"clinical"	Study_Has_Diagnosis
phs002371_image	HTA6_2436	StudyHasDiagnosis	"clinical"	Study_Has_Diagnosis
phs002371_image	HTA6_2437	StudyHasDiagnosis	"clinical"	Study_Has_Diagnosis
phs002371_image	HTA6_2438	StudyHasDiagnosis	"clinical"	Study_Has_Diagnosis
phs002371_image	HTA6_2439	StudyHasDiagnosis	"clinical"	Study_Has_Diagnosis
phs002371_image	HTA6_2440	StudyHasDiagnosis	"clinical"	Study_Has_Diagnosis
phs002371_image	HTA6_2441	StudyHasDiagnosis	"clinical"	Study_Has_Diagnosis
phs002371_image	HTA6_2442	StudyHasDiagnosis	"clinical"	Study_Has_Diagnosis
phs002371_image	HTA6_2443	StudyHasDiagnosis	"clinical"	Study_Has_Diagnosis
phs002371_image	HTA6_2444	StudyHasDiagnosis	"clinical"	Study_Has_Diagnosis
phs002371_image	HTA6_2445	StudyHasDiagnosis	"clinical"	Study_Has_Diagnosis
phs002371_image	HTA6_2446	StudyHasDiagnosis	"clinical"	Study_Has_Diagnosis
phs002371_image	HTA6_2447	StudyHasDiagnosis	"clinical"	Study_Has_Diagnosis
phs002371_image	HTA6_2448	StudyHasDiagnosis	"clinical"	Study_Has_Diagnosis
phs002371_image	HTA6_2449	StudyHasDiagnosis	"clinical"	Study_Has_Diagnosis
phs002371_image	HTA6_2450	StudyHasDiagnosis	"clinical"	Study_Has_Diagnosis
phs002371_image	HTA6_2451	StudyHasDiagnosis	"clinical"	Study_Has_Diagnosis
phs002371_image	HTA6_2452	StudyHasDiagnosis	"clinical"	Study_Has_Diagnosis
phs002371_image	HTA6_2453	StudyHasDiagnosis	"clinical"	Study_Has_Diagnosis
phs002371_image	HTA6_2454	StudyHasDiagnosis	"clinical"	Study_Has_Diagnosis
phs002371_image	HTA6_2455	StudyHasDiagnosis	"clinical"	Study_Has_Diagnosis
phs002371_image	HTA6_2456	StudyHasDiagnosis	"clinical"	Study_Has_Diagnosis
phs002371_image	HTA6_2457	StudyHasDiagnosis	"clinical"	Study_Has_Diagnosis
phs002371_image	HTA6_2458	StudyHasDiagnosis	"clinical"	Study_Has_Diagnosis
phs002371_image	HTA6_2459	StudyHasDiagnosis	"clinical"	Study_Has_Diagnosis
phs002371_image	HTA6_2460	StudyHasDiagnosis	"clinical"	Study_Has_Diagnosis
phs002371_image	HTA6_2461	StudyHasDiagnosis	"clinical"	Study_Has_Diagnosis
phs002371_image	HTA6_2462	StudyHasDiagnosis	"clinical"	Study_Has_Diagnosis
phs002371_image	HTA6_2463	StudyHasDiagnosis	"clinical"	Study_Has_Diagnosis
phs002371_image	HTA6_2464	StudyHasDiagnosis	"clinical"	Study_Has_Diagnosis
phs002371_image	HTA6_2465	StudyHasDiagnosis	"clinical"	Study_Has_Diagnosis
phs002371_image	HTA6_2466	StudyHasDiagnosis	"clinical"	Study_Has_Diagnosis
phs002371_image	HTA6_2467	StudyHasDiagnosis	"clinical"	Study_Has_Diagnosis
phs002371_image	HTA6_2468	StudyHasDiagnosis	"clinical"	Study_Has_Diagnosis
phs002371_image	HTA6_2469	StudyHasDiagnosis	"clinical"	Study_Has_Diagnosis
phs002371_image	HTA6_2470	StudyHasDiagnosis	"clinical"	Study_Has_Diagnosis
phs002371_image	HTA6_2471	StudyHasDiagnosis	"clinical"	Study_Has_Diagnosis
phs002371_image	HTA6_2472	StudyHasDiagnosis	"clinical"	Study_Has_Diagnosis
phs002371_image	HTA6_2473	StudyHasDiagnosis	"clinical"	Study_Has_Diagnosis
phs002371_image	HTA6_2474	StudyHasDiagnosis	"clinical"	Study_Has_Diagnosis
phs002371_image	HTA6_2475	StudyHasDiagnosis	"clinical"	Study_Has_Diagnosis
phs002371_image	HTA6_2476	StudyHasDiagnosis	"clinical"	Study_Has_Diagnosis
phs002371_image	HTA6_2477	StudyHasDiagnosis	"clinical"	Study_Has_Diagnosis
phs002371_image	HTA6_2478	StudyHasDiagnosis	"clinical"	Study_Has_Diagnosis
phs002371_image	HTA6_2479	StudyHasDiagnosis	"clinical"	Study_Has_Diagnosis
phs002371_image	HTA6_2480	StudyHasDiagnosis	"clinical"	Study_Has_Diagnosis
phs002371_image	HTA6_2481	StudyHasDiagnosis	"clinical"	Study_Has_Diagnosis
phs002371_image	HTA6_2482	StudyHasDiagnosis	"clinical"	Study_Has_Diagnosis
phs002371_image	HTA6_2483	StudyHasDiagnosis	"clinical"	Study_Has_Diagnosis
phs002371_image	HTA6_2484	StudyHasDiagnosis	"clinical"	Study_Has_Diagnosis
phs002371_image	HTA6_2485	StudyHasDiagnosis	"clinical"	Study_Has_Diagnosis
phs002371_image	HTA6_2486	StudyHasDiagnosis	"clinical"	Study_Has_Diagnosis
phs002371_image	HTA6_2487	StudyHasDiagnosis	"clinical"	Study_Has_Diagnosis
phs002371_image	HTA6_2488	StudyHasDiagnosis	"clinical"	Study_Has_Diagnosis
phs002371_image	HTA6_2489	StudyHasDiagnosis	"clinical"	Study_Has_Diagnosis
phs002371_image	HTA6_2490	StudyHasDiagnosis	"clinical"	Study_Has_Diagnosis
phs002371_image	HTA6_2491	StudyHasDiagnosis	"clinical"	Study_Has_Diagnosis
phs002371_image	HTA6_2492	StudyHasDiagnosis	"clinical"	Study_Has_Diagnosis
phs002371_image	HTA6_2493	StudyHasDiagnosis	"clinical"	Study_Has_Diagnosis
phs002371_image	HTA6_25	StudyHasDiagnosis	"clinical"	Study_Has_Diagnosis
phs002371_image	HTA6_26	StudyHasDiagnosis	"clinical"	Study_Has_Diagnosis
phs002371_image	HTA6_27	StudyHasDiagnosis	"clinical"	Study_Has_Diagnosis
phs002371_image	HTA6_28	StudyHasDiagnosis	"clinical"	Study_Has_Diagnosis
phs002371_image	HTA6_29	StudyHasDiagnosis	"clinical"	Study_Has_Diagnosis
phs002371_image	HTA6_3	StudyHasDiagnosis	"clinical"	Study_Has_Diagnosis
phs002371_image	HTA6_30	StudyHasDiagnosis	"clinical"	Study_Has_Diagnosis
phs002371_image	HTA6_31	StudyHasDiagnosis	"clinical"	Study_Has_Diagnosis
phs002371_image	HTA6_32	StudyHasDiagnosis	"clinical"	Study_Has_Diagnosis
phs002371_image	HTA6_33	StudyHasDiagnosis	"clinical"	Study_Has_Diagnosis
phs002371_image	HTA6_34	StudyHasDiagnosis	"clinical"	Study_Has_Diagnosis
phs002371_image	HTA6_35	StudyHasDiagnosis	"clinical"	Study_Has_Diagnosis
phs002371_image	HTA6_36	StudyHasDiagnosis	"clinical"	Study_Has_Diagnosis
phs002371_image	HTA6_37	StudyHasDiagnosis	"clinical"	Study_Has_Diagnosis
phs002371_image	HTA6_38	StudyHasDiagnosis	"clinical"	Study_Has_Diagnosis
phs002371_image	HTA6_39	StudyHasDiagnosis	"clinical"	Study_Has_Diagnosis
phs002371_image	HTA6_4	StudyHasDiagnosis	"clinical"	Study_Has_Diagnosis
phs002371_image	HTA6_40	StudyHasDiagnosis	"clinical"	Study_Has_Diagnosis
phs002371_image	HTA6_41	StudyHasDiagnosis	"clinical"	Study_Has_Diagnosis
phs002371_image	HTA6_42	StudyHasDiagnosis	"clinical"	Study_Has_Diagnosis
phs002371_image	HTA6_43	StudyHasDiagnosis	"clinical"	Study_Has_Diagnosis
phs002371_image	HTA6_44	StudyHasDiagnosis	"clinical"	Study_Has_Diagnosis
phs002371_image	HTA6_45	StudyHasDiagnosis	"clinical"	Study_Has_Diagnosis
phs002371_image	HTA6_46	StudyHasDiagnosis	"clinical"	Study_Has_Diagnosis
phs002371_image	HTA6_47	StudyHasDiagnosis	"clinical"	Study_Has_Diagnosis
phs002371_image	HTA6_48	StudyHasDiagnosis	"clinical"	Study_Has_Diagnosis
phs002371_image	HTA6_49	StudyHasDiagnosis	"clinical"	Study_Has_Diagnosis
phs002371_image	HTA6_5	StudyHasDiagnosis	"clinical"	Study_Has_Diagnosis
phs002371_image	HTA6_50	StudyHasDiagnosis	"clinical"	Study_Has_Diagnosis
phs002371_image	HTA6_51	StudyHasDiagnosis	"clinical"	Study_Has_Diagnosis
phs002371_image	HTA6_52	StudyHasDiagnosis	"clinical"	Study_Has_Diagnosis
phs002371_image	HTA6_53	StudyHasDiagnosis	"clinical"	Study_Has_Diagnosis
phs002371_image	HTA6_54	StudyHasDiagnosis	"clinical"	Study_Has_Diagnosis
phs002371_image	HTA6_55	StudyHasDiagnosis	"clinical"	Study_Has_Diagnosis
phs002371_image	HTA6_56	StudyHasDiagnosis	"clinical"	Study_Has_Diagnosis
phs002371_image	HTA6_57	StudyHasDiagnosis	"clinical"	Study_Has_Diagnosis
phs002371_image	HTA6_58	StudyHasDiagnosis	"clinical"	Study_Has_Diagnosis
phs002371_image	HTA6_59	StudyHasDiagnosis	"clinical"	Study_Has_Diagnosis
phs002371_image	HTA6_6	StudyHasDiagnosis	"clinical"	Study_Has_Diagnosis
phs002371_image	HTA6_60	StudyHasDiagnosis	"clinical"	Study_Has_Diagnosis
phs002371_image	HTA6_61	StudyHasDiagnosis	"clinical"	Study_Has_Diagnosis
phs002371_image	HTA6_62	StudyHasDiagnosis	"clinical"	Study_Has_Diagnosis
phs002371_image	HTA6_63	StudyHasDiagnosis	"clinical"	Study_Has_Diagnosis
phs002371_image	HTA6_64	StudyHasDiagnosis	"clinical"	Study_Has_Diagnosis
phs002371_image	HTA6_65	StudyHasDiagnosis	"clinical"	Study_Has_Diagnosis
phs002371_image	HTA6_66	StudyHasDiagnosis	"clinical"	Study_Has_Diagnosis
phs002371_image	HTA6_67	StudyHasDiagnosis	"clinical"	Study_Has_Diagnosis
phs002371_image	HTA6_68	StudyHasDiagnosis	"clinical"	Study_Has_Diagnosis
phs002371_image	HTA6_69	StudyHasDiagnosis	"clinical"	Study_Has_Diagnosis
phs002371_image	HTA6_7	StudyHasDiagnosis	"clinical"	Study_Has_Diagnosis
phs002371_image	HTA6_70	StudyHasDiagnosis	"clinical"	Study_Has_Diagnosis
phs002371_image	HTA6_71	StudyHasDiagnosis	"clinical"	Study_Has_Diagnosis
phs002371_image	HTA6_72	StudyHasDiagnosis	"clinical"	Study_Has_Diagnosis
phs002371_image	HTA6_73	StudyHasDiagnosis	"clinical"	Study_Has_Diagnosis
phs002371_image	HTA6_74	StudyHasDiagnosis	"clinical"	Study_Has_Diagnosis
phs002371_image	HTA6_75	StudyHasDiagnosis	"clinical"	Study_Has_Diagnosis
phs002371_image	HTA6_76	StudyHasDiagnosis	"clinical"	Study_Has_Diagnosis
phs002371_image	HTA6_77	StudyHasDiagnosis	"clinical"	Study_Has_Diagnosis
phs002371_image	HTA6_78	StudyHasDiagnosis	"clinical"	Study_Has_Diagnosis
phs002371_image	HTA6_79	StudyHasDiagnosis	"clinical"	Study_Has_Diagnosis
phs002371_image	HTA6_8	StudyHasDiagnosis	"clinical"	Study_Has_Diagnosis
phs002371_image	HTA6_80	StudyHasDiagnosis	"clinical"	Study_Has_Diagnosis
phs002371_image	HTA6_81	StudyHasDiagnosis	"clinical"	Study_Has_Diagnosis
phs002371_image	HTA6_82	StudyHasDiagnosis	"clinical"	Study_Has_Diagnosis
phs002371_image	HTA6_83	StudyHasDiagnosis	"clinical"	Study_Has_Diagnosis
phs002371_image	HTA6_84	StudyHasDiagnosis	"clinical"	Study_Has_Diagnosis
phs002371_image	HTA6_85	StudyHasDiagnosis	"clinical"	Study_Has_Diagnosis
phs002371_image	HTA6_86	StudyHasDiagnosis	"clinical"	Study_Has_Diagnosis
phs002371_image	HTA6_87	StudyHasDiagnosis	"clinical"	Study_Has_Diagnosis
phs002371_image	HTA6_88	StudyHasDiagnosis	"clinical"	Study_Has_Diagnosis
phs002371_image	HTA6_89	StudyHasDiagnosis	"clinical"	Study_Has_Diagnosis
phs002371_image	HTA6_9	StudyHasDiagnosis	"clinical"	Study_Has_Diagnosis
phs002371_image	HTA6_90	StudyHasDiagnosis	"clinical"	Study_Has_Diagnosis
phs002371_image	HTA6_92	StudyHasDiagnosis	"clinical"	Study_Has_Diagnosis
phs002371_image	HTA6_93	StudyHasDiagnosis	"clinical"	Study_Has_Diagnosis
phs002371_image	HTA6_94	StudyHasDiagnosis	"clinical"	Study_Has_Diagnosis
phs002371_image	HTA6_95	StudyHasDiagnosis	"clinical"	Study_Has_Diagnosis
phs002371_image	HTA6_96	StudyHasDiagnosis	"clinical"	Study_Has_Diagnosis
phs002371_image	HTA6_97	StudyHasDiagnosis	"clinical"	Study_Has_Diagnosis
phs002371_image	HTA6_98	StudyHasDiagnosis	"clinical"	Study_Has_Diagnosis
phs002371_image	HTA6_99	StudyHasDiagnosis	"clinical"	Study_Has_Diagnosis
phs002371_image	HTA6_EXT1	StudyHasDiagnosis	"clinical"	Study_Has_Diagnosis
phs002371_image	HTA6_EXT2	StudyHasDiagnosis	"clinical"	Study_Has_Diagnosis
phs002371_image	HTA6_EXT3	StudyHasDiagnosis	"clinical"	Study_Has_Diagnosis
phs002371_image	HTA6_EXT4	StudyHasDiagnosis	"clinical"	Study_Has_Diagnosis
phs002371_image	HTA6_EXT5	StudyHasDiagnosis	"clinical"	Study_Has_Diagnosis
phs002371_image	HTA6_EXT6	StudyHasDiagnosis	"clinical"	Study_Has_Diagnosis
phs002371_image	HTA6_EXT7	StudyHasDiagnosis	"clinical"	Study_Has_Diagnosis
phs002371_image	HTA7_1	StudyHasDiagnosis	"clinical"	Study_Has_Diagnosis
phs002371_image	HTA7_10	StudyHasDiagnosis	"clinical"	Study_Has_Diagnosis
phs002371_image	HTA7_1000	StudyHasDiagnosis	"clinical"	Study_Has_Diagnosis
phs002371_image	HTA7_1001	StudyHasDiagnosis	"clinical"	Study_Has_Diagnosis
phs002371_image	HTA7_1002	StudyHasDiagnosis	"clinical"	Study_Has_Diagnosis
phs002371_image	HTA7_1003	StudyHasDiagnosis	"clinical"	Study_Has_Diagnosis
phs002371_image	HTA7_1004	StudyHasDiagnosis	"clinical"	Study_Has_Diagnosis
phs002371_image	HTA7_1005	StudyHasDiagnosis	"clinical"	Study_Has_Diagnosis
phs002371_image	HTA7_1006	StudyHasDiagnosis	"clinical"	Study_Has_Diagnosis
phs002371_image	HTA7_13	StudyHasDiagnosis	"clinical"	Study_Has_Diagnosis
phs002371_image	HTA7_14	StudyHasDiagnosis	"clinical"	Study_Has_Diagnosis
phs002371_image	HTA7_15	StudyHasDiagnosis	"clinical"	Study_Has_Diagnosis
phs002371_image	HTA7_16	StudyHasDiagnosis	"clinical"	Study_Has_Diagnosis
phs002371_image	HTA7_22	StudyHasDiagnosis	"clinical"	Study_Has_Diagnosis
phs002371_image	HTA7_32	StudyHasDiagnosis	"clinical"	Study_Has_Diagnosis
phs002371_image	HTA7_47	StudyHasDiagnosis	"clinical"	Study_Has_Diagnosis
phs002371_image	HTA7_49	StudyHasDiagnosis	"clinical"	Study_Has_Diagnosis
phs002371_image	HTA7_52	StudyHasDiagnosis	"clinical"	Study_Has_Diagnosis
phs002371_image	HTA7_6	StudyHasDiagnosis	"clinical"	Study_Has_Diagnosis
phs002371_image	HTA7_8	StudyHasDiagnosis	"clinical"	Study_Has_Diagnosis
phs002371_image	HTA7_904	StudyHasDiagnosis	"clinical"	Study_Has_Diagnosis
phs002371_image	HTA7_905	StudyHasDiagnosis	"clinical"	Study_Has_Diagnosis
phs002371_image	HTA7_906	StudyHasDiagnosis	"clinical"	Study_Has_Diagnosis
phs002371_image	HTA7_907	StudyHasDiagnosis	"clinical"	Study_Has_Diagnosis
phs002371_image	HTA7_908	StudyHasDiagnosis	"clinical"	Study_Has_Diagnosis
phs002371_image	HTA7_909	StudyHasDiagnosis	"clinical"	Study_Has_Diagnosis
phs002371_image	HTA7_910	StudyHasDiagnosis	"clinical"	Study_Has_Diagnosis
phs002371_image	HTA7_911	StudyHasDiagnosis	"clinical"	Study_Has_Diagnosis
phs002371_image	HTA7_912	StudyHasDiagnosis	"clinical"	Study_Has_Diagnosis
phs002371_image	HTA7_913	StudyHasDiagnosis	"clinical"	Study_Has_Diagnosis
phs002371_image	HTA7_914	StudyHasDiagnosis	"clinical"	Study_Has_Diagnosis
phs002371_image	HTA7_915	StudyHasDiagnosis	"clinical"	Study_Has_Diagnosis
phs002371_image	HTA7_916	StudyHasDiagnosis	"clinical"	Study_Has_Diagnosis
phs002371_image	HTA7_917	StudyHasDiagnosis	"clinical"	Study_Has_Diagnosis
phs002371_image	HTA7_918	StudyHasDiagnosis	"clinical"	Study_Has_Diagnosis
phs002371_image	HTA7_919	StudyHasDiagnosis	"clinical"	Study_Has_Diagnosis
phs002371_image	HTA7_920	StudyHasDiagnosis	"clinical"	Study_Has_Diagnosis
phs002371_image	HTA7_921	StudyHasDiagnosis	"clinical"	Study_Has_Diagnosis
phs002371_image	HTA7_922	StudyHasDiagnosis	"clinical"	Study_Has_Diagnosis
phs002371_image	HTA7_923	StudyHasDiagnosis	"clinical"	Study_Has_Diagnosis
phs002371_image	HTA7_924	StudyHasDiagnosis	"clinical"	Study_Has_Diagnosis
phs002371_image	HTA7_925	StudyHasDiagnosis	"clinical"	Study_Has_Diagnosis
phs002371_image	HTA7_926	StudyHasDiagnosis	"clinical"	Study_Has_Diagnosis
phs002371_image	HTA7_927	StudyHasDiagnosis	"clinical"	Study_Has_Diagnosis
phs002371_image	HTA7_928	StudyHasDiagnosis	"clinical"	Study_Has_Diagnosis
phs002371_image	HTA7_929	StudyHasDiagnosis	"clinical"	Study_Has_Diagnosis
phs002371_image	HTA7_930	StudyHasDiagnosis	"clinical"	Study_Has_Diagnosis
phs002371_image	HTA7_931	StudyHasDiagnosis	"clinical"	Study_Has_Diagnosis
phs002371_image	HTA7_932	StudyHasDiagnosis	"clinical"	Study_Has_Diagnosis
phs002371_image	HTA7_933	StudyHasDiagnosis	"clinical"	Study_Has_Diagnosis
phs002371_image	HTA7_934	StudyHasDiagnosis	"clinical"	Study_Has_Diagnosis
phs002371_image	HTA7_935	StudyHasDiagnosis	"clinical"	Study_Has_Diagnosis
phs002371_image	HTA7_936	StudyHasDiagnosis	"clinical"	Study_Has_Diagnosis
phs002371_image	HTA7_937	StudyHasDiagnosis	"clinical"	Study_Has_Diagnosis
phs002371_image	HTA7_938	StudyHasDiagnosis	"clinical"	Study_Has_Diagnosis
phs002371_image	HTA7_939	StudyHasDiagnosis	"clinical"	Study_Has_Diagnosis
phs002371_image	HTA7_940	StudyHasDiagnosis	"clinical"	Study_Has_Diagnosis
phs002371_image	HTA7_941	StudyHasDiagnosis	"clinical"	Study_Has_Diagnosis
phs002371_image	HTA7_942	StudyHasDiagnosis	"clinical"	Study_Has_Diagnosis
phs002371_image	HTA7_943	StudyHasDiagnosis	"clinical"	Study_Has_Diagnosis
phs002371_image	HTA7_944	StudyHasDiagnosis	"clinical"	Study_Has_Diagnosis
phs002371_image	HTA7_945	StudyHasDiagnosis	"clinical"	Study_Has_Diagnosis
phs002371_image	HTA7_946	StudyHasDiagnosis	"clinical"	Study_Has_Diagnosis
phs002371_image	HTA7_947	StudyHasDiagnosis	"clinical"	Study_Has_Diagnosis
phs002371_image	HTA7_948	StudyHasDiagnosis	"clinical"	Study_Has_Diagnosis
phs002371_image	HTA7_949	StudyHasDiagnosis	"clinical"	Study_Has_Diagnosis
phs002371_image	HTA7_950	StudyHasDiagnosis	"clinical"	Study_Has_Diagnosis
phs002371_image	HTA7_951	StudyHasDiagnosis	"clinical"	Study_Has_Diagnosis
phs002371_image	HTA7_952	StudyHasDiagnosis	"clinical"	Study_Has_Diagnosis
phs002371_image	HTA7_953	StudyHasDiagnosis	"clinical"	Study_Has_Diagnosis
phs002371_image	HTA7_954	StudyHasDiagnosis	"clinical"	Study_Has_Diagnosis
phs002371_image	HTA7_955	StudyHasDiagnosis	"clinical"	Study_Has_Diagnosis
phs002371_image	HTA7_956	StudyHasDiagnosis	"clinical"	Study_Has_Diagnosis
phs002371_image	HTA7_957	StudyHasDiagnosis	"clinical"	Study_Has_Diagnosis
phs002371_image	HTA7_958	StudyHasDiagnosis	"clinical"	Study_Has_Diagnosis
phs002371_image	HTA7_959	StudyHasDiagnosis	"clinical"	Study_Has_Diagnosis
phs002371_image	HTA7_960	StudyHasDiagnosis	"clinical"	Study_Has_Diagnosis
phs002371_image	HTA7_961	StudyHasDiagnosis	"clinical"	Study_Has_Diagnosis
phs002371_image	HTA7_962	StudyHasDiagnosis	"clinical"	Study_Has_Diagnosis
phs002371_image	HTA7_963	StudyHasDiagnosis	"clinical"	Study_Has_Diagnosis
phs002371_image	HTA7_964	StudyHasDiagnosis	"clinical"	Study_Has_Diagnosis
phs002371_image	HTA7_965	StudyHasDiagnosis	"clinical"	Study_Has_Diagnosis
phs002371_image	HTA7_966	StudyHasDiagnosis	"clinical"	Study_Has_Diagnosis
phs002371_image	HTA7_967	StudyHasDiagnosis	"clinical"	Study_Has_Diagnosis
phs002371_image	HTA7_968	StudyHasDiagnosis	"clinical"	Study_Has_Diagnosis
phs002371_image	HTA7_969	StudyHasDiagnosis	"clinical"	Study_Has_Diagnosis
phs002371_image	HTA7_970	StudyHasDiagnosis	"clinical"	Study_Has_Diagnosis
phs002371_image	HTA7_971	StudyHasDiagnosis	"clinical"	Study_Has_Diagnosis
phs002371_image	HTA7_972	StudyHasDiagnosis	"clinical"	Study_Has_Diagnosis
phs002371_image	HTA7_973	StudyHasDiagnosis	"clinical"	Study_Has_Diagnosis
phs002371_image	HTA7_974	StudyHasDiagnosis	"clinical"	Study_Has_Diagnosis
phs002371_image	HTA7_975	StudyHasDiagnosis	"clinical"	Study_Has_Diagnosis
phs002371_image	HTA7_976	StudyHasDiagnosis	"clinical"	Study_Has_Diagnosis
phs002371_image	HTA7_977	StudyHasDiagnosis	"clinical"	Study_Has_Diagnosis
phs002371_image	HTA7_978	StudyHasDiagnosis	"clinical"	Study_Has_Diagnosis
phs002371_image	HTA7_979	StudyHasDiagnosis	"clinical"	Study_Has_Diagnosis
phs002371_image	HTA7_980	StudyHasDiagnosis	"clinical"	Study_Has_Diagnosis
phs002371_image	HTA7_981	StudyHasDiagnosis	"clinical"	Study_Has_Diagnosis
phs002371_image	HTA7_982	StudyHasDiagnosis	"clinical"	Study_Has_Diagnosis
phs002371_image	HTA7_983	StudyHasDiagnosis	"clinical"	Study_Has_Diagnosis
phs002371_image	HTA7_984	StudyHasDiagnosis	"clinical"	Study_Has_Diagnosis
phs002371_image	HTA7_985	StudyHasDiagnosis	"clinical"	Study_Has_Diagnosis
phs002371_image	HTA7_986	StudyHasDiagnosis	"clinical"	Study_Has_Diagnosis
phs002371_image	HTA7_987	StudyHasDiagnosis	"clinical"	Study_Has_Diagnosis
phs002371_image	HTA7_988	StudyHasDiagnosis	"clinical"	Study_Has_Diagnosis
phs002371_image	HTA7_989	StudyHasDiagnosis	"clinical"	Study_Has_Diagnosis
phs002371_image	HTA7_990	StudyHasDiagnosis	"clinical"	Study_Has_Diagnosis
phs002371_image	HTA7_991	StudyHasDiagnosis	"clinical"	Study_Has_Diagnosis
phs002371_image	HTA7_992	StudyHasDiagnosis	"clinical"	Study_Has_Diagnosis
phs002371_image	HTA7_993	StudyHasDiagnosis	"clinical"	Study_Has_Diagnosis
phs002371_image	HTA7_994	StudyHasDiagnosis	"clinical"	Study_Has_Diagnosis
phs002371_image	HTA7_995	StudyHasDiagnosis	"clinical"	Study_Has_Diagnosis
phs002371_image	HTA7_996	StudyHasDiagnosis	"clinical"	Study_Has_Diagnosis
phs002371_image	HTA7_997	StudyHasDiagnosis	"clinical"	Study_Has_Diagnosis
phs002371_image	HTA7_998	StudyHasDiagnosis	"clinical"	Study_Has_Diagnosis
phs002371_image	HTA7_999	StudyHasDiagnosis	"clinical"	Study_Has_Diagnosis
phs002371_image	HTA8_2020	StudyHasDiagnosis	"clinical"	Study_Has_Diagnosis
phs002371_image	HTA8_2021	StudyHasDiagnosis	"clinical"	Study_Has_Diagnosis
phs002371_image	HTA8_2022	StudyHasDiagnosis	"clinical"	Study_Has_Diagnosis
phs002371_image	HTA8_2023	StudyHasDiagnosis	"clinical"	Study_Has_Diagnosis
phs002371_image	HTA8_2024	StudyHasDiagnosis	"clinical"	Study_Has_Diagnosis
phs002371_image	HTA8_2025	StudyHasDiagnosis	"clinical"	Study_Has_Diagnosis
phs002371_image	HTA8_2026	StudyHasDiagnosis	"clinical"	Study_Has_Diagnosis
phs002371_image	HTA8_2027	StudyHasDiagnosis	"clinical"	Study_Has_Diagnosis
phs002371_image	HTA8_2028	StudyHasDiagnosis	"clinical"	Study_Has_Diagnosis
phs002371_image	HTA8_2029	StudyHasDiagnosis	"clinical"	Study_Has_Diagnosis
phs002371_image	HTA8_2030	StudyHasDiagnosis	"clinical"	Study_Has_Diagnosis
phs002371_image	HTA8_2031	StudyHasDiagnosis	"clinical"	Study_Has_Diagnosis
phs002371_image	HTA8_2032	StudyHasDiagnosis	"clinical"	Study_Has_Diagnosis
phs002371_image	HTA8_2033	StudyHasDiagnosis	"clinical"	Study_Has_Diagnosis
phs002371_image	HTA8_2034	StudyHasDiagnosis	"clinical"	Study_Has_Diagnosis
phs002371_image	HTA8_2035	StudyHasDiagnosis	"clinical"	Study_Has_Diagnosis
phs002371_image	HTA8_2036	StudyHasDiagnosis	"clinical"	Study_Has_Diagnosis
phs002371_image	HTA8_2037	StudyHasDiagnosis	"clinical"	Study_Has_Diagnosis
phs002371_image	HTA8_2038	StudyHasDiagnosis	"clinical"	Study_Has_Diagnosis
phs002371_image	HTA8_2039	StudyHasDiagnosis	"clinical"	Study_Has_Diagnosis
phs002371_image	HTA8_2040	StudyHasDiagnosis	"clinical"	Study_Has_Diagnosis
phs002371_image	HTA8_2041	StudyHasDiagnosis	"clinical"	Study_Has_Diagnosis
phs002371_image	HTA8_2042	StudyHasDiagnosis	"clinical"	Study_Has_Diagnosis
phs002371_image	HTA8_2043	StudyHasDiagnosis	"clinical"	Study_Has_Diagnosis
phs002371_image	HTA8_2044	StudyHasDiagnosis	"clinical"	Study_Has_Diagnosis
phs002371_image	HTA8_2045	StudyHasDiagnosis	"clinical"	Study_Has_Diagnosis
phs002371_image	HTA8_2046	StudyHasDiagnosis	"clinical"	Study_Has_Diagnosis
phs002371_image	HTA8_2047	StudyHasDiagnosis	"clinical"	Study_Has_Diagnosis
phs002371_image	HTA8_2048	StudyHasDiagnosis	"clinical"	Study_Has_Diagnosis
phs002371_image	HTA8_2049	StudyHasDiagnosis	"clinical"	Study_Has_Diagnosis
phs002371_image	HTA8_2050	StudyHasDiagnosis	"clinical"	Study_Has_Diagnosis
phs002371_image	HTA8_2051	StudyHasDiagnosis	"clinical"	Study_Has_Diagnosis
phs002371_image	HTA8_2052	StudyHasDiagnosis	"clinical"	Study_Has_Diagnosis
phs002371_image	HTA8_2053	StudyHasDiagnosis	"clinical"	Study_Has_Diagnosis
phs002371_image	HTA8_2054	StudyHasDiagnosis	"clinical"	Study_Has_Diagnosis
phs002371_image	HTA8_2055	StudyHasDiagnosis	"clinical"	Study_Has_Diagnosis
phs002371_image	HTA8_2056	StudyHasDiagnosis	"clinical"	Study_Has_Diagnosis
phs002371_image	HTA9_1	StudyHasDiagnosis	"clinical"	Study_Has_Diagnosis
phs002371_image	HTA9_10	StudyHasDiagnosis	"clinical"	Study_Has_Diagnosis
phs002371_image	HTA9_11	StudyHasDiagnosis	"clinical"	Study_Has_Diagnosis
phs002371_image	HTA9_12	StudyHasDiagnosis	"clinical"	Study_Has_Diagnosis
phs002371_image	HTA9_13	StudyHasDiagnosis	"clinical"	Study_Has_Diagnosis
phs002371_image	HTA9_14	StudyHasDiagnosis	"clinical"	Study_Has_Diagnosis
phs002371_image	HTA9_15	StudyHasDiagnosis	"clinical"	Study_Has_Diagnosis
phs002371_image	HTA9_16	StudyHasDiagnosis	"clinical"	Study_Has_Diagnosis
phs002371_image	HTA9_17	StudyHasDiagnosis	"clinical"	Study_Has_Diagnosis
phs002371_image	HTA9_18	StudyHasDiagnosis	"clinical"	Study_Has_Diagnosis
phs002371_image	HTA9_2	StudyHasDiagnosis	"clinical"	Study_Has_Diagnosis
phs002371_image	HTA9_23	StudyHasDiagnosis	"clinical"	Study_Has_Diagnosis
phs002371_image	HTA9_24	StudyHasDiagnosis	"clinical"	Study_Has_Diagnosis
phs002371_image	HTA9_25	StudyHasDiagnosis	"clinical"	Study_Has_Diagnosis
phs002371_image	HTA9_26	StudyHasDiagnosis	"clinical"	Study_Has_Diagnosis
phs002371_image	HTA9_27	StudyHasDiagnosis	"clinical"	Study_Has_Diagnosis
phs002371_image	HTA9_3	StudyHasDiagnosis	"clinical"	Study_Has_Diagnosis
phs002371_image	HTA9_7	StudyHasDiagnosis	"clinical"	Study_Has_Diagnosis
phs002371_image	HTA9_8	StudyHasDiagnosis	"clinical"	Study_Has_Diagnosis
phs002371_image	HTA9_9	StudyHasDiagnosis	"clinical"	Study_Has_Diagnosis
10.17917	efo:0001653	HasExperimentalFactor	"tabular_data;experimental_data"	has_experimental_factor
10.17917	hgnc:18662	HasGeneorgeneproduct	"tabular_data;experimental_data"	has_biolink:GeneOrGeneProduct
10.17917	mesh:D009101	HasDisease	"tabular_data;experimental_data"	has_biolink:Disease
10.17917	mesh:D006321	HasGrossanatomicalstructure	"tabular_data;experimental_data"	has_biolink:GrossAnatomicalStructure
10.17917	mesh:D008099	HasGrossanatomicalstructure	"tabular_data;experimental_data"	has_biolink:GrossAnatomicalStructure
10.17917	mesh:D013154	HasGrossanatomicalstructure	"tabular_data;experimental_data"	has_biolink:GrossAnatomicalStructure
10.17917	mesh:D008168	HasGrossanatomicalstructure	"tabular_data;experimental_data"	has_biolink:GrossAnatomicalStructure
10.17917	mesh:D007668	HasGrossanatomicalstructure	"tabular_data;experimental_data"	has_biolink:GrossAnatomicalStructure
10.17917	mesh:D013270	HasGrossanatomicalstructure	"tabular_data;experimental_data"	has_biolink:GrossAnatomicalStructure
10.17917	mesh:D007422	HasGrossanatomicalstructure	"tabular_data;experimental_data"	has_biolink:GrossAnatomicalStructure
10.17917	chebi:26710	HasSmallmolecule	"tabular_data;experimental_data"	has_biolink:SmallMolecule
10.17917	chebi:9750	HasSmallmolecule	"tabular_data;experimental_data"	has_biolink:SmallMolecule
10.17917	mesh:D019540	HasExperimentalFactor	"tabular_data;experimental_data"	has_experimental_factor
10.17917	efo:0002677	HasExperimentalFactor	"tabular_data;experimental_data"	has_experimental_factor
10.17917	mesh:D001921	HasGrossanatomicalstructure	"tabular_data;experimental_data"	has_biolink:GrossAnatomicalStructure
10.17917	mesh:D009132	HasGrossanatomicalstructure	"tabular_data;experimental_data"	has_biolink:GrossAnatomicalStructure
10.17917	mesh:D012867	HasGrossanatomicalstructure	"tabular_data;experimental_data"	has_biolink:GrossAnatomicalStructure
10.17917	chebi:29035	HasSmallmolecule	"tabular_data;experimental_data"	has_biolink:SmallMolecule
10.17917	mesh:D010361	HasOther	"tabular_data;experimental_data"	has_other
10.17917	mesh:D044967	HasGrossanatomicalstructure	"tabular_data;experimental_data"	has_biolink:GrossAnatomicalStructure
10.17917	chebi:26020	HasSmallmolecule	"tabular_data;experimental_data"	has_biolink:SmallMolecule
10.17917	mesh:D010949	HasGrossanatomicalstructure	"tabular_data;experimental_data"	has_biolink:GrossAnatomicalStructure
10.17917	mesh:D009369	HasDisease	"tabular_data;experimental_data"	has_biolink:Disease
10.17917	mesh:D008670	HasSmallmolecule	"tabular_data;experimental_data"	has_biolink:SmallMolecule
10.17917	chebi:18248	HasSmallmolecule	"tabular_data;experimental_data"	has_biolink:SmallMolecule
10.17917	chebi:15379	HasSmallmolecule	"tabular_data;experimental_data"	has_biolink:SmallMolecule
10.17917	chebi:27594	HasSmallmolecule	"tabular_data;experimental_data"	has_biolink:SmallMolecule
10.17917	mesh:D001769	HasGrossanatomicalstructure	"tabular_data;experimental_data"	has_biolink:GrossAnatomicalStructure
10.17917	chebi:33364	HasSmallmolecule	"tabular_data;experimental_data"	has_biolink:SmallMolecule
10.17917	efo:0002382	HasExperimentalFactor	"tabular_data;experimental_data"	has_experimental_factor
10.17917	efo:0005067	HasExperimentalFactor	"tabular_data;experimental_data"	has_experimental_factor
10.17917	hgnc:785	HasGeneorgeneproduct	"tabular_data;experimental_data"	has_biolink:GeneOrGeneProduct
10.17917	hgnc:10627	HasGeneorgeneproduct	"tabular_data;experimental_data"	has_biolink:GeneOrGeneProduct
10.17917	hgnc:10630	HasGeneorgeneproduct	"tabular_data;experimental_data"	has_biolink:GeneOrGeneProduct
10.17917	hgnc:4603	HasGeneorgeneproduct	"tabular_data;experimental_data"	has_biolink:GeneOrGeneProduct
10.17917	hgnc:2561	HasGeneorgeneproduct	"tabular_data;experimental_data"	has_biolink:GeneOrGeneProduct
10.17917	hgnc:4096	HasGeneorgeneproduct	"tabular_data;experimental_data"	has_biolink:GeneOrGeneProduct
10.17917	hgnc:3059	HasGeneorgeneproduct	"tabular_data;experimental_data"	has_biolink:GeneOrGeneProduct
10.17917	hgnc:9052	HasGeneorgeneproduct	"tabular_data;experimental_data"	has_biolink:GeneOrGeneProduct
10.17917	hgnc:19699	HasGeneorgeneproduct	"tabular_data;experimental_data"	has_biolink:GeneOrGeneProduct
10.17917	hgnc:11892	HasGeneorgeneproduct	"tabular_data;experimental_data"	has_biolink:GeneOrGeneProduct
10.17917	hgnc:3386	HasGeneorgeneproduct	"tabular_data;experimental_data"	has_biolink:GeneOrGeneProduct
10.17917	hgnc:7679	HasGeneorgeneproduct	"tabular_data;experimental_data"	has_biolink:GeneOrGeneProduct
10.17917	hgnc:7980	HasGeneorgeneproduct	"tabular_data;experimental_data"	has_biolink:GeneOrGeneProduct
10.17917	hgnc:6347	HasGeneorgeneproduct	"tabular_data;experimental_data"	has_biolink:GeneOrGeneProduct
10.17917	hgnc:16516	HasGeneorgeneproduct	"tabular_data;experimental_data"	has_biolink:GeneOrGeneProduct
10.17917	hgnc:30142	HasGeneorgeneproduct	"tabular_data;experimental_data"	has_biolink:GeneOrGeneProduct
10.17917	hgnc:10637	HasGeneorgeneproduct	"tabular_data;experimental_data"	has_biolink:GeneOrGeneProduct
10.17917	hgnc:33904	HasGeneorgeneproduct	"tabular_data;experimental_data"	has_biolink:GeneOrGeneProduct
10.17917	efo:0000428	HasExperimentalFactor	"tabular_data;experimental_data"	has_experimental_factor
10.17917	hgnc:50886	HasRnaproduct	"tabular_data;experimental_data"	has_biolink:RNAProduct
10.17917	chebi:9765	HasSmallmolecule	"tabular_data;experimental_data"	has_biolink:SmallMolecule
10.17917	hgnc:4602	HasGeneorgeneproduct	"tabular_data;experimental_data"	has_biolink:GeneOrGeneProduct
10.17917	hgnc:7098	HasGeneorgeneproduct	"tabular_data;experimental_data"	has_biolink:GeneOrGeneProduct
10.17917	hgnc:10618	HasGeneorgeneproduct	"tabular_data;experimental_data"	has_biolink:GeneOrGeneProduct
10.17917	hgnc:10632	HasGeneorgeneproduct	"tabular_data;experimental_data"	has_biolink:GeneOrGeneProduct
10.17917	hgnc:16637	HasGeneorgeneproduct	"tabular_data;experimental_data"	has_biolink:GeneOrGeneProduct
10.17917	chebi:28304	HasSmallmolecule	"tabular_data;experimental_data"	has_biolink:SmallMolecule
10.17917	efo:0008800	HasExperimentalFactor	"tabular_data;experimental_data"	has_experimental_factor
10.17917	mesh:D018922	HasGrossanatomicalstructure	"tabular_data;experimental_data"	has_biolink:GrossAnatomicalStructure
10.17917	hgnc:11795	HasGeneorgeneproduct	"tabular_data;experimental_data"	has_biolink:GeneOrGeneProduct
10.17917	mesh:D007246	HasDisease	"tabular_data;experimental_data"	has_biolink:Disease
10.17917	mesh:D000072283	HasGrossanatomicalstructure	"tabular_data;experimental_data"	has_biolink:GrossAnatomicalStructure
10.17917	mesh:D013696	HasBiologicalprocess	"tabular_data;experimental_data"	has_biolink:BiologicalProcess
10.17917	chebi:50803	HasSmallmolecule	"tabular_data;experimental_data"	has_biolink:SmallMolecule
10.17917	mesh:D013950	HasGrossanatomicalstructure	"tabular_data;experimental_data"	has_biolink:GrossAnatomicalStructure
10.17917	chebi:76777	HasSmallmolecule	"tabular_data;experimental_data"	has_biolink:SmallMolecule
10.17917	chebi:5181	HasSmallmolecule	"tabular_data;experimental_data"	has_biolink:SmallMolecule
10.17917	mesh:D001940	HasGrossanatomicalstructure	"tabular_data;experimental_data"	has_biolink:GrossAnatomicalStructure
10.17917	efo:0001209	HasExperimentalFactor	"tabular_data;experimental_data"	has_experimental_factor
10.17917	efo:0001262	HasExperimentalFactor	"tabular_data;experimental_data"	has_experimental_factor
10.17917	mesh:D011467	HasGrossanatomicalstructure	"tabular_data;experimental_data"	has_biolink:GrossAnatomicalStructure
10.17917	efo:0002071	HasExperimentalFactor	"tabular_data;experimental_data"	has_experimental_factor
10.17917	hgnc:8743	HasGeneorgeneproduct	"tabular_data;experimental_data"	has_biolink:GeneOrGeneProduct
10.17917	chebi:17606	HasSmallmolecule	"tabular_data;experimental_data"	has_biolink:SmallMolecule
10.17917	mesh:D057770	HasDisease	"tabular_data;experimental_data"	has_biolink:Disease
10.17917	mesh:D005076	HasDisease	"tabular_data;experimental_data"	has_biolink:Disease
10.17917	mesh:D006932	HasDisease	"tabular_data;experimental_data"	has_biolink:Disease
10.17917	mesh:D010820	HasOther	"tabular_data;experimental_data"	has_other
10.17917	doid:4074	HasDisease	"tabular_data;experimental_data"	has_biolink:Disease
10.17917	doid:2870	HasDisease	"tabular_data;experimental_data"	has_biolink:Disease
10.17917	doid:5744	HasDisease	"tabular_data;experimental_data"	has_biolink:Disease
10.17917	efo:0002954	HasExperimentalFactor	"tabular_data;experimental_data"	has_experimental_factor
10.17917	mesh:D006394	HasDisease	"tabular_data;experimental_data"	has_biolink:Disease
10.17917	mesh:D000077192	HasDisease	"tabular_data;experimental_data"	has_biolink:Disease
10.17917	chebi:84603	HasSmallmolecule	"tabular_data;experimental_data"	has_biolink:SmallMolecule
10.17917	doid:4914	HasDisease	"tabular_data;experimental_data"	has_biolink:Disease
10.17917	mesh:D016889	HasDisease	"tabular_data;experimental_data"	has_biolink:Disease
10.17917	mesh:D018196	HasDisease	"tabular_data;experimental_data"	has_biolink:Disease
10.17917	efo:0006851	HasExperimentalFactor	"tabular_data;experimental_data"	has_experimental_factor
10.17917	mesh:D018281	HasDisease	"tabular_data;experimental_data"	has_biolink:Disease
10.17917	doid:2632	HasDisease	"tabular_data;experimental_data"	has_biolink:Disease
10.17917	doid:3008	HasDisease	"tabular_data;experimental_data"	has_biolink:Disease
10.17917	efo:0001908	HasExperimentalFactor	"tabular_data;experimental_data"	has_experimental_factor
10.17917	mesh:D015017	HasGrossanatomicalstructure	"tabular_data;experimental_data"	has_biolink:GrossAnatomicalStructure
10.17917	fplx:Pertussis_toxin	HasMacromolecularcomplexorproteinfamily	"tabular_data;experimental_data"	has_biolink:MacromolecularComplexOrProteinFamily
10.17917	hgnc:9453	HasGeneorgeneproduct	"tabular_data;experimental_data"	has_biolink:GeneOrGeneProduct
10.17917	chebi:53374	HasSmallmolecule	"tabular_data;experimental_data"	has_biolink:SmallMolecule
10.17917	chebi:8062	HasSmallmolecule	"tabular_data;experimental_data"	has_biolink:SmallMolecule
10.17917	hgnc:12703	HasGeneorgeneproduct	"tabular_data;experimental_data"	has_biolink:GeneOrGeneProduct
10.17917	hp:0003676	HasDisease	"tabular_data;experimental_data"	has_biolink:Disease
10.17917	hp:0031915	HasDisease	"tabular_data;experimental_data"	has_biolink:Disease
10.17917	chebi:29108	HasSmallmolecule	"tabular_data;experimental_data"	has_biolink:SmallMolecule
10.17917	mesh:D002289	HasDisease	"tabular_data;experimental_data"	has_biolink:Disease
10.17917	mesh:D000230	HasDisease	"tabular_data;experimental_data"	has_biolink:Disease
10.17917	mesh:D017734	HasGrossanatomicalstructure	"tabular_data;experimental_data"	has_biolink:GrossAnatomicalStructure
10.17917	mesh:D006863	HasBiologicalprocess	"tabular_data;experimental_data"	has_biolink:BiologicalProcess
10.17917	mesh:D013812	HasExperimentalFactor	"tabular_data;experimental_data"	has_experimental_factor
10.17917	hgnc:451	HasGeneorgeneproduct	"tabular_data;experimental_data"	has_biolink:GeneOrGeneProduct
10.17917	efo:0010942	HasExperimentalFactor	"tabular_data;experimental_data"	has_experimental_factor
10.17917	mesh:D011471	HasDisease	"tabular_data;experimental_data"	has_biolink:Disease
10.17917	mesh:C536475	HasDisease	"tabular_data;experimental_data"	has_biolink:Disease
10.17917	mesh:D004358	HasExperimentalFactor	"tabular_data;experimental_data"	has_experimental_factor
10.17917	hgnc:9588	HasGeneorgeneproduct	"tabular_data;experimental_data"	has_biolink:GeneOrGeneProduct
10.17917	hgnc:8763	HasGeneorgeneproduct	"tabular_data;experimental_data"	has_biolink:GeneOrGeneProduct
10.17917	chebi:167896	HasSmallmolecule	"tabular_data;experimental_data"	has_biolink:SmallMolecule
10.17917	chebi:19227	HasSmallmolecule	"tabular_data;experimental_data"	has_biolink:SmallMolecule
10.17917	mesh:D001743	HasGrossanatomicalstructure	"tabular_data;experimental_data"	has_biolink:GrossAnatomicalStructure
10.17917	mesh:D007421	HasGrossanatomicalstructure	"tabular_data;experimental_data"	has_biolink:GrossAnatomicalStructure
10.17917	mesh:D007420	HasGrossanatomicalstructure	"tabular_data;experimental_data"	has_biolink:GrossAnatomicalStructure
10.17917	hgnc:2527	HasGeneorgeneproduct	"tabular_data;experimental_data"	has_biolink:GeneOrGeneProduct
10.17917	hgnc:2537	HasGeneorgeneproduct	"tabular_data;experimental_data"	has_biolink:GeneOrGeneProduct
10.17917	hgnc:2547	HasGeneorgeneproduct	"tabular_data;experimental_data"	has_biolink:GeneOrGeneProduct
10.17917	hgnc:9472	HasGeneorgeneproduct	"tabular_data;experimental_data"	has_biolink:GeneOrGeneProduct
10.17917	hgnc:6617	HasGeneorgeneproduct	"tabular_data;experimental_data"	has_biolink:GeneOrGeneProduct
10.17917	hgnc:11068	HasGeneorgeneproduct	"tabular_data;experimental_data"	has_biolink:GeneOrGeneProduct
10.17917	mesh:C022102	HasSmallmolecule	"tabular_data;experimental_data"	has_biolink:SmallMolecule
10.17917	hgnc:6364	HasGeneorgeneproduct	"tabular_data;experimental_data"	has_biolink:GeneOrGeneProduct
10.17917	mesh:D011468	HasExperimentalFactor	"tabular_data;experimental_data"	has_experimental_factor
10.17917	efo:0007027	HasExperimentalFactor	"tabular_data;experimental_data"	has_experimental_factor
10.17917	mesh:D020481	HasOther	"tabular_data;experimental_data"	has_other
10.17917	hgnc:1943	HasGeneorgeneproduct	"tabular_data;experimental_data"	has_biolink:GeneOrGeneProduct
10.17917	hgnc:8636	HasGeneorgeneproduct	"tabular_data;experimental_data"	has_biolink:GeneOrGeneProduct
10.17917	hgnc:11261	HasGeneorgeneproduct	"tabular_data;experimental_data"	has_biolink:GeneOrGeneProduct
10.17917	chebi:16737	HasSmallmolecule	"tabular_data;experimental_data"	has_biolink:SmallMolecule
10.17917	hgnc:17148	HasGeneorgeneproduct	"tabular_data;experimental_data"	has_biolink:GeneOrGeneProduct
10.17917	hgnc:4552	HasGeneorgeneproduct	"tabular_data;experimental_data"	has_biolink:GeneOrGeneProduct
10.17917	fplx:GOT	HasMacromolecularcomplexorproteinfamily	"tabular_data;experimental_data"	has_biolink:MacromolecularComplexOrProteinFamily
10.17917	hgnc:11092	HasGeneorgeneproduct	"tabular_data;experimental_data"	has_biolink:GeneOrGeneProduct
10.17917	chebi:16990	HasSmallmolecule	"tabular_data;experimental_data"	has_biolink:SmallMolecule
10.17917	chebi:17234	HasSmallmolecule	"tabular_data;experimental_data"	has_biolink:SmallMolecule
10.17917	chebi:53424	HasSmallmolecule	"tabular_data;experimental_data"	has_biolink:SmallMolecule
10.17917	mesh:D007834	HasExperimentalFactor	"tabular_data;experimental_data"	has_experimental_factor
10.17917	mesh:C000601736	HasSmallmolecule	"tabular_data;experimental_data"	has_biolink:SmallMolecule
10.17917	chebi:25107	HasSmallmolecule	"tabular_data;experimental_data"	has_biolink:SmallMolecule
10.17917	chebi:44185	HasSmallmolecule	"tabular_data;experimental_data"	has_biolink:SmallMolecule
10.17917	mesh:D014480	HasOther	"tabular_data;experimental_data"	has_other
10.17917	chebi:24859	HasSmallmolecule	"tabular_data;experimental_data"	has_biolink:SmallMolecule
10.17917	hgnc:40050	HasGeneorgeneproduct	"tabular_data;experimental_data"	has_biolink:GeneOrGeneProduct
10.17917	chebi:41500	HasSmallmolecule	"tabular_data;experimental_data"	has_biolink:SmallMolecule
10.17917	mesh:D003106	HasGrossanatomicalstructure	"tabular_data;experimental_data"	has_biolink:GrossAnatomicalStructure
10.17917	hgnc:20442	HasGeneorgeneproduct	"tabular_data;experimental_data"	has_biolink:GeneOrGeneProduct
10.17917	chebi:43176	HasSmallmolecule	"tabular_data;experimental_data"	has_biolink:SmallMolecule
10.17917	hgnc:1324	HasGeneorgeneproduct	"tabular_data;experimental_data"	has_biolink:GeneOrGeneProduct
10.17917	chebi:16234	HasSmallmolecule	"tabular_data;experimental_data"	has_biolink:SmallMolecule
10.17917	chebi:50728	HasSmallmolecule	"tabular_data;experimental_data"	has_biolink:SmallMolecule
10.17917	chebi:28940	HasSmallmolecule	"tabular_data;experimental_data"	has_biolink:SmallMolecule
10.17917	chebi:79986	HasSmallmolecule	"tabular_data;experimental_data"	has_biolink:SmallMolecule
10.17917	chebi:47853	HasSmallmolecule	"tabular_data;experimental_data"	has_biolink:SmallMolecule
10.17917	efo:0001715	HasExperimentalFactor	"tabular_data;experimental_data"	has_experimental_factor
10.17917	mesh:D006207	HasBiologicalprocess	"tabular_data;experimental_data"	has_biolink:BiologicalProcess
10.17917	mesh:D016179	HasGeneorgeneproduct	"tabular_data;experimental_data"	has_biolink:GeneOrGeneProduct
10.17917	fplx:Eotaxin	HasMacromolecularcomplexorproteinfamily	"tabular_data;experimental_data"	has_biolink:MacromolecularComplexOrProteinFamily
10.17917	mesh:D016178	HasGeneorgeneproduct	"tabular_data;experimental_data"	has_biolink:GeneOrGeneProduct
10.17917	hgnc:5438	HasGeneorgeneproduct	"tabular_data;experimental_data"	has_biolink:GeneOrGeneProduct
10.17917	hgnc:5991	HasGeneorgeneproduct	"tabular_data;experimental_data"	has_biolink:GeneOrGeneProduct
10.17917	hgnc:6001	HasGeneorgeneproduct	"tabular_data;experimental_data"	has_biolink:GeneOrGeneProduct
10.17917	hgnc:6016	HasGeneorgeneproduct	"tabular_data;experimental_data"	has_biolink:GeneOrGeneProduct
10.17917	hgnc:6018	HasGeneorgeneproduct	"tabular_data;experimental_data"	has_biolink:GeneOrGeneProduct
10.17917	hgnc:6023	HasGeneorgeneproduct	"tabular_data;experimental_data"	has_biolink:GeneOrGeneProduct
10.17917	hgnc:5962	HasGeneorgeneproduct	"tabular_data;experimental_data"	has_biolink:GeneOrGeneProduct
10.17917	fplx:IL12	HasMacromolecularcomplexorproteinfamily	"tabular_data;experimental_data"	has_biolink:MacromolecularComplexOrProteinFamily
10.17917	hgnc:5973	HasGeneorgeneproduct	"tabular_data;experimental_data"	has_biolink:GeneOrGeneProduct
10.17917	chebi:16412	HasSmallmolecule	"tabular_data;experimental_data"	has_biolink:SmallMolecule
10.17917	hgnc:5977	HasGeneorgeneproduct	"tabular_data;experimental_data"	has_biolink:GeneOrGeneProduct
10.17917	hgnc:5981	HasGeneorgeneproduct	"tabular_data;experimental_data"	has_biolink:GeneOrGeneProduct
10.17917	mesh:D015603	HasGrossanatomicalstructure	"tabular_data;experimental_data"	has_biolink:GrossAnatomicalStructure
10.17917	hgnc:2432	HasGeneorgeneproduct	"tabular_data;experimental_data"	has_biolink:GeneOrGeneProduct
10.17917	fplx:Interferon	HasMacromolecularcomplexorproteinfamily	"tabular_data;experimental_data"	has_biolink:MacromolecularComplexOrProteinFamily
10.17917	chebi:77853	HasSmallmolecule	"tabular_data;experimental_data"	has_biolink:SmallMolecule
10.17917	efo:0002605	HasExperimentalFactor	"tabular_data;experimental_data"	has_experimental_factor
10.17917	hgnc:1516	HasGeneorgeneproduct	"tabular_data;experimental_data"	has_biolink:GeneOrGeneProduct
10.17917	mesh:D013482	HasGeneorgeneproduct	"tabular_data;experimental_data"	has_biolink:GeneOrGeneProduct
10.17917	fplx:GPX	HasMacromolecularcomplexorproteinfamily	"tabular_data;experimental_data"	has_biolink:MacromolecularComplexOrProteinFamily
10.17917	hgnc:990	HasGeneorgeneproduct	"tabular_data;experimental_data"	has_biolink:GeneOrGeneProduct
10.17917	hgnc:959	HasGeneorgeneproduct	"tabular_data;experimental_data"	has_biolink:GeneOrGeneProduct
10.17917	hgnc:1504	HasGeneorgeneproduct	"tabular_data;experimental_data"	has_biolink:GeneOrGeneProduct
10.17917	hgnc:132	HasGeneorgeneproduct	"tabular_data;experimental_data"	has_biolink:GeneOrGeneProduct
10.17917	efo:0009708	HasExperimentalFactor	"tabular_data;experimental_data"	has_experimental_factor
10.17917	hgnc:11913	HasGeneorgeneproduct	"tabular_data;experimental_data"	has_biolink:GeneOrGeneProduct
10.17917	mesh:D000311	HasGrossanatomicalstructure	"tabular_data;experimental_data"	has_biolink:GrossAnatomicalStructure
10.17917	mesh:D002432	HasGrossanatomicalstructure	"tabular_data;experimental_data"	has_biolink:GrossAnatomicalStructure
10.17917	mesh:D010053	HasGrossanatomicalstructure	"tabular_data;experimental_data"	has_biolink:GrossAnatomicalStructure
10.17917	mesh:D010179	HasGrossanatomicalstructure	"tabular_data;experimental_data"	has_biolink:GrossAnatomicalStructure
10.17917	mesh:D005243	HasGrossanatomicalstructure	"tabular_data;experimental_data"	has_biolink:GrossAnatomicalStructure
10.17917	mesh:D012469	HasGrossanatomicalstructure	"tabular_data;experimental_data"	has_biolink:GrossAnatomicalStructure
10.17917	hgnc:1697	HasGeneorgeneproduct	"tabular_data;experimental_data"	has_biolink:GeneOrGeneProduct
10.17917	hgnc:4200	HasGeneorgeneproduct	"tabular_data;experimental_data"	has_biolink:GeneOrGeneProduct
10.17917	hgnc:2475	HasGeneorgeneproduct	"tabular_data;experimental_data"	has_biolink:GeneOrGeneProduct
10.17917	hgnc:2960	HasGeneorgeneproduct	"tabular_data;experimental_data"	has_biolink:GeneOrGeneProduct
10.17917	hgnc:4006	HasGeneorgeneproduct	"tabular_data;experimental_data"	has_biolink:GeneOrGeneProduct
10.17917	hgnc:5467	HasGeneorgeneproduct	"tabular_data;experimental_data"	has_biolink:GeneOrGeneProduct
10.17917	hgnc:29017	HasGeneorgeneproduct	"tabular_data;experimental_data"	has_biolink:GeneOrGeneProduct
10.17917	hgnc:9498	HasGeneorgeneproduct	"tabular_data;experimental_data"	has_biolink:GeneOrGeneProduct
10.17917	hgnc:10057	HasGeneorgeneproduct	"tabular_data;experimental_data"	has_biolink:GeneOrGeneProduct
10.17917	hgnc:23096	HasGeneorgeneproduct	"tabular_data;experimental_data"	has_biolink:GeneOrGeneProduct
10.17917	hgnc:11179	HasGeneorgeneproduct	"tabular_data;experimental_data"	has_biolink:GeneOrGeneProduct
10.17917	hgnc:22214	HasGeneorgeneproduct	"tabular_data;experimental_data"	has_biolink:GeneOrGeneProduct
10.17917	hgnc:20820	HasGeneorgeneproduct	"tabular_data;experimental_data"	has_biolink:GeneOrGeneProduct
10.17917	hgnc:4234	HasGeneorgeneproduct	"tabular_data;experimental_data"	has_biolink:GeneOrGeneProduct
10.17917	mesh:D010477	HasExperimentalFactor	"tabular_data;experimental_data"	has_experimental_factor
10.17917	efo:0000324	HasExperimentalFactor	"tabular_data;experimental_data"	has_experimental_factor
10.17917	chebi:49637	HasSmallmolecule	"tabular_data;experimental_data"	has_biolink:SmallMolecule
10.17917	chebi:83267	HasSmallmolecule	"tabular_data;experimental_data"	has_biolink:SmallMolecule
10.17917	chebi:529996	HasSmallmolecule	"tabular_data;experimental_data"	has_biolink:SmallMolecule
10.17917	chebi:34892	HasSmallmolecule	"tabular_data;experimental_data"	has_biolink:SmallMolecule
10.17917	chebi:3647	HasSmallmolecule	"tabular_data;experimental_data"	has_biolink:SmallMolecule
10.17917	chebi:75253	HasSmallmolecule	"tabular_data;experimental_data"	has_biolink:SmallMolecule
10.17917	hgnc:7376	HasGeneorgeneproduct	"tabular_data;experimental_data"	has_biolink:GeneOrGeneProduct
10.17917	hgnc:1663	HasGeneorgeneproduct	"tabular_data;experimental_data"	has_biolink:GeneOrGeneProduct
10.17917	hgnc:7228	HasGeneorgeneproduct	"tabular_data;experimental_data"	has_biolink:GeneOrGeneProduct
10.17917	chebi:53233	HasSmallmolecule	"tabular_data;experimental_data"	has_biolink:SmallMolecule
10.17917	hgnc:17040	HasGeneorgeneproduct	"tabular_data;experimental_data"	has_biolink:GeneOrGeneProduct
10.17917	fplx:LDH	HasMacromolecularcomplexorproteinfamily	"tabular_data;experimental_data"	has_biolink:MacromolecularComplexOrProteinFamily
10.17917	chebi:27899	HasSmallmolecule	"tabular_data;experimental_data"	has_biolink:SmallMolecule
10.17917	chebi:35223	HasSmallmolecule	"tabular_data;experimental_data"	has_biolink:SmallMolecule
10.17917	chebi:23414	HasSmallmolecule	"tabular_data;experimental_data"	has_biolink:SmallMolecule
10.17917	chebi:16670	HasSmallmolecule	"tabular_data;experimental_data"	has_biolink:SmallMolecule
10.17917	mesh:D008081	HasSmallmolecule	"tabular_data;experimental_data"	has_biolink:SmallMolecule
10.17917	hgnc:11132	HasGeneorgeneproduct	"tabular_data;experimental_data"	has_biolink:GeneOrGeneProduct
10.17917	chebi:32954	HasSmallmolecule	"tabular_data;experimental_data"	has_biolink:SmallMolecule
10.17917	chebi:16856	HasSmallmolecule	"tabular_data;experimental_data"	has_biolink:SmallMolecule
10.17917	hgnc:6185	HasGene	"tabular_data;experimental_data"	has_biolink:Gene
10.17917	chebi:26708	HasSmallmolecule	"tabular_data;experimental_data"	has_biolink:SmallMolecule
10.17917	chebi:17996	HasSmallmolecule	"tabular_data;experimental_data"	has_biolink:SmallMolecule
10.17917	hgnc:8910	HasGeneorgeneproduct	"tabular_data;experimental_data"	has_biolink:GeneOrGeneProduct
10.17917	mesh:D005723	HasGeneorgeneproduct	"tabular_data;experimental_data"	has_biolink:GeneOrGeneProduct
10.17917	fplx:MAC	HasMacromolecularcomplexorproteinfamily	"tabular_data;experimental_data"	has_biolink:MacromolecularComplexOrProteinFamily
10.17917	hgnc:2714	HasGeneorgeneproduct	"tabular_data;experimental_data"	has_biolink:GeneOrGeneProduct
10.17917	chebi:49018	HasSmallmolecule	"tabular_data;experimental_data"	has_biolink:SmallMolecule
10.17917	mesh:D008198	HasGrossanatomicalstructure	"tabular_data;experimental_data"	has_biolink:GrossAnatomicalStructure
10.17917	mesh:D010994	HasGrossanatomicalstructure	"tabular_data;experimental_data"	has_biolink:GrossAnatomicalStructure
10.17917	mesh:D013211	HasOrganismtaxon	"tabular_data;experimental_data"	has_biolink:OrganismTaxon
10.17917	mesh:C000649533	HasOrganismtaxon	"tabular_data;experimental_data"	has_biolink:OrganismTaxon
10.17917	mesh:C000647876	HasOrganismtaxon	"tabular_data;experimental_data"	has_biolink:OrganismTaxon
10.17917	mesh:D011550	HasOrganismtaxon	"tabular_data;experimental_data"	has_biolink:OrganismTaxon
10.17917	mesh:C000647444	HasOrganismtaxon	"tabular_data;experimental_data"	has_biolink:OrganismTaxon
10.17917	mesh:D011513	HasOrganismtaxon	"tabular_data;experimental_data"	has_biolink:OrganismTaxon
10.17917	go:0071735	HasMacromolecularcomplexorproteinfamily	"tabular_data;experimental_data"	has_biolink:MacromolecularComplexOrProteinFamily
10.17917	hgnc:2433	HasGeneorgeneproduct	"tabular_data;experimental_data"	has_biolink:GeneOrGeneProduct
10.17917	chebi:17883	HasSmallmolecule	"tabular_data;experimental_data"	has_biolink:SmallMolecule
10.17917	mesh:D015470	HasDisease	"tabular_data;experimental_data"	has_biolink:Disease
10.17917	hgnc:9508	HasGeneorgeneproduct	"tabular_data;experimental_data"	has_biolink:GeneOrGeneProduct
10.17917	hgnc:9509	HasGeneorgeneproduct	"tabular_data;experimental_data"	has_biolink:GeneOrGeneProduct
10.17917	mesh:D007962	HasGrossanatomicalstructure	"tabular_data;experimental_data"	has_biolink:GrossAnatomicalStructure
10.17917	mesh:D001792	HasGrossanatomicalstructure	"tabular_data;experimental_data"	has_biolink:GrossAnatomicalStructure
10.17917	hgnc:3765	HasGeneorgeneproduct	"tabular_data;experimental_data"	has_biolink:GeneOrGeneProduct
10.17917	chebi:76400	HasSmallmolecule	"tabular_data;experimental_data"	has_biolink:SmallMolecule
10.17917	mesh:D016424	HasOther	"tabular_data;experimental_data"	has_other
10.17917	chebi:52071	HasSmallmolecule	"tabular_data;experimental_data"	has_biolink:SmallMolecule
10.17917	chebi:29287	HasSmallmolecule	"tabular_data;experimental_data"	has_biolink:SmallMolecule
10.17917	hgnc:644	HasGeneorgeneproduct	"tabular_data;experimental_data"	has_biolink:GeneOrGeneProduct
10.17917	mesh:D006801	HasOrganismtaxon	"tabular_data;experimental_data"	has_biolink:OrganismTaxon
10.17917	doid:2893	HasDisease	"tabular_data;experimental_data"	has_biolink:Disease
10.17917	chebi:27470	HasSmallmolecule	"tabular_data;experimental_data"	has_biolink:SmallMolecule
10.17917	hgnc:3229	HasGeneorgeneproduct	"tabular_data;experimental_data"	has_biolink:GeneOrGeneProduct
10.17917	mesh:D051381	HasOrganismtaxon	"tabular_data;experimental_data"	has_biolink:OrganismTaxon
10.17917	hgnc:11359	HasGeneorgeneproduct	"tabular_data;experimental_data"	has_biolink:GeneOrGeneProduct
10.17917	chebi:140488	HasSmallmolecule	"tabular_data;experimental_data"	has_biolink:SmallMolecule
10.17917	efo:0006852	HasExperimentalFactor	"tabular_data;experimental_data"	has_experimental_factor
10.17917	chebi:24061	HasSmallmolecule	"tabular_data;experimental_data"	has_biolink:SmallMolecule
10.17917	hgnc:11740	HasGeneorgeneproduct	"tabular_data;experimental_data"	has_biolink:GeneOrGeneProduct
10.17917	mesh:D000075462	HasGeneorgeneproduct	"tabular_data;experimental_data"	has_biolink:GeneOrGeneProduct
10.17917	chebi:15354	HasSmallmolecule	"tabular_data;experimental_data"	has_biolink:SmallMolecule
10.17917	chebi:58389	HasSmallmolecule	"tabular_data;experimental_data"	has_biolink:SmallMolecule
10.17917	doid:1520	HasDisease	"tabular_data;experimental_data"	has_biolink:Disease
10.17917	doid:3459	HasDisease	"tabular_data;experimental_data"	has_biolink:Disease
10.17917	chebi:51117	HasSmallmolecule	"tabular_data;experimental_data"	has_biolink:SmallMolecule
10.17917	chebi:188938	HasSmallmolecule	"tabular_data;experimental_data"	has_biolink:SmallMolecule
10.17917	chebi:50816	HasSmallmolecule	"tabular_data;experimental_data"	has_biolink:SmallMolecule
10.17917	chebi:30563	HasSmallmolecule	"tabular_data;experimental_data"	has_biolink:SmallMolecule
10.17917	chebi:28017	HasSmallmolecule	"tabular_data;experimental_data"	has_biolink:SmallMolecule
10.17917	chebi:28765	HasSmallmolecule	"tabular_data;experimental_data"	has_biolink:SmallMolecule
10.17917	chebi:15956	HasSmallmolecule	"tabular_data;experimental_data"	has_biolink:SmallMolecule
10.17917	mesh:C507169	HasGeneorgeneproduct	"tabular_data;experimental_data"	has_biolink:GeneOrGeneProduct
10.17917	mesh:D001943	HasDisease	"tabular_data;experimental_data"	has_biolink:Disease
10.17917	chebi:38077	HasSmallmolecule	"tabular_data;experimental_data"	has_biolink:SmallMolecule
10.17917	hgnc:3583	HasGeneorgeneproduct	"tabular_data;experimental_data"	has_biolink:GeneOrGeneProduct
10.17917	chebi:51110	HasSmallmolecule	"tabular_data;experimental_data"	has_biolink:SmallMolecule
10.17917	mesh:C000656715	HasSmallmolecule	"tabular_data;experimental_data"	has_biolink:SmallMolecule
10.17917	mesh:C000613026	HasSmallmolecule	"tabular_data;experimental_data"	has_biolink:SmallMolecule
10.17917	chebi:77635	HasSmallmolecule	"tabular_data;experimental_data"	has_biolink:SmallMolecule
10.17917	mesh:D003110	HasDisease	"tabular_data;experimental_data"	has_biolink:Disease
10.17917	chebi:36560	HasSmallmolecule	"tabular_data;experimental_data"	has_biolink:SmallMolecule
10.17917	chebi:50853	HasSmallmolecule	"tabular_data;experimental_data"	has_biolink:SmallMolecule
10.17917	chebi:61028	HasSmallmolecule	"tabular_data;experimental_data"	has_biolink:SmallMolecule
10.17917	mesh:D008545	HasDisease	"tabular_data;experimental_data"	has_biolink:Disease
10.17917	chebi:52360	HasSmallmolecule	"tabular_data;experimental_data"	has_biolink:SmallMolecule
10.17917	mesh:D020100	HasSmallmolecule	"tabular_data;experimental_data"	has_biolink:SmallMolecule
10.17917	mesh:D018827	HasDisease	"tabular_data;experimental_data"	has_biolink:Disease
10.17917	chebi:15571	HasSmallmolecule	"tabular_data;experimental_data"	has_biolink:SmallMolecule
10.17917	chebi:13941	HasSmallmolecule	"tabular_data;experimental_data"	has_biolink:SmallMolecule
10.17917	mesh:C098793	HasSmallmolecule	"tabular_data;experimental_data"	has_biolink:SmallMolecule
10.17917	mesh:C519610	HasSmallmolecule	"tabular_data;experimental_data"	has_biolink:SmallMolecule
10.17917	go:0031982	HasCellularcomponent	"tabular_data;experimental_data"	has_biolink:CellularComponent
10.17917	mesh:D008823	HasSmallmolecule	"tabular_data;experimental_data"	has_biolink:SmallMolecule
10.17917	mesh:D006528	HasDisease	"tabular_data;experimental_data"	has_biolink:Disease
10.17917	mesh:D000068818	HasGeneorgeneproduct	"tabular_data;experimental_data"	has_biolink:GeneOrGeneProduct
10.17917	chebi:16015	HasSmallmolecule	"tabular_data;experimental_data"	has_biolink:SmallMolecule
10.17917	chebi:18186	HasSmallmolecule	"tabular_data;experimental_data"	has_biolink:SmallMolecule
10.17917	hgnc:8573	HasGeneorgeneproduct	"tabular_data;experimental_data"	has_biolink:GeneOrGeneProduct
10.17917	hgnc:7094	HasGene	"tabular_data;experimental_data"	has_biolink:Gene
10.17917	chebi:61372	HasSmallmolecule	"tabular_data;experimental_data"	has_biolink:SmallMolecule
10.17917	mesh:D002286	HasDisease	"tabular_data;experimental_data"	has_biolink:Disease
10.17917	chebi:16137	HasSmallmolecule	"tabular_data;experimental_data"	has_biolink:SmallMolecule
10.17917	chebi:132889	HasSmallmolecule	"tabular_data;experimental_data"	has_biolink:SmallMolecule
10.17917	mesh:C048993	HasSmallmolecule	"tabular_data;experimental_data"	has_biolink:SmallMolecule
10.17917	chebi:36973	HasSmallmolecule	"tabular_data;experimental_data"	has_biolink:SmallMolecule
10.17917	chebi:50595	HasSmallmolecule	"tabular_data;experimental_data"	has_biolink:SmallMolecule
10.17917	chebi:158966	HasSmallmolecule	"tabular_data;experimental_data"	has_biolink:SmallMolecule
10.17917	chebi:40265	HasSmallmolecule	"tabular_data;experimental_data"	has_biolink:SmallMolecule
10.17917	efo:0022467	HasExperimentalFactor	"tabular_data;experimental_data"	has_experimental_factor
10.17917	hgnc:11556	HasGeneorgeneproduct	"tabular_data;experimental_data"	has_biolink:GeneOrGeneProduct
10.17917	mesh:D015451	HasDisease	"tabular_data;experimental_data"	has_biolink:Disease
10.17917	chebi:61415	HasSmallmolecule	"tabular_data;experimental_data"	has_biolink:SmallMolecule
10.17917	hgnc:4712	HasGeneorgeneproduct	"tabular_data;experimental_data"	has_biolink:GeneOrGeneProduct
10.17917	mesh:D065646	HasDisease	"tabular_data;experimental_data"	has_biolink:Disease
10.17917	chebi:16336	HasSmallmolecule	"tabular_data;experimental_data"	has_biolink:SmallMolecule
10.17917	chebi:16261	HasSmallmolecule	"tabular_data;experimental_data"	has_biolink:SmallMolecule
10.17917	chebi:5291	HasSmallmolecule	"tabular_data;experimental_data"	has_biolink:SmallMolecule
10.17917	hgnc:3236	HasGeneorgeneproduct	"tabular_data;experimental_data"	has_biolink:GeneOrGeneProduct
10.17917	chebi:17548	HasSmallmolecule	"tabular_data;experimental_data"	has_biolink:SmallMolecule
10.17917	chebi:18246	HasSmallmolecule	"tabular_data;experimental_data"	has_biolink:SmallMolecule
10.17917	chebi:85146	HasSmallmolecule	"tabular_data;experimental_data"	has_biolink:SmallMolecule
10.17917	chebi:61483	HasSmallmolecule	"tabular_data;experimental_data"	has_biolink:SmallMolecule
10.17917	chebi:51338	HasSmallmolecule	"tabular_data;experimental_data"	has_biolink:SmallMolecule
10.17917	chebi:53440	HasSmallmolecule	"tabular_data;experimental_data"	has_biolink:SmallMolecule
10.17917	chebi:25094	HasSmallmolecule	"tabular_data;experimental_data"	has_biolink:SmallMolecule
10.17917	chebi:53199	HasSmallmolecule	"tabular_data;experimental_data"	has_biolink:SmallMolecule
10.17917	mesh:D018316	HasDisease	"tabular_data;experimental_data"	has_biolink:Disease
10.17917	chebi:50825	HasSmallmolecule	"tabular_data;experimental_data"	has_biolink:SmallMolecule
10.17917	mesh:D049329	HasOther	"tabular_data;experimental_data"	has_other
10.17917	mesh:D014027	HasOrganismtaxon	"tabular_data;experimental_data"	has_biolink:OrganismTaxon
10.17917	chebi:81395	HasSmallmolecule	"tabular_data;experimental_data"	has_biolink:SmallMolecule
10.17917	chebi:46793	HasSmallmolecule	"tabular_data;experimental_data"	has_biolink:SmallMolecule
10.17917	mesh:C000711949	HasSmallmolecule	"tabular_data;experimental_data"	has_biolink:SmallMolecule
10.17917	chebi:60285	HasSmallmolecule	"tabular_data;experimental_data"	has_biolink:SmallMolecule
10.17917	mesh:D008175	HasDisease	"tabular_data;experimental_data"	has_biolink:Disease
10.17917	chebi:77393	HasSmallmolecule	"tabular_data;experimental_data"	has_biolink:SmallMolecule
10.17917	mesh:D008223	HasDisease	"tabular_data;experimental_data"	has_biolink:Disease
10.17917	mesh:D018284	HasDisease	"tabular_data;experimental_data"	has_biolink:Disease
10.17917	chebi:9584	HasSmallmolecule	"tabular_data;experimental_data"	has_biolink:SmallMolecule
10.17917	mesh:D009305	HasGrossanatomicalstructure	"tabular_data;experimental_data"	has_biolink:GrossAnatomicalStructure
10.17917	mesh:D005836	HasGrossanatomicalstructure	"tabular_data;experimental_data"	has_biolink:GrossAnatomicalStructure
10.17917	hgnc:2558	HasGeneorgeneproduct	"tabular_data;experimental_data"	has_biolink:GeneOrGeneProduct
10.17917	hgnc:1705	HasGeneorgeneproduct	"tabular_data;experimental_data"	has_biolink:GeneOrGeneProduct
10.17917	hgnc:663	HasGeneorgeneproduct	"tabular_data;experimental_data"	has_biolink:GeneOrGeneProduct
10.17917	hgnc:3309	HasGeneorgeneproduct	"tabular_data;experimental_data"	has_biolink:GeneOrGeneProduct
10.17917	mesh:D010300	HasDisease	"tabular_data;experimental_data"	has_biolink:Disease
10.17917	hgnc:11701	HasGeneorgeneproduct	"tabular_data;experimental_data"	has_biolink:GeneOrGeneProduct
10.17917	hgnc:374	HasGeneorgeneproduct	"tabular_data;experimental_data"	has_biolink:GeneOrGeneProduct
10.17917	mesh:D009275	HasOther	"tabular_data;experimental_data"	has_other
10.17917	hgnc:7	HasGeneorgeneproduct	"tabular_data;experimental_data"	has_biolink:GeneOrGeneProduct
10.17917	hgnc:29	HasGeneorgeneproduct	"tabular_data;experimental_data"	has_biolink:GeneOrGeneProduct
10.17917	hgnc:73	HasGeneorgeneproduct	"tabular_data;experimental_data"	has_biolink:GeneOrGeneProduct
10.17917	hgnc:76	HasGeneorgeneproduct	"tabular_data;experimental_data"	has_biolink:GeneOrGeneProduct
10.17917	hgnc:186	HasGeneorgeneproduct	"tabular_data;experimental_data"	has_biolink:GeneOrGeneProduct
10.17917	hgnc:263	HasGeneorgeneproduct	"tabular_data;experimental_data"	has_biolink:GeneOrGeneProduct
10.17917	hgnc:13203	HasGeneorgeneproduct	"tabular_data;experimental_data"	has_biolink:GeneOrGeneProduct
10.17917	hgnc:360	HasGeneorgeneproduct	"tabular_data;experimental_data"	has_biolink:GeneOrGeneProduct
10.17917	hgnc:391	HasGeneorgeneproduct	"tabular_data;experimental_data"	has_biolink:GeneOrGeneProduct
10.17917	hgnc:392	HasGeneorgeneproduct	"tabular_data;experimental_data"	has_biolink:GeneOrGeneProduct
10.17917	hgnc:393	HasGeneorgeneproduct	"tabular_data;experimental_data"	has_biolink:GeneOrGeneProduct
10.17917	hgnc:400	HasGeneorgeneproduct	"tabular_data;experimental_data"	has_biolink:GeneOrGeneProduct
10.17917	hgnc:453	HasGeneorgeneproduct	"tabular_data;experimental_data"	has_biolink:GeneOrGeneProduct
10.17917	hgnc:19084	HasGeneorgeneproduct	"tabular_data;experimental_data"	has_biolink:GeneOrGeneProduct
10.17917	hgnc:484	HasGeneorgeneproduct	"tabular_data;experimental_data"	has_biolink:GeneOrGeneProduct
10.17917	hgnc:485	HasGeneorgeneproduct	"tabular_data;experimental_data"	has_biolink:GeneOrGeneProduct
10.17917	hgnc:16677	HasGeneorgeneproduct	"tabular_data;experimental_data"	has_biolink:GeneOrGeneProduct
10.17917	hgnc:533	HasGeneorgeneproduct	"tabular_data;experimental_data"	has_biolink:GeneOrGeneProduct
10.17917	hgnc:613	HasGeneorgeneproduct	"tabular_data;experimental_data"	has_biolink:GeneOrGeneProduct
10.17917	hgnc:620	HasGeneorgeneproduct	"tabular_data;experimental_data"	has_biolink:GeneOrGeneProduct
10.17917	hgnc:664	HasGeneorgeneproduct	"tabular_data;experimental_data"	has_biolink:GeneOrGeneProduct
10.17917	hgnc:783	HasGeneorgeneproduct	"tabular_data;experimental_data"	has_biolink:GeneOrGeneProduct
10.17917	hgnc:784	HasGeneorgeneproduct	"tabular_data;experimental_data"	has_biolink:GeneOrGeneProduct
10.17917	hgnc:20315	HasGeneorgeneproduct	"tabular_data;experimental_data"	has_biolink:GeneOrGeneProduct
10.17917	hgnc:588	HasGeneorgeneproduct	"tabular_data;experimental_data"	has_biolink:GeneOrGeneProduct
10.17917	hgnc:21498	HasGeneorgeneproduct	"tabular_data;experimental_data"	has_biolink:GeneOrGeneProduct
10.17917	hgnc:589	HasGeneorgeneproduct	"tabular_data;experimental_data"	has_biolink:GeneOrGeneProduct
10.17917	hgnc:16935	HasGeneorgeneproduct	"tabular_data;experimental_data"	has_biolink:GeneOrGeneProduct
10.17917	hgnc:795	HasGeneorgeneproduct	"tabular_data;experimental_data"	has_biolink:GeneOrGeneProduct
10.17917	hgnc:882	HasGeneorgeneproduct	"tabular_data;experimental_data"	has_biolink:GeneOrGeneProduct
10.17917	hgnc:905	HasGeneorgeneproduct	"tabular_data;experimental_data"	has_biolink:GeneOrGeneProduct
10.17917	hgnc:936	HasGeneorgeneproduct	"tabular_data;experimental_data"	has_biolink:GeneOrGeneProduct
10.17917	hgnc:958	HasGeneorgeneproduct	"tabular_data;experimental_data"	has_biolink:GeneOrGeneProduct
10.17917	hgnc:17868	HasGeneorgeneproduct	"tabular_data;experimental_data"	has_biolink:GeneOrGeneProduct
10.17917	hgnc:989	HasGeneorgeneproduct	"tabular_data;experimental_data"	has_biolink:GeneOrGeneProduct
10.17917	hgnc:992	HasGeneorgeneproduct	"tabular_data;experimental_data"	has_biolink:GeneOrGeneProduct
10.17917	hgnc:994	HasGeneorgeneproduct	"tabular_data;experimental_data"	has_biolink:GeneOrGeneProduct
10.17917	hgnc:1001	HasGeneorgeneproduct	"tabular_data;experimental_data"	has_biolink:GeneOrGeneProduct
10.17917	hgnc:1046	HasGeneorgeneproduct	"tabular_data;experimental_data"	has_biolink:GeneOrGeneProduct
10.17917	hgnc:1050	HasGeneorgeneproduct	"tabular_data;experimental_data"	has_biolink:GeneOrGeneProduct
10.17917	hgnc:593	HasGeneorgeneproduct	"tabular_data;experimental_data"	has_biolink:GeneOrGeneProduct
10.17917	hgnc:1057	HasGeneorgeneproduct	"tabular_data;experimental_data"	has_biolink:GeneOrGeneProduct
10.17917	hgnc:14211	HasGeneorgeneproduct	"tabular_data;experimental_data"	has_biolink:GeneOrGeneProduct
10.17917	hgnc:1066	HasGeneorgeneproduct	"tabular_data;experimental_data"	has_biolink:GeneOrGeneProduct
10.17917	hgnc:1118	HasGeneorgeneproduct	"tabular_data;experimental_data"	has_biolink:GeneOrGeneProduct
10.17917	hgnc:1119	HasGeneorgeneproduct	"tabular_data;experimental_data"	has_biolink:GeneOrGeneProduct
10.17917	hgnc:1133	HasGeneorgeneproduct	"tabular_data;experimental_data"	has_biolink:GeneOrGeneProduct
10.17917	hgnc:21087	HasGeneorgeneproduct	"tabular_data;experimental_data"	has_biolink:GeneOrGeneProduct
10.17917	hgnc:1241	HasGeneorgeneproduct	"tabular_data;experimental_data"	has_biolink:GeneOrGeneProduct
10.17917	hgnc:1242	HasGeneorgeneproduct	"tabular_data;experimental_data"	has_biolink:GeneOrGeneProduct
10.17917	hgnc:1243	HasGeneorgeneproduct	"tabular_data;experimental_data"	has_biolink:GeneOrGeneProduct
10.17917	hgnc:1248	HasGeneorgeneproduct	"tabular_data;experimental_data"	has_biolink:GeneOrGeneProduct
10.17917	hgnc:1318	HasGeneorgeneproduct	"tabular_data;experimental_data"	has_biolink:GeneOrGeneProduct
10.17917	hgnc:1319	HasGeneorgeneproduct	"tabular_data;experimental_data"	has_biolink:GeneOrGeneProduct
10.17917	hgnc:1338	HasGeneorgeneproduct	"tabular_data;experimental_data"	has_biolink:GeneOrGeneProduct
10.17917	hgnc:1339	HasGeneorgeneproduct	"tabular_data;experimental_data"	has_biolink:GeneOrGeneProduct
10.17917	hgnc:1346	HasGeneorgeneproduct	"tabular_data;experimental_data"	has_biolink:GeneOrGeneProduct
10.17917	hgnc:1352	HasGeneorgeneproduct	"tabular_data;experimental_data"	has_biolink:GeneOrGeneProduct
10.17917	hgnc:1353	HasGeneorgeneproduct	"tabular_data;experimental_data"	has_biolink:GeneOrGeneProduct
10.17917	hgnc:1354	HasGeneorgeneproduct	"tabular_data;experimental_data"	has_biolink:GeneOrGeneProduct
10.17917	hgnc:1358	HasGeneorgeneproduct	"tabular_data;experimental_data"	has_biolink:GeneOrGeneProduct
10.17917	chebi:17489	HasSmallmolecule	"tabular_data;experimental_data"	has_biolink:SmallMolecule
10.17917	hgnc:16393	HasGeneorgeneproduct	"tabular_data;experimental_data"	has_biolink:GeneOrGeneProduct
10.17917	hgnc:16391	HasGeneorgeneproduct	"tabular_data;experimental_data"	has_biolink:GeneOrGeneProduct
10.17917	hgnc:1499	HasGeneorgeneproduct	"tabular_data;experimental_data"	has_biolink:GeneOrGeneProduct
10.17917	hgnc:1509	HasGeneorgeneproduct	"tabular_data;experimental_data"	has_biolink:GeneOrGeneProduct
10.17917	hgnc:10609	HasGeneorgeneproduct	"tabular_data;experimental_data"	has_biolink:GeneOrGeneProduct
10.17917	hgnc:10610	HasGeneorgeneproduct	"tabular_data;experimental_data"	has_biolink:GeneOrGeneProduct
10.17917	hgnc:10615	HasGeneorgeneproduct	"tabular_data;experimental_data"	has_biolink:GeneOrGeneProduct
10.17917	hgnc:10617	HasGeneorgeneproduct	"tabular_data;experimental_data"	has_biolink:GeneOrGeneProduct
10.17917	hgnc:10619	HasGeneorgeneproduct	"tabular_data;experimental_data"	has_biolink:GeneOrGeneProduct
10.17917	hgnc:10621	HasGeneorgeneproduct	"tabular_data;experimental_data"	has_biolink:GeneOrGeneProduct
10.17917	hgnc:10623	HasGeneorgeneproduct	"tabular_data;experimental_data"	has_biolink:GeneOrGeneProduct
10.17917	hgnc:10624	HasGeneorgeneproduct	"tabular_data;experimental_data"	has_biolink:GeneOrGeneProduct
10.17917	hgnc:10625	HasGeneorgeneproduct	"tabular_data;experimental_data"	has_biolink:GeneOrGeneProduct
10.17917	hgnc:17700	HasGeneorgeneproduct	"tabular_data;experimental_data"	has_biolink:GeneOrGeneProduct
10.17917	hgnc:10634	HasGeneorgeneproduct	"tabular_data;experimental_data"	has_biolink:GeneOrGeneProduct
10.17917	hgnc:10635	HasGeneorgeneproduct	"tabular_data;experimental_data"	has_biolink:GeneOrGeneProduct
10.17917	hgnc:1583	HasGeneorgeneproduct	"tabular_data;experimental_data"	has_biolink:GeneOrGeneProduct
10.17917	hgnc:1585	HasGeneorgeneproduct	"tabular_data;experimental_data"	has_biolink:GeneOrGeneProduct
10.17917	hgnc:1602	HasGeneorgeneproduct	"tabular_data;experimental_data"	has_biolink:GeneOrGeneProduct
10.17917	hgnc:1603	HasGeneorgeneproduct	"tabular_data;experimental_data"	has_biolink:GeneOrGeneProduct
10.17917	hgnc:1604	HasGeneorgeneproduct	"tabular_data;experimental_data"	has_biolink:GeneOrGeneProduct
10.17917	hgnc:1605	HasGeneorgeneproduct	"tabular_data;experimental_data"	has_biolink:GeneOrGeneProduct
10.17917	hgnc:1606	HasGeneorgeneproduct	"tabular_data;experimental_data"	has_biolink:GeneOrGeneProduct
10.17917	hgnc:1607	HasGeneorgeneproduct	"tabular_data;experimental_data"	has_biolink:GeneOrGeneProduct
10.17917	hgnc:1608	HasGeneorgeneproduct	"tabular_data;experimental_data"	has_biolink:GeneOrGeneProduct
10.17917	hgnc:1609	HasGeneorgeneproduct	"tabular_data;experimental_data"	has_biolink:GeneOrGeneProduct
10.17917	hgnc:1610	HasGeneorgeneproduct	"tabular_data;experimental_data"	has_biolink:GeneOrGeneProduct
10.17917	hgnc:1612	HasGeneorgeneproduct	"tabular_data;experimental_data"	has_biolink:GeneOrGeneProduct
10.17917	hgnc:1628	HasGeneorgeneproduct	"tabular_data;experimental_data"	has_biolink:GeneOrGeneProduct
10.17917	hgnc:17013	HasGeneorgeneproduct	"tabular_data;experimental_data"	has_biolink:GeneOrGeneProduct
10.17917	hgnc:1631	HasGeneorgeneproduct	"tabular_data;experimental_data"	has_biolink:GeneOrGeneProduct
10.17917	hgnc:1632	HasGeneorgeneproduct	"tabular_data;experimental_data"	has_biolink:GeneOrGeneProduct
10.17917	hgnc:6726	HasGeneorgeneproduct	"tabular_data;experimental_data"	has_biolink:GeneOrGeneProduct
10.17917	hgnc:1633	HasGeneorgeneproduct	"tabular_data;experimental_data"	has_biolink:GeneOrGeneProduct
10.17917	hgnc:1639	HasGeneorgeneproduct	"tabular_data;experimental_data"	has_biolink:GeneOrGeneProduct
10.17917	hgnc:7203	HasGeneorgeneproduct	"tabular_data;experimental_data"	has_biolink:GeneOrGeneProduct
10.17917	hgnc:24235	HasGeneorgeneproduct	"tabular_data;experimental_data"	has_biolink:GeneOrGeneProduct
10.17917	hgnc:17935	HasGeneorgeneproduct	"tabular_data;experimental_data"	has_biolink:GeneOrGeneProduct
10.17917	hgnc:1643	HasGeneorgeneproduct	"tabular_data;experimental_data"	has_biolink:GeneOrGeneProduct
10.17917	hgnc:18171	HasGeneorgeneproduct	"tabular_data;experimental_data"	has_biolink:GeneOrGeneProduct
10.17917	hgnc:1677	HasGeneorgeneproduct	"tabular_data;experimental_data"	has_biolink:GeneOrGeneProduct
10.17917	hgnc:11922	HasGeneorgeneproduct	"tabular_data;experimental_data"	has_biolink:GeneOrGeneProduct
10.17917	hgnc:17635	HasGeneorgeneproduct	"tabular_data;experimental_data"	has_biolink:GeneOrGeneProduct
10.17917	hgnc:19137	HasGeneorgeneproduct	"tabular_data;experimental_data"	has_biolink:GeneOrGeneProduct
10.17917	hgnc:1653	HasGeneorgeneproduct	"tabular_data;experimental_data"	has_biolink:GeneOrGeneProduct
10.17917	hgnc:1659	HasGeneorgeneproduct	"tabular_data;experimental_data"	has_biolink:GeneOrGeneProduct
10.17917	hgnc:1662	HasGeneorgeneproduct	"tabular_data;experimental_data"	has_biolink:GeneOrGeneProduct
10.17917	hgnc:1666	HasGeneorgeneproduct	"tabular_data;experimental_data"	has_biolink:GeneOrGeneProduct
10.17917	hgnc:1667	HasGeneorgeneproduct	"tabular_data;experimental_data"	has_biolink:GeneOrGeneProduct
10.17917	hgnc:1673	HasGeneorgeneproduct	"tabular_data;experimental_data"	has_biolink:GeneOrGeneProduct
10.17917	hgnc:1674	HasGeneorgeneproduct	"tabular_data;experimental_data"	has_biolink:GeneOrGeneProduct
10.17917	hgnc:24219	HasGeneorgeneproduct	"tabular_data;experimental_data"	has_biolink:GeneOrGeneProduct
10.17917	hgnc:1675	HasGeneorgeneproduct	"tabular_data;experimental_data"	has_biolink:GeneOrGeneProduct
10.17917	hgnc:1678	HasGeneorgeneproduct	"tabular_data;experimental_data"	has_biolink:GeneOrGeneProduct
10.17917	hgnc:11919	HasGeneorgeneproduct	"tabular_data;experimental_data"	has_biolink:GeneOrGeneProduct
10.17917	hgnc:11935	HasGeneorgeneproduct	"tabular_data;experimental_data"	has_biolink:GeneOrGeneProduct
10.17917	hgnc:1681	HasGeneorgeneproduct	"tabular_data;experimental_data"	has_biolink:GeneOrGeneProduct
10.17917	hgnc:6953	HasGeneorgeneproduct	"tabular_data;experimental_data"	has_biolink:GeneOrGeneProduct
10.17917	hgnc:1682	HasGeneorgeneproduct	"tabular_data;experimental_data"	has_biolink:GeneOrGeneProduct
10.17917	hgnc:1683	HasGeneorgeneproduct	"tabular_data;experimental_data"	has_biolink:GeneOrGeneProduct
10.17917	hgnc:1685	HasGeneorgeneproduct	"tabular_data;experimental_data"	has_biolink:GeneOrGeneProduct
10.17917	hgnc:1686	HasGeneorgeneproduct	"tabular_data;experimental_data"	has_biolink:GeneOrGeneProduct
10.17917	hgnc:2665	HasGeneorgeneproduct	"tabular_data;experimental_data"	has_biolink:GeneOrGeneProduct
10.17917	hgnc:1691	HasGeneorgeneproduct	"tabular_data;experimental_data"	has_biolink:GeneOrGeneProduct
10.17917	hgnc:1692	HasGeneorgeneproduct	"tabular_data;experimental_data"	has_biolink:GeneOrGeneProduct
10.17917	hgnc:1693	HasGeneorgeneproduct	"tabular_data;experimental_data"	has_biolink:GeneOrGeneProduct
10.17917	hgnc:1694	HasGeneorgeneproduct	"tabular_data;experimental_data"	has_biolink:GeneOrGeneProduct
10.17917	hgnc:1695	HasGeneorgeneproduct	"tabular_data;experimental_data"	has_biolink:GeneOrGeneProduct
10.17917	hgnc:11937	HasGeneorgeneproduct	"tabular_data;experimental_data"	has_biolink:GeneOrGeneProduct
10.17917	hgnc:1698	HasGeneorgeneproduct	"tabular_data;experimental_data"	has_biolink:GeneOrGeneProduct
10.17917	hgnc:1699	HasGeneorgeneproduct	"tabular_data;experimental_data"	has_biolink:GeneOrGeneProduct
10.17917	hgnc:1700	HasGeneorgeneproduct	"tabular_data;experimental_data"	has_biolink:GeneOrGeneProduct
10.17917	hgnc:1701	HasGeneorgeneproduct	"tabular_data;experimental_data"	has_biolink:GeneOrGeneProduct
10.17917	hgnc:1703	HasGeneorgeneproduct	"tabular_data;experimental_data"	has_biolink:GeneOrGeneProduct
10.17917	hgnc:1704	HasGeneorgeneproduct	"tabular_data;experimental_data"	has_biolink:GeneOrGeneProduct
10.17917	hgnc:1706	HasGeneorgeneproduct	"tabular_data;experimental_data"	has_biolink:GeneOrGeneProduct
10.17917	hgnc:1707	HasGeneorgeneproduct	"tabular_data;experimental_data"	has_biolink:GeneOrGeneProduct
10.17917	hgnc:1709	HasGeneorgeneproduct	"tabular_data;experimental_data"	has_biolink:GeneOrGeneProduct
10.17917	hgnc:16892	HasGeneorgeneproduct	"tabular_data;experimental_data"	has_biolink:GeneOrGeneProduct
10.17917	hgnc:1711	HasGeneorgeneproduct	"tabular_data;experimental_data"	has_biolink:GeneOrGeneProduct
10.17917	hgnc:7082	HasGeneorgeneproduct	"tabular_data;experimental_data"	has_biolink:GeneOrGeneProduct
10.17917	hgnc:1725	HasGeneorgeneproduct	"tabular_data;experimental_data"	has_biolink:GeneOrGeneProduct
10.17917	hgnc:1748	HasGeneorgeneproduct	"tabular_data;experimental_data"	has_biolink:GeneOrGeneProduct
10.17917	hgnc:1764	HasGeneorgeneproduct	"tabular_data;experimental_data"	has_biolink:GeneOrGeneProduct
10.17917	hgnc:1722	HasGeneorgeneproduct	"tabular_data;experimental_data"	has_biolink:GeneOrGeneProduct
10.17917	hgnc:1784	HasGeneorgeneproduct	"tabular_data;experimental_data"	has_biolink:GeneOrGeneProduct
10.17917	hgnc:1785	HasGeneorgeneproduct	"tabular_data;experimental_data"	has_biolink:GeneOrGeneProduct
10.17917	hgnc:1814	HasGeneorgeneproduct	"tabular_data;experimental_data"	has_biolink:GeneOrGeneProduct
10.17917	hgnc:1834	HasGeneorgeneproduct	"tabular_data;experimental_data"	has_biolink:GeneOrGeneProduct
10.17917	hgnc:1037	HasGeneorgeneproduct	"tabular_data;experimental_data"	has_biolink:GeneOrGeneProduct
10.17917	hgnc:2771	HasGeneorgeneproduct	"tabular_data;experimental_data"	has_biolink:GeneOrGeneProduct
10.17917	hgnc:4883	HasGeneorgeneproduct	"tabular_data;experimental_data"	has_biolink:GeneOrGeneProduct
10.17917	hgnc:5394	HasGeneorgeneproduct	"tabular_data;experimental_data"	has_biolink:GeneOrGeneProduct
10.17917	hgnc:8864	HasGeneorgeneproduct	"tabular_data;experimental_data"	has_biolink:GeneOrGeneProduct
10.17917	hgnc:1925	HasGeneorgeneproduct	"tabular_data;experimental_data"	has_biolink:GeneOrGeneProduct
10.17917	hgnc:16627	HasGeneorgeneproduct	"tabular_data;experimental_data"	has_biolink:GeneOrGeneProduct
10.17917	hgnc:1936	HasGeneorgeneproduct	"tabular_data;experimental_data"	has_biolink:GeneOrGeneProduct
10.17917	hgnc:1974	HasGeneorgeneproduct	"tabular_data;experimental_data"	has_biolink:GeneOrGeneProduct
10.17917	hgnc:7067	HasGeneorgeneproduct	"tabular_data;experimental_data"	has_biolink:GeneOrGeneProduct
10.17917	hgnc:13253	HasGeneorgeneproduct	"tabular_data;experimental_data"	has_biolink:GeneOrGeneProduct
10.17917	hgnc:2054	HasGeneorgeneproduct	"tabular_data;experimental_data"	has_biolink:GeneOrGeneProduct
10.17917	hgnc:14558	HasGeneorgeneproduct	"tabular_data;experimental_data"	has_biolink:GeneOrGeneProduct
10.17917	hgnc:2095	HasGeneorgeneproduct	"tabular_data;experimental_data"	has_biolink:GeneOrGeneProduct
10.17917	hgnc:2097	HasGeneorgeneproduct	"tabular_data;experimental_data"	has_biolink:GeneOrGeneProduct
10.17917	hgnc:2098	HasGene	"tabular_data;experimental_data"	has_biolink:Gene
10.17917	hgnc:2121	HasGeneorgeneproduct	"tabular_data;experimental_data"	has_biolink:GeneOrGeneProduct
10.17917	hgnc:27015	HasGeneorgeneproduct	"tabular_data;experimental_data"	has_biolink:GeneOrGeneProduct
10.17917	hgnc:2197	HasGeneorgeneproduct	"tabular_data;experimental_data"	has_biolink:GeneOrGeneProduct
10.17917	hgnc:2201	HasGeneorgeneproduct	"tabular_data;experimental_data"	has_biolink:GeneOrGeneProduct
10.17917	hgnc:2202	HasGeneorgeneproduct	"tabular_data;experimental_data"	has_biolink:GeneOrGeneProduct
10.17917	hgnc:16016	HasGeneorgeneproduct	"tabular_data;experimental_data"	has_biolink:GeneOrGeneProduct
10.17917	hgnc:2336	HasGeneorgeneproduct	"tabular_data;experimental_data"	has_biolink:GeneOrGeneProduct
10.17917	hgnc:2345	HasGeneorgeneproduct	"tabular_data;experimental_data"	has_biolink:GeneOrGeneProduct
10.17917	hgnc:16844	HasGeneorgeneproduct	"tabular_data;experimental_data"	has_biolink:GeneOrGeneProduct
10.17917	hgnc:2348	HasGeneorgeneproduct	"tabular_data;experimental_data"	has_biolink:GeneOrGeneProduct
10.17917	hgnc:2367	HasGeneorgeneproduct	"tabular_data;experimental_data"	has_biolink:GeneOrGeneProduct
10.17917	hgnc:2434	HasGeneorgeneproduct	"tabular_data;experimental_data"	has_biolink:GeneOrGeneProduct
10.17917	hgnc:2436	HasGeneorgeneproduct	"tabular_data;experimental_data"	has_biolink:GeneOrGeneProduct
10.17917	hgnc:2438	HasGeneorgeneproduct	"tabular_data;experimental_data"	has_biolink:GeneOrGeneProduct
10.17917	hgnc:2439	HasGeneorgeneproduct	"tabular_data;experimental_data"	has_biolink:GeneOrGeneProduct
10.17917	hgnc:2466	HasGeneorgeneproduct	"tabular_data;experimental_data"	has_biolink:GeneOrGeneProduct
10.17917	hgnc:2505	HasGeneorgeneproduct	"tabular_data;experimental_data"	has_biolink:GeneOrGeneProduct
10.17917	hgnc:2514	HasGeneorgeneproduct	"tabular_data;experimental_data"	has_biolink:GeneOrGeneProduct
10.17917	hgnc:2532	HasGeneorgeneproduct	"tabular_data;experimental_data"	has_biolink:GeneOrGeneProduct
10.17917	hgnc:2535	HasGeneorgeneproduct	"tabular_data;experimental_data"	has_biolink:GeneOrGeneProduct
10.17917	hgnc:2545	HasGeneorgeneproduct	"tabular_data;experimental_data"	has_biolink:GeneOrGeneProduct
10.17917	hgnc:2546	HasGeneorgeneproduct	"tabular_data;experimental_data"	has_biolink:GeneOrGeneProduct
10.17917	hgnc:10647	HasGeneorgeneproduct	"tabular_data;experimental_data"	has_biolink:GeneOrGeneProduct
10.17917	hgnc:10638	HasGeneorgeneproduct	"tabular_data;experimental_data"	has_biolink:GeneOrGeneProduct
10.17917	hgnc:10672	HasGeneorgeneproduct	"tabular_data;experimental_data"	has_biolink:GeneOrGeneProduct
10.17917	hgnc:10639	HasGeneorgeneproduct	"tabular_data;experimental_data"	has_biolink:GeneOrGeneProduct
10.17917	hgnc:10640	HasGeneorgeneproduct	"tabular_data;experimental_data"	has_biolink:GeneOrGeneProduct
10.17917	hgnc:16642	HasGeneorgeneproduct	"tabular_data;experimental_data"	has_biolink:GeneOrGeneProduct
10.17917	hgnc:4604	HasGeneorgeneproduct	"tabular_data;experimental_data"	has_biolink:GeneOrGeneProduct
10.17917	hgnc:10642	HasGeneorgeneproduct	"tabular_data;experimental_data"	has_biolink:GeneOrGeneProduct
10.17917	hgnc:6026	HasGeneorgeneproduct	"tabular_data;experimental_data"	has_biolink:GeneOrGeneProduct
10.17917	hgnc:6027	HasGeneorgeneproduct	"tabular_data;experimental_data"	has_biolink:GeneOrGeneProduct
10.17917	hgnc:4540	HasGeneorgeneproduct	"tabular_data;experimental_data"	has_biolink:GeneOrGeneProduct
10.17917	hgnc:1060	HasGeneorgeneproduct	"tabular_data;experimental_data"	has_biolink:GeneOrGeneProduct
10.17917	hgnc:16647	HasGeneorgeneproduct	"tabular_data;experimental_data"	has_biolink:GeneOrGeneProduct
10.17917	hgnc:2578	HasGeneorgeneproduct	"tabular_data;experimental_data"	has_biolink:GeneOrGeneProduct
10.17917	hgnc:13760	HasGeneorgeneproduct	"tabular_data;experimental_data"	has_biolink:GeneOrGeneProduct
10.17917	hgnc:2584	HasGeneorgeneproduct	"tabular_data;experimental_data"	has_biolink:GeneOrGeneProduct
10.17917	hgnc:24944	HasGeneorgeneproduct	"tabular_data;experimental_data"	has_biolink:GeneOrGeneProduct
10.17917	hgnc:19102	HasGeneorgeneproduct	"tabular_data;experimental_data"	has_biolink:GeneOrGeneProduct
10.17917	hgnc:25942	HasGeneorgeneproduct	"tabular_data;experimental_data"	has_biolink:GeneOrGeneProduct
10.17917	hgnc:2766	HasGeneorgeneproduct	"tabular_data;experimental_data"	has_biolink:GeneOrGeneProduct
10.17917	hgnc:2910	HasGeneorgeneproduct	"tabular_data;experimental_data"	has_biolink:GeneOrGeneProduct
10.17917	hgnc:2926	HasGeneorgeneproduct	"tabular_data;experimental_data"	has_biolink:GeneOrGeneProduct
10.17917	hgnc:14132	HasGeneorgeneproduct	"tabular_data;experimental_data"	has_biolink:GeneOrGeneProduct
10.17917	hgnc:3009	HasGeneorgeneproduct	"tabular_data;experimental_data"	has_biolink:GeneOrGeneProduct
10.17917	hgnc:3070	HasGeneorgeneproduct	"tabular_data;experimental_data"	has_biolink:GeneOrGeneProduct
10.17917	hgnc:3072	HasGeneorgeneproduct	"tabular_data;experimental_data"	has_biolink:GeneOrGeneProduct
10.17917	hgnc:3129	HasGeneorgeneproduct	"tabular_data;experimental_data"	has_biolink:GeneOrGeneProduct
10.17917	hgnc:29548	HasGeneorgeneproduct	"tabular_data;experimental_data"	has_biolink:GeneOrGeneProduct
10.17917	hgnc:3238	HasGeneorgeneproduct	"tabular_data;experimental_data"	has_biolink:GeneOrGeneProduct
10.17917	hgnc:3239	HasGeneorgeneproduct	"tabular_data;experimental_data"	has_biolink:GeneOrGeneProduct
10.17917	hgnc:3240	HasGeneorgeneproduct	"tabular_data;experimental_data"	has_biolink:GeneOrGeneProduct
10.17917	hgnc:3321	HasGeneorgeneproduct	"tabular_data;experimental_data"	has_biolink:GeneOrGeneProduct
10.17917	hgnc:3336	HasGeneorgeneproduct	"tabular_data;experimental_data"	has_biolink:GeneOrGeneProduct
10.17917	hgnc:3349	HasGeneorgeneproduct	"tabular_data;experimental_data"	has_biolink:GeneOrGeneProduct
10.17917	hgnc:3363	HasGeneorgeneproduct	"tabular_data;experimental_data"	has_biolink:GeneOrGeneProduct
10.17917	hgnc:3372	HasGeneorgeneproduct	"tabular_data;experimental_data"	has_biolink:GeneOrGeneProduct
10.17917	hgnc:3373	HasGeneorgeneproduct	"tabular_data;experimental_data"	has_biolink:GeneOrGeneProduct
10.17917	hgnc:11529	HasGeneorgeneproduct	"tabular_data;experimental_data"	has_biolink:GeneOrGeneProduct
10.17917	hgnc:16465	HasGeneorgeneproduct	"tabular_data;experimental_data"	has_biolink:GeneOrGeneProduct
10.17917	hgnc:3430	HasGeneorgeneproduct	"tabular_data;experimental_data"	has_biolink:GeneOrGeneProduct
10.17917	hgnc:3488	HasGeneorgeneproduct	"tabular_data;experimental_data"	has_biolink:GeneOrGeneProduct
10.17917	hgnc:3508	HasGeneorgeneproduct	"tabular_data;experimental_data"	has_biolink:GeneOrGeneProduct
10.17917	hgnc:3530	HasGeneorgeneproduct	"tabular_data;experimental_data"	has_biolink:GeneOrGeneProduct
10.17917	hgnc:3531	HasGeneorgeneproduct	"tabular_data;experimental_data"	has_biolink:GeneOrGeneProduct
10.17917	hgnc:3538	HasGeneorgeneproduct	"tabular_data;experimental_data"	has_biolink:GeneOrGeneProduct
10.17917	hgnc:3573	HasGeneorgeneproduct	"tabular_data;experimental_data"	has_biolink:GeneOrGeneProduct
10.17917	hgnc:3590	HasGeneorgeneproduct	"tabular_data;experimental_data"	has_biolink:GeneOrGeneProduct
10.17917	hgnc:11920	HasGeneorgeneproduct	"tabular_data;experimental_data"	has_biolink:GeneOrGeneProduct
10.17917	hgnc:11936	HasGeneorgeneproduct	"tabular_data;experimental_data"	has_biolink:GeneOrGeneProduct
10.17917	hgnc:3609	HasGeneorgeneproduct	"tabular_data;experimental_data"	has_biolink:GeneOrGeneProduct
10.17917	hgnc:3611	HasGeneorgeneproduct	"tabular_data;experimental_data"	has_biolink:GeneOrGeneProduct
10.17917	hgnc:3613	HasGeneorgeneproduct	"tabular_data;experimental_data"	has_biolink:GeneOrGeneProduct
10.17917	hgnc:3618	HasGeneorgeneproduct	"tabular_data;experimental_data"	has_biolink:GeneOrGeneProduct
10.17917	hgnc:3619	HasGeneorgeneproduct	"tabular_data;experimental_data"	has_biolink:GeneOrGeneProduct
10.17917	hgnc:3659	HasGeneorgeneproduct	"tabular_data;experimental_data"	has_biolink:GeneOrGeneProduct
10.17917	hgnc:3766	HasGeneorgeneproduct	"tabular_data;experimental_data"	has_biolink:GeneOrGeneProduct
10.17917	hgnc:3778	HasGeneorgeneproduct	"tabular_data;experimental_data"	has_biolink:GeneOrGeneProduct
10.17917	fplx:FOS_family	HasMacromolecularcomplexorproteinfamily	"tabular_data;experimental_data"	has_biolink:MacromolecularComplexOrProteinFamily
10.17917	hgnc:3816	HasGeneorgeneproduct	"tabular_data;experimental_data"	has_biolink:GeneOrGeneProduct
10.17917	hgnc:6106	HasGeneorgeneproduct	"tabular_data;experimental_data"	has_biolink:GeneOrGeneProduct
10.17917	hgnc:3827	HasGeneorgeneproduct	"tabular_data;experimental_data"	has_biolink:GeneOrGeneProduct
10.17917	hgnc:4018	HasGeneorgeneproduct	"tabular_data;experimental_data"	has_biolink:GeneOrGeneProduct
10.17917	hgnc:4037	HasGeneorgeneproduct	"tabular_data;experimental_data"	has_biolink:GeneOrGeneProduct
10.17917	hgnc:4172	HasGeneorgeneproduct	"tabular_data;experimental_data"	has_biolink:GeneOrGeneProduct
10.17917	hgnc:19895	HasGeneorgeneproduct	"tabular_data;experimental_data"	has_biolink:GeneOrGeneProduct
10.17917	hgnc:4237	HasGeneorgeneproduct	"tabular_data;experimental_data"	has_biolink:GeneOrGeneProduct
10.17917	hgnc:18023	HasGene	"tabular_data;experimental_data"	has_biolink:Gene
10.17917	hgnc:14135	HasGeneorgeneproduct	"tabular_data;experimental_data"	has_biolink:GeneOrGeneProduct
10.17917	hgnc:3128	HasGeneorgeneproduct	"tabular_data;experimental_data"	has_biolink:GeneOrGeneProduct
10.17917	hgnc:4502	HasGeneorgeneproduct	"tabular_data;experimental_data"	has_biolink:GeneOrGeneProduct
10.17917	hgnc:4664	HasGeneorgeneproduct	"tabular_data;experimental_data"	has_biolink:GeneOrGeneProduct
10.17917	hgnc:4708	HasGeneorgeneproduct	"tabular_data;experimental_data"	has_biolink:GeneOrGeneProduct
10.17917	hgnc:4709	HasGeneorgeneproduct	"tabular_data;experimental_data"	has_biolink:GeneOrGeneProduct
10.17917	hgnc:4711	HasGeneorgeneproduct	"tabular_data;experimental_data"	has_biolink:GeneOrGeneProduct
10.17917	hgnc:22516	HasGeneorgeneproduct	"tabular_data;experimental_data"	has_biolink:GeneOrGeneProduct
10.17917	hgnc:4739	HasGeneorgeneproduct	"tabular_data;experimental_data"	has_biolink:GeneOrGeneProduct
10.17917	hgnc:15598	HasGeneorgeneproduct	"tabular_data;experimental_data"	has_biolink:GeneOrGeneProduct
10.17917	hgnc:18437	HasGeneorgeneproduct	"tabular_data;experimental_data"	has_biolink:GeneOrGeneProduct
10.17917	hgnc:2092	HasGeneorgeneproduct	"tabular_data;experimental_data"	has_biolink:GeneOrGeneProduct
10.17917	hgnc:4840	HasGeneorgeneproduct	"tabular_data;experimental_data"	has_biolink:GeneOrGeneProduct
10.17917	hgnc:16977	HasGeneorgeneproduct	"tabular_data;experimental_data"	has_biolink:GeneOrGeneProduct
10.17917	hgnc:26072	HasGeneorgeneproduct	"tabular_data;experimental_data"	has_biolink:GeneOrGeneProduct
10.17917	hgnc:4910	HasGeneorgeneproduct	"tabular_data;experimental_data"	has_biolink:GeneOrGeneProduct
10.17917	hgnc:4983	HasGeneorgeneproduct	"tabular_data;experimental_data"	has_biolink:GeneOrGeneProduct
10.17917	hgnc:5173	HasGeneorgeneproduct	"tabular_data;experimental_data"	has_biolink:GeneOrGeneProduct
10.17917	hgnc:5208	HasGeneorgeneproduct	"tabular_data;experimental_data"	has_biolink:GeneOrGeneProduct
10.17917	hgnc:5233	HasGeneorgeneproduct	"tabular_data;experimental_data"	has_biolink:GeneOrGeneProduct
10.17917	hgnc:5247	HasGeneorgeneproduct	"tabular_data;experimental_data"	has_biolink:GeneOrGeneProduct
10.17917	hgnc:5344	HasGeneorgeneproduct	"tabular_data;experimental_data"	has_biolink:GeneOrGeneProduct
10.17917	hgnc:5345	HasGeneorgeneproduct	"tabular_data;experimental_data"	has_biolink:GeneOrGeneProduct
10.17917	hgnc:5347	HasGeneorgeneproduct	"tabular_data;experimental_data"	has_biolink:GeneOrGeneProduct
10.17917	hgnc:5351	HasGeneorgeneproduct	"tabular_data;experimental_data"	has_biolink:GeneOrGeneProduct
10.17917	hgnc:17087	HasGeneorgeneproduct	"tabular_data;experimental_data"	has_biolink:GeneOrGeneProduct
10.17917	hgnc:6059	HasGeneorgeneproduct	"tabular_data;experimental_data"	has_biolink:GeneOrGeneProduct
10.17917	hgnc:5397	HasGeneorgeneproduct	"tabular_data;experimental_data"	has_biolink:GeneOrGeneProduct
10.17917	hgnc:5399	HasGeneorgeneproduct	"tabular_data;experimental_data"	has_biolink:GeneOrGeneProduct
10.17917	hgnc:16938	HasGeneorgeneproduct	"tabular_data;experimental_data"	has_biolink:GeneOrGeneProduct
10.17917	hgnc:17817	HasGeneorgeneproduct	"tabular_data;experimental_data"	has_biolink:GeneOrGeneProduct
10.17917	hgnc:18873	HasGeneorgeneproduct	"tabular_data;experimental_data"	has_biolink:GeneOrGeneProduct
10.17917	hgnc:5407	HasGeneorgeneproduct	"tabular_data;experimental_data"	has_biolink:GeneOrGeneProduct
10.17917	hgnc:5409	HasGeneorgeneproduct	"tabular_data;experimental_data"	has_biolink:GeneOrGeneProduct
10.17917	hgnc:5411	HasGeneorgeneproduct	"tabular_data;experimental_data"	has_biolink:GeneOrGeneProduct
10.17917	hgnc:5412	HasGeneorgeneproduct	"tabular_data;experimental_data"	has_biolink:GeneOrGeneProduct
10.17917	hgnc:5413	HasGeneorgeneproduct	"tabular_data;experimental_data"	has_biolink:GeneOrGeneProduct
10.17917	hgnc:5417	HasGeneorgeneproduct	"tabular_data;experimental_data"	has_biolink:GeneOrGeneProduct
10.17917	hgnc:5423	HasGeneorgeneproduct	"tabular_data;experimental_data"	has_biolink:GeneOrGeneProduct
10.17917	hgnc:5425	HasGeneorgeneproduct	"tabular_data;experimental_data"	has_biolink:GeneOrGeneProduct
10.17917	hgnc:5432	HasGeneorgeneproduct	"tabular_data;experimental_data"	has_biolink:GeneOrGeneProduct
10.17917	hgnc:5433	HasGeneorgeneproduct	"tabular_data;experimental_data"	has_biolink:GeneOrGeneProduct
10.17917	hgnc:5434	HasGeneorgeneproduct	"tabular_data;experimental_data"	has_biolink:GeneOrGeneProduct
10.17917	hgnc:5439	HasGeneorgeneproduct	"tabular_data;experimental_data"	has_biolink:GeneOrGeneProduct
10.17917	hgnc:18364	HasGeneorgeneproduct	"tabular_data;experimental_data"	has_biolink:GeneOrGeneProduct
10.17917	hgnc:5465	HasGeneorgeneproduct	"tabular_data;experimental_data"	has_biolink:GeneOrGeneProduct
10.17917	hgnc:5870	HasGeneorgeneproduct	"tabular_data;experimental_data"	has_biolink:GeneOrGeneProduct
10.17917	hgnc:5960	HasGeneorgeneproduct	"tabular_data;experimental_data"	has_biolink:GeneOrGeneProduct
10.17917	hgnc:14552	HasGeneorgeneproduct	"tabular_data;experimental_data"	has_biolink:GeneOrGeneProduct
10.17917	hgnc:5961	HasGeneorgeneproduct	"tabular_data;experimental_data"	has_biolink:GeneOrGeneProduct
10.17917	hgnc:13176	HasGeneorgeneproduct	"tabular_data;experimental_data"	has_biolink:GeneOrGeneProduct
10.17917	hgnc:13177	HasGeneorgeneproduct	"tabular_data;experimental_data"	has_biolink:GeneOrGeneProduct
10.17917	hgnc:5964	HasGeneorgeneproduct	"tabular_data;experimental_data"	has_biolink:GeneOrGeneProduct
10.17917	hgnc:5966	HasGeneorgeneproduct	"tabular_data;experimental_data"	has_biolink:GeneOrGeneProduct
10.17917	hgnc:5969	HasGeneorgeneproduct	"tabular_data;experimental_data"	has_biolink:GeneOrGeneProduct
10.17917	hgnc:5970	HasGeneorgeneproduct	"tabular_data;experimental_data"	has_biolink:GeneOrGeneProduct
10.17917	hgnc:5971	HasGeneorgeneproduct	"tabular_data;experimental_data"	has_biolink:GeneOrGeneProduct
10.17917	hgnc:5972	HasGeneorgeneproduct	"tabular_data;experimental_data"	has_biolink:GeneOrGeneProduct
10.17917	hgnc:5974	HasGeneorgeneproduct	"tabular_data;experimental_data"	has_biolink:GeneOrGeneProduct
10.17917	hgnc:5975	HasGeneorgeneproduct	"tabular_data;experimental_data"	has_biolink:GeneOrGeneProduct
10.17917	hgnc:5978	HasGeneorgeneproduct	"tabular_data;experimental_data"	has_biolink:GeneOrGeneProduct
10.17917	hgnc:5980	HasGeneorgeneproduct	"tabular_data;experimental_data"	has_biolink:GeneOrGeneProduct
10.17917	hgnc:5982	HasGeneorgeneproduct	"tabular_data;experimental_data"	has_biolink:GeneOrGeneProduct
10.17917	hgnc:16404	HasGeneorgeneproduct	"tabular_data;experimental_data"	has_biolink:GeneOrGeneProduct
10.17917	hgnc:5985	HasGeneorgeneproduct	"tabular_data;experimental_data"	has_biolink:GeneOrGeneProduct
10.17917	hgnc:18015	HasGeneorgeneproduct	"tabular_data;experimental_data"	has_biolink:GeneOrGeneProduct
10.17917	hgnc:5986	HasGeneorgeneproduct	"tabular_data;experimental_data"	has_biolink:GeneOrGeneProduct
10.17917	hgnc:5988	HasGeneorgeneproduct	"tabular_data;experimental_data"	has_biolink:GeneOrGeneProduct
10.17917	hgnc:5989	HasGeneorgeneproduct	"tabular_data;experimental_data"	has_biolink:GeneOrGeneProduct
10.17917	hgnc:5990	HasGeneorgeneproduct	"tabular_data;experimental_data"	has_biolink:GeneOrGeneProduct
10.17917	hgnc:5992	HasGeneorgeneproduct	"tabular_data;experimental_data"	has_biolink:GeneOrGeneProduct
10.17917	hgnc:5993	HasGeneorgeneproduct	"tabular_data;experimental_data"	has_biolink:GeneOrGeneProduct
10.17917	hgnc:5994	HasGeneorgeneproduct	"tabular_data;experimental_data"	has_biolink:GeneOrGeneProduct
10.17917	hgnc:5995	HasGeneorgeneproduct	"tabular_data;experimental_data"	has_biolink:GeneOrGeneProduct
10.17917	hgnc:5997	HasGeneorgeneproduct	"tabular_data;experimental_data"	has_biolink:GeneOrGeneProduct
10.17917	hgnc:5998	HasGeneorgeneproduct	"tabular_data;experimental_data"	has_biolink:GeneOrGeneProduct
10.17917	hgnc:5999	HasGeneorgeneproduct	"tabular_data;experimental_data"	has_biolink:GeneOrGeneProduct
10.17917	hgnc:6000	HasGeneorgeneproduct	"tabular_data;experimental_data"	has_biolink:GeneOrGeneProduct
10.17917	hgnc:6005	HasGeneorgeneproduct	"tabular_data;experimental_data"	has_biolink:GeneOrGeneProduct
10.17917	hgnc:6006	HasGeneorgeneproduct	"tabular_data;experimental_data"	has_biolink:GeneOrGeneProduct
10.17917	hgnc:14900	HasGeneorgeneproduct	"tabular_data;experimental_data"	has_biolink:GeneOrGeneProduct
10.17917	hgnc:13700	HasGeneorgeneproduct	"tabular_data;experimental_data"	has_biolink:GeneOrGeneProduct
10.17917	hgnc:14901	HasGeneorgeneproduct	"tabular_data;experimental_data"	has_biolink:GeneOrGeneProduct
10.17917	hgnc:15488	HasGeneorgeneproduct	"tabular_data;experimental_data"	has_biolink:GeneOrGeneProduct
10.17917	hgnc:19100	HasGeneorgeneproduct	"tabular_data;experimental_data"	has_biolink:GeneOrGeneProduct
10.17917	hgnc:11346	HasGeneorgeneproduct	"tabular_data;experimental_data"	has_biolink:GeneOrGeneProduct
10.17917	hgnc:13765	HasGeneorgeneproduct	"tabular_data;experimental_data"	has_biolink:GeneOrGeneProduct
10.17917	hgnc:19157	HasGeneorgeneproduct	"tabular_data;experimental_data"	has_biolink:GeneOrGeneProduct
10.17917	hgnc:6008	HasGeneorgeneproduct	"tabular_data;experimental_data"	has_biolink:GeneOrGeneProduct
10.17917	hgnc:6009	HasGeneorgeneproduct	"tabular_data;experimental_data"	has_biolink:GeneOrGeneProduct
10.17917	hgnc:6010	HasGeneorgeneproduct	"tabular_data;experimental_data"	has_biolink:GeneOrGeneProduct
10.17917	hgnc:6011	HasGeneorgeneproduct	"tabular_data;experimental_data"	has_biolink:GeneOrGeneProduct
10.17917	hgnc:28529	HasGeneorgeneproduct	"tabular_data;experimental_data"	has_biolink:GeneOrGeneProduct
10.17917	hgnc:6012	HasGeneorgeneproduct	"tabular_data;experimental_data"	has_biolink:GeneOrGeneProduct
10.17917	hgnc:6014	HasGeneorgeneproduct	"tabular_data;experimental_data"	has_biolink:GeneOrGeneProduct
10.17917	hgnc:6015	HasGeneorgeneproduct	"tabular_data;experimental_data"	has_biolink:GeneOrGeneProduct
10.17917	hgnc:6017	HasGeneorgeneproduct	"tabular_data;experimental_data"	has_biolink:GeneOrGeneProduct
10.17917	hgnc:6019	HasGeneorgeneproduct	"tabular_data;experimental_data"	has_biolink:GeneOrGeneProduct
10.17917	hgnc:6021	HasGeneorgeneproduct	"tabular_data;experimental_data"	has_biolink:GeneOrGeneProduct
10.17917	hgnc:6024	HasGeneorgeneproduct	"tabular_data;experimental_data"	has_biolink:GeneOrGeneProduct
10.17917	hgnc:6029	HasGeneorgeneproduct	"tabular_data;experimental_data"	has_biolink:GeneOrGeneProduct
10.17917	hgnc:6038	HasGeneorgeneproduct	"tabular_data;experimental_data"	has_biolink:GeneOrGeneProduct
10.17917	hgnc:6079	HasGeneorgeneproduct	"tabular_data;experimental_data"	has_biolink:GeneOrGeneProduct
10.17917	hgnc:6112	HasGeneorgeneproduct	"tabular_data;experimental_data"	has_biolink:GeneOrGeneProduct
10.17917	hgnc:6113	HasGeneorgeneproduct	"tabular_data;experimental_data"	has_biolink:GeneOrGeneProduct
10.17917	hgnc:17020	HasGeneorgeneproduct	"tabular_data;experimental_data"	has_biolink:GeneOrGeneProduct
10.17917	hgnc:17967	HasGeneorgeneproduct	"tabular_data;experimental_data"	has_biolink:GeneOrGeneProduct
10.17917	hgnc:6116	HasGeneorgeneproduct	"tabular_data;experimental_data"	has_biolink:GeneOrGeneProduct
10.17917	hgnc:6117	HasGeneorgeneproduct	"tabular_data;experimental_data"	has_biolink:GeneOrGeneProduct
10.17917	hgnc:6118	HasGeneorgeneproduct	"tabular_data;experimental_data"	has_biolink:GeneOrGeneProduct
10.17917	hgnc:6119	HasGeneorgeneproduct	"tabular_data;experimental_data"	has_biolink:GeneOrGeneProduct
10.17917	hgnc:6120	HasGeneorgeneproduct	"tabular_data;experimental_data"	has_biolink:GeneOrGeneProduct
10.17917	hgnc:6122	HasGeneorgeneproduct	"tabular_data;experimental_data"	has_biolink:GeneOrGeneProduct
10.17917	hgnc:5358	HasGeneorgeneproduct	"tabular_data;experimental_data"	has_biolink:GeneOrGeneProduct
10.17917	hgnc:4053	HasGeneorgeneproduct	"tabular_data;experimental_data"	has_biolink:GeneOrGeneProduct
10.17917	hgnc:6130	HasGeneorgeneproduct	"tabular_data;experimental_data"	has_biolink:GeneOrGeneProduct
10.17917	hgnc:13890	HasGeneorgeneproduct	"tabular_data;experimental_data"	has_biolink:GeneOrGeneProduct
10.17917	hgnc:6134	HasGeneorgeneproduct	"tabular_data;experimental_data"	has_biolink:GeneOrGeneProduct
10.17917	hgnc:6137	HasGeneorgeneproduct	"tabular_data;experimental_data"	has_biolink:GeneOrGeneProduct
10.17917	hgnc:6138	HasGeneorgeneproduct	"tabular_data;experimental_data"	has_biolink:GeneOrGeneProduct
10.17917	hgnc:6140	HasGeneorgeneproduct	"tabular_data;experimental_data"	has_biolink:GeneOrGeneProduct
10.17917	hgnc:6141	HasGeneorgeneproduct	"tabular_data;experimental_data"	has_biolink:GeneOrGeneProduct
10.17917	hgnc:6142	HasGeneorgeneproduct	"tabular_data;experimental_data"	has_biolink:GeneOrGeneProduct
10.17917	hgnc:6147	HasGeneorgeneproduct	"tabular_data;experimental_data"	has_biolink:GeneOrGeneProduct
10.17917	hgnc:6148	HasGeneorgeneproduct	"tabular_data;experimental_data"	has_biolink:GeneOrGeneProduct
10.17917	hgnc:6149	HasGeneorgeneproduct	"tabular_data;experimental_data"	has_biolink:GeneOrGeneProduct
10.17917	hgnc:6152	HasGeneorgeneproduct	"tabular_data;experimental_data"	has_biolink:GeneOrGeneProduct
10.17917	hgnc:6153	HasGeneorgeneproduct	"tabular_data;experimental_data"	has_biolink:GeneOrGeneProduct
10.17917	hgnc:6155	HasGeneorgeneproduct	"tabular_data;experimental_data"	has_biolink:GeneOrGeneProduct
10.17917	hgnc:6156	HasGeneorgeneproduct	"tabular_data;experimental_data"	has_biolink:GeneOrGeneProduct
10.17917	hgnc:6158	HasGeneorgeneproduct	"tabular_data;experimental_data"	has_biolink:GeneOrGeneProduct
10.17917	hgnc:6171	HasGeneorgeneproduct	"tabular_data;experimental_data"	has_biolink:GeneOrGeneProduct
10.17917	hgnc:6190	HasGeneorgeneproduct	"tabular_data;experimental_data"	has_biolink:GeneOrGeneProduct
10.17917	hgnc:6192	HasGeneorgeneproduct	"tabular_data;experimental_data"	has_biolink:GeneOrGeneProduct
10.17917	hgnc:6193	HasGeneorgeneproduct	"tabular_data;experimental_data"	has_biolink:GeneOrGeneProduct
10.17917	hgnc:15532	HasGeneorgeneproduct	"tabular_data;experimental_data"	has_biolink:GeneOrGeneProduct
10.17917	fplx:JUN_family	HasMacromolecularcomplexorproteinfamily	"tabular_data;experimental_data"	has_biolink:MacromolecularComplexOrProteinFamily
10.17917	hgnc:6307	HasGeneorgeneproduct	"tabular_data;experimental_data"	has_biolink:GeneOrGeneProduct
10.17917	hgnc:6342	HasGeneorgeneproduct	"tabular_data;experimental_data"	has_biolink:GeneOrGeneProduct
10.17917	hgnc:6372	HasGene	"tabular_data;experimental_data"	has_biolink:Gene
10.17917	hgnc:6373	HasGeneorgeneproduct	"tabular_data;experimental_data"	has_biolink:GeneOrGeneProduct
10.17917	hgnc:6374	HasGeneorgeneproduct	"tabular_data;experimental_data"	has_biolink:GeneOrGeneProduct
10.17917	hgnc:6375	HasGeneorgeneproduct	"tabular_data;experimental_data"	has_biolink:GeneOrGeneProduct
10.17917	hgnc:6378	HasGeneorgeneproduct	"tabular_data;experimental_data"	has_biolink:GeneOrGeneProduct
10.17917	hgnc:6380	HasGeneorgeneproduct	"tabular_data;experimental_data"	has_biolink:GeneOrGeneProduct
10.17917	hgnc:18788	HasGeneorgeneproduct	"tabular_data;experimental_data"	has_biolink:GeneOrGeneProduct
10.17917	hgnc:6476	HasGeneorgeneproduct	"tabular_data;experimental_data"	has_biolink:GeneOrGeneProduct
10.17917	hgnc:6499	HasGeneorgeneproduct	"tabular_data;experimental_data"	has_biolink:GeneOrGeneProduct
10.17917	hgnc:6501	HasGeneorgeneproduct	"tabular_data;experimental_data"	has_biolink:GeneOrGeneProduct
10.17917	hgnc:14582	HasGeneorgeneproduct	"tabular_data;experimental_data"	has_biolink:GeneOrGeneProduct
10.17917	hgnc:6517	HasGeneorgeneproduct	"tabular_data;experimental_data"	has_biolink:GeneOrGeneProduct
10.17917	hgnc:6524	HasGeneorgeneproduct	"tabular_data;experimental_data"	has_biolink:GeneOrGeneProduct
10.17917	hgnc:6526	HasGeneorgeneproduct	"tabular_data;experimental_data"	has_biolink:GeneOrGeneProduct
10.17917	hgnc:6528	HasGeneorgeneproduct	"tabular_data;experimental_data"	has_biolink:GeneOrGeneProduct
10.17917	hgnc:6563	HasGeneorgeneproduct	"tabular_data;experimental_data"	has_biolink:GeneOrGeneProduct
10.17917	hgnc:6596	HasGeneorgeneproduct	"tabular_data;experimental_data"	has_biolink:GeneOrGeneProduct
10.17917	hgnc:16309	HasGeneorgeneproduct	"tabular_data;experimental_data"	has_biolink:GeneOrGeneProduct
10.17917	hgnc:16841	HasGeneorgeneproduct	"tabular_data;experimental_data"	has_biolink:GeneOrGeneProduct
10.17917	hgnc:6692	HasGeneorgeneproduct	"tabular_data;experimental_data"	has_biolink:GeneOrGeneProduct
10.17917	hgnc:17200	HasGeneorgeneproduct	"tabular_data;experimental_data"	has_biolink:GeneOrGeneProduct
10.17917	hgnc:6709	HasGeneorgeneproduct	"tabular_data;experimental_data"	has_biolink:GeneOrGeneProduct
10.17917	hgnc:6711	HasGeneorgeneproduct	"tabular_data;experimental_data"	has_biolink:GeneOrGeneProduct
10.17917	hgnc:6718	HasGeneorgeneproduct	"tabular_data;experimental_data"	has_biolink:GeneOrGeneProduct
10.17917	hgnc:6720	HasGeneorgeneproduct	"tabular_data;experimental_data"	has_biolink:GeneOrGeneProduct
10.17917	hgnc:6721	HasGeneorgeneproduct	"tabular_data;experimental_data"	has_biolink:GeneOrGeneProduct
10.17917	hgnc:16837	HasGeneorgeneproduct	"tabular_data;experimental_data"	has_biolink:GeneOrGeneProduct
10.17917	hgnc:6730	HasGeneorgeneproduct	"tabular_data;experimental_data"	has_biolink:GeneOrGeneProduct
10.17917	hgnc:17156	HasGeneorgeneproduct	"tabular_data;experimental_data"	has_biolink:GeneOrGeneProduct
10.17917	hgnc:6735	HasGeneorgeneproduct	"tabular_data;experimental_data"	has_biolink:GeneOrGeneProduct
10.17917	hgnc:14687	HasGeneorgeneproduct	"tabular_data;experimental_data"	has_biolink:GeneOrGeneProduct
10.17917	fplx:MAF	HasMacromolecularcomplexorproteinfamily	"tabular_data;experimental_data"	has_biolink:MacromolecularComplexOrProteinFamily
10.17917	hgnc:6840	HasGeneorgeneproduct	"tabular_data;experimental_data"	has_biolink:GeneOrGeneProduct
10.17917	hgnc:6842	HasGeneorgeneproduct	"tabular_data;experimental_data"	has_biolink:GeneOrGeneProduct
10.17917	hgnc:6844	HasGeneorgeneproduct	"tabular_data;experimental_data"	has_biolink:GeneOrGeneProduct
10.17917	hgnc:6848	HasGeneorgeneproduct	"tabular_data;experimental_data"	has_biolink:GeneOrGeneProduct
10.17917	hgnc:17797	HasGeneorgeneproduct	"tabular_data;experimental_data"	has_biolink:GeneOrGeneProduct
10.17917	hgnc:6857	HasGeneorgeneproduct	"tabular_data;experimental_data"	has_biolink:GeneOrGeneProduct
10.17917	hgnc:6859	HasGeneorgeneproduct	"tabular_data;experimental_data"	has_biolink:GeneOrGeneProduct
10.17917	hgnc:6864	HasGeneorgeneproduct	"tabular_data;experimental_data"	has_biolink:GeneOrGeneProduct
10.17917	hgnc:6871	HasGeneorgeneproduct	"tabular_data;experimental_data"	has_biolink:GeneOrGeneProduct
10.17917	hgnc:6873	HasGeneorgeneproduct	"tabular_data;experimental_data"	has_biolink:GeneOrGeneProduct
10.17917	hgnc:6876	HasGeneorgeneproduct	"tabular_data;experimental_data"	has_biolink:GeneOrGeneProduct
10.17917	hgnc:6877	HasGeneorgeneproduct	"tabular_data;experimental_data"	has_biolink:GeneOrGeneProduct
10.17917	hgnc:6881	HasGeneorgeneproduct	"tabular_data;experimental_data"	has_biolink:GeneOrGeneProduct
10.17917	hgnc:6887	HasGeneorgeneproduct	"tabular_data;experimental_data"	has_biolink:GeneOrGeneProduct
10.17917	hgnc:6895	HasGeneorgeneproduct	"tabular_data;experimental_data"	has_biolink:GeneOrGeneProduct
10.17917	hgnc:6901	HasGeneorgeneproduct	"tabular_data;experimental_data"	has_biolink:GeneOrGeneProduct
10.17917	hgnc:6902	HasGeneorgeneproduct	"tabular_data;experimental_data"	has_biolink:GeneOrGeneProduct
10.17917	hgnc:29233	HasGeneorgeneproduct	"tabular_data;experimental_data"	has_biolink:GeneOrGeneProduct
10.17917	hgnc:6922	HasGeneorgeneproduct	"tabular_data;experimental_data"	has_biolink:GeneOrGeneProduct
10.17917	hgnc:6934	HasGeneorgeneproduct	"tabular_data;experimental_data"	has_biolink:GeneOrGeneProduct
10.17917	hgnc:6943	HasGeneorgeneproduct	"tabular_data;experimental_data"	has_biolink:GeneOrGeneProduct
10.17917	hgnc:6973	HasGeneorgeneproduct	"tabular_data;experimental_data"	has_biolink:GeneOrGeneProduct
10.17917	hgnc:6996	HasGeneorgeneproduct	"tabular_data;experimental_data"	has_biolink:GeneOrGeneProduct
10.17917	hgnc:6998	HasGeneorgeneproduct	"tabular_data;experimental_data"	has_biolink:GeneOrGeneProduct
10.17917	hgnc:7027	HasGeneorgeneproduct	"tabular_data;experimental_data"	has_biolink:GeneOrGeneProduct
10.17917	hgnc:7036	HasGeneorgeneproduct	"tabular_data;experimental_data"	has_biolink:GeneOrGeneProduct
10.17917	hgnc:7097	HasGeneorgeneproduct	"tabular_data;experimental_data"	has_biolink:GeneOrGeneProduct
10.17917	hgnc:7154	HasGeneorgeneproduct	"tabular_data;experimental_data"	has_biolink:GeneOrGeneProduct
10.17917	hgnc:7176	HasGeneorgeneproduct	"tabular_data;experimental_data"	has_biolink:GeneOrGeneProduct
10.17917	hgnc:4979	HasGeneorgeneproduct	"tabular_data;experimental_data"	has_biolink:GeneOrGeneProduct
10.17917	hgnc:7218	HasGeneorgeneproduct	"tabular_data;experimental_data"	has_biolink:GeneOrGeneProduct
10.17917	hgnc:1306	HasGeneorgeneproduct	"tabular_data;experimental_data"	has_biolink:GeneOrGeneProduct
10.17917	hgnc:4975	HasGeneorgeneproduct	"tabular_data;experimental_data"	has_biolink:GeneOrGeneProduct
10.17917	hgnc:7315	HasGeneorgeneproduct	"tabular_data;experimental_data"	has_biolink:GeneOrGeneProduct
10.17917	hgnc:7316	HasGeneorgeneproduct	"tabular_data;experimental_data"	has_biolink:GeneOrGeneProduct
10.17917	hgnc:7371	HasGeneorgeneproduct	"tabular_data;experimental_data"	has_biolink:GeneOrGeneProduct
10.17917	hgnc:7381	HasGeneorgeneproduct	"tabular_data;experimental_data"	has_biolink:GeneOrGeneProduct
10.17917	hgnc:3942	HasGeneorgeneproduct	"tabular_data;experimental_data"	has_biolink:GeneOrGeneProduct
10.17917	hgnc:7508	HasGeneorgeneproduct	"tabular_data;experimental_data"	has_biolink:GeneOrGeneProduct
10.17917	efo:0006457	HasExperimentalFactor	"tabular_data;experimental_data"	has_experimental_factor
10.17917	hgnc:7533	HasGeneorgeneproduct	"tabular_data;experimental_data"	has_biolink:GeneOrGeneProduct
10.17917	hgnc:7553	HasGeneorgeneproduct	"tabular_data;experimental_data"	has_biolink:GeneOrGeneProduct
10.17917	hgnc:7562	HasGeneorgeneproduct	"tabular_data;experimental_data"	has_biolink:GeneOrGeneProduct
10.17917	hgnc:7656	HasGeneorgeneproduct	"tabular_data;experimental_data"	has_biolink:GeneOrGeneProduct
10.17917	hgnc:7662	HasGeneorgeneproduct	"tabular_data;experimental_data"	has_biolink:GeneOrGeneProduct
10.17917	hgnc:6731	HasGeneorgeneproduct	"tabular_data;experimental_data"	has_biolink:GeneOrGeneProduct
10.17917	hgnc:7739	HasGeneorgeneproduct	"tabular_data;experimental_data"	has_biolink:GeneOrGeneProduct
10.17917	hgnc:7775	HasGeneorgeneproduct	"tabular_data;experimental_data"	has_biolink:GeneOrGeneProduct
10.17917	hgnc:7776	HasGeneorgeneproduct	"tabular_data;experimental_data"	has_biolink:GeneOrGeneProduct
10.17917	hgnc:7777	HasGeneorgeneproduct	"tabular_data;experimental_data"	has_biolink:GeneOrGeneProduct
10.17917	hgnc:7778	HasGeneorgeneproduct	"tabular_data;experimental_data"	has_biolink:GeneOrGeneProduct
10.17917	hgnc:7794	HasGeneorgeneproduct	"tabular_data;experimental_data"	has_biolink:GeneOrGeneProduct
10.17917	hgnc:7795	HasGeneorgeneproduct	"tabular_data;experimental_data"	has_biolink:GeneOrGeneProduct
10.17917	hgnc:7797	HasGeneorgeneproduct	"tabular_data;experimental_data"	has_biolink:GeneOrGeneProduct
10.17917	hgnc:29933	HasGeneorgeneproduct	"tabular_data;experimental_data"	has_biolink:GeneOrGeneProduct
10.17917	hgnc:16400	HasGeneorgeneproduct	"tabular_data;experimental_data"	has_biolink:GeneOrGeneProduct
10.17917	hgnc:16390	HasGeneorgeneproduct	"tabular_data;experimental_data"	has_biolink:GeneOrGeneProduct
10.17917	hgnc:5331	HasGeneorgeneproduct	"tabular_data;experimental_data"	has_biolink:GeneOrGeneProduct
10.17917	hgnc:7873	HasGeneorgeneproduct	"tabular_data;experimental_data"	has_biolink:GeneOrGeneProduct
10.17917	hgnc:7881	HasGeneorgeneproduct	"tabular_data;experimental_data"	has_biolink:GeneOrGeneProduct
10.17917	hgnc:8004	HasGeneorgeneproduct	"tabular_data;experimental_data"	has_biolink:GeneOrGeneProduct
10.17917	hgnc:8021	HasGeneorgeneproduct	"tabular_data;experimental_data"	has_biolink:GeneOrGeneProduct
10.17917	hgnc:29914	HasGeneorgeneproduct	"tabular_data;experimental_data"	has_biolink:GeneOrGeneProduct
10.17917	hgnc:8087	HasGeneorgeneproduct	"tabular_data;experimental_data"	has_biolink:GeneOrGeneProduct
10.17917	hgnc:8088	HasGeneorgeneproduct	"tabular_data;experimental_data"	has_biolink:GeneOrGeneProduct
10.17917	hgnc:8090	HasGeneorgeneproduct	"tabular_data;experimental_data"	has_biolink:GeneOrGeneProduct
10.17917	hgnc:8506	HasGeneorgeneproduct	"tabular_data;experimental_data"	has_biolink:GeneOrGeneProduct
10.17917	hgnc:270	HasGeneorgeneproduct	"tabular_data;experimental_data"	has_biolink:GeneOrGeneProduct
10.17917	hgnc:8619	HasGeneorgeneproduct	"tabular_data;experimental_data"	has_biolink:GeneOrGeneProduct
10.17917	hgnc:8760	HasGeneorgeneproduct	"tabular_data;experimental_data"	has_biolink:GeneOrGeneProduct
10.17917	hgnc:18731	HasGeneorgeneproduct	"tabular_data;experimental_data"	has_biolink:GeneOrGeneProduct
10.17917	hgnc:8801	HasGeneorgeneproduct	"tabular_data;experimental_data"	has_biolink:GeneOrGeneProduct
10.17917	hgnc:8804	HasGeneorgeneproduct	"tabular_data;experimental_data"	has_biolink:GeneOrGeneProduct
10.17917	hgnc:8823	HasGeneorgeneproduct	"tabular_data;experimental_data"	has_biolink:GeneOrGeneProduct
10.17917	hgnc:8977	HasGeneorgeneproduct	"tabular_data;experimental_data"	has_biolink:GeneOrGeneProduct
10.17917	hgnc:8978	HasGeneorgeneproduct	"tabular_data;experimental_data"	has_biolink:GeneOrGeneProduct
10.17917	hgnc:8988	HasGeneorgeneproduct	"tabular_data;experimental_data"	has_biolink:GeneOrGeneProduct
10.17917	hgnc:9030	HasGeneorgeneproduct	"tabular_data;experimental_data"	has_biolink:GeneOrGeneProduct
10.17917	hgnc:9039	HasGeneorgeneproduct	"tabular_data;experimental_data"	has_biolink:GeneOrGeneProduct
10.17917	hgnc:9053	HasGeneorgeneproduct	"tabular_data;experimental_data"	has_biolink:GeneOrGeneProduct
10.17917	hgnc:9077	HasGeneorgeneproduct	"tabular_data;experimental_data"	has_biolink:GeneOrGeneProduct
10.17917	hgnc:9108	HasGeneorgeneproduct	"tabular_data;experimental_data"	has_biolink:GeneOrGeneProduct
10.17917	hgnc:9109	HasGeneorgeneproduct	"tabular_data;experimental_data"	has_biolink:GeneOrGeneProduct
10.17917	hgnc:9113	HasGeneorgeneproduct	"tabular_data;experimental_data"	has_biolink:GeneOrGeneProduct
10.17917	hgnc:9158	HasGeneorgeneproduct	"tabular_data;experimental_data"	has_biolink:GeneOrGeneProduct
10.17917	hgnc:9211	HasGeneorgeneproduct	"tabular_data;experimental_data"	has_biolink:GeneOrGeneProduct
10.17917	hgnc:9213	HasGeneorgeneproduct	"tabular_data;experimental_data"	has_biolink:GeneOrGeneProduct
10.17917	hgnc:9236	HasGeneorgeneproduct	"tabular_data;experimental_data"	has_biolink:GeneOrGeneProduct
10.17917	hgnc:9240	HasGeneorgeneproduct	"tabular_data;experimental_data"	has_biolink:GeneOrGeneProduct
10.17917	hgnc:9299	HasGeneorgeneproduct	"tabular_data;experimental_data"	has_biolink:GeneOrGeneProduct
10.17917	hgnc:9346	HasGeneorgeneproduct	"tabular_data;experimental_data"	has_biolink:GeneOrGeneProduct
10.17917	hgnc:9360	HasGeneorgeneproduct	"tabular_data;experimental_data"	has_biolink:GeneOrGeneProduct
10.17917	hgnc:9362	HasGeneorgeneproduct	"tabular_data;experimental_data"	has_biolink:GeneOrGeneProduct
10.17917	hgnc:9399	HasGeneorgeneproduct	"tabular_data;experimental_data"	has_biolink:GeneOrGeneProduct
10.17917	hgnc:9401	HasGeneorgeneproduct	"tabular_data;experimental_data"	has_biolink:GeneOrGeneProduct
10.17917	hgnc:9413	HasGeneorgeneproduct	"tabular_data;experimental_data"	has_biolink:GeneOrGeneProduct
10.17917	hgnc:9531	HasGeneorgeneproduct	"tabular_data;experimental_data"	has_biolink:GeneOrGeneProduct
10.17917	hgnc:9538	HasGeneorgeneproduct	"tabular_data;experimental_data"	has_biolink:GeneOrGeneProduct
10.17917	hgnc:9544	HasGeneorgeneproduct	"tabular_data;experimental_data"	has_biolink:GeneOrGeneProduct
10.17917	hgnc:9545	HasGeneorgeneproduct	"tabular_data;experimental_data"	has_biolink:GeneOrGeneProduct
10.17917	hgnc:9546	HasGeneorgeneproduct	"tabular_data;experimental_data"	has_biolink:GeneOrGeneProduct
10.17917	hgnc:9565	HasGeneorgeneproduct	"tabular_data;experimental_data"	has_biolink:GeneOrGeneProduct
10.17917	hgnc:9605	HasGeneorgeneproduct	"tabular_data;experimental_data"	has_biolink:GeneOrGeneProduct
10.17917	hgnc:9666	HasGeneorgeneproduct	"tabular_data;experimental_data"	has_biolink:GeneOrGeneProduct
10.17917	hgnc:9705	HasGeneorgeneproduct	"tabular_data;experimental_data"	has_biolink:GeneOrGeneProduct
10.17917	hgnc:9707	HasGeneorgeneproduct	"tabular_data;experimental_data"	has_biolink:GeneOrGeneProduct
10.17917	hgnc:16608	HasGeneorgeneproduct	"tabular_data;experimental_data"	has_biolink:GeneOrGeneProduct
10.17917	hgnc:9831	HasGeneorgeneproduct	"tabular_data;experimental_data"	has_biolink:GeneOrGeneProduct
10.17917	hgnc:9884	HasGeneorgeneproduct	"tabular_data;experimental_data"	has_biolink:GeneOrGeneProduct
10.17917	hgnc:9954	HasGeneorgeneproduct	"tabular_data;experimental_data"	has_biolink:GeneOrGeneProduct
10.17917	hgnc:9955	HasGeneorgeneproduct	"tabular_data;experimental_data"	has_biolink:GeneOrGeneProduct
10.17917	hgnc:9956	HasGeneorgeneproduct	"tabular_data;experimental_data"	has_biolink:GeneOrGeneProduct
10.17917	hgnc:15578	HasGeneorgeneproduct	"tabular_data;experimental_data"	has_biolink:GeneOrGeneProduct
10.17917	hgnc:10020	HasGeneorgeneproduct	"tabular_data;experimental_data"	has_biolink:GeneOrGeneProduct
10.17917	hgnc:10258	HasGeneorgeneproduct	"tabular_data;experimental_data"	has_biolink:GeneOrGeneProduct
10.17917	hgnc:10260	HasGeneorgeneproduct	"tabular_data;experimental_data"	has_biolink:GeneOrGeneProduct
10.17917	hgnc:10429	HasGeneorgeneproduct	"tabular_data;experimental_data"	has_biolink:GeneOrGeneProduct
10.17917	hgnc:10430	HasGeneorgeneproduct	"tabular_data;experimental_data"	has_biolink:GeneOrGeneProduct
10.17917	hgnc:10436	HasGeneorgeneproduct	"tabular_data;experimental_data"	has_biolink:GeneOrGeneProduct
10.17917	hgnc:10446	HasGeneorgeneproduct	"tabular_data;experimental_data"	has_biolink:GeneOrGeneProduct
10.17917	hgnc:30908	HasGeneorgeneproduct	"tabular_data;experimental_data"	has_biolink:GeneOrGeneProduct
10.17917	hgnc:10471	HasGeneorgeneproduct	"tabular_data;experimental_data"	has_biolink:GeneOrGeneProduct
10.17917	hgnc:10473	HasGeneorgeneproduct	"tabular_data;experimental_data"	has_biolink:GeneOrGeneProduct
10.17917	hgnc:10498	HasGeneorgeneproduct	"tabular_data;experimental_data"	has_biolink:GeneOrGeneProduct
10.17917	hgnc:10500	HasGeneorgeneproduct	"tabular_data;experimental_data"	has_biolink:GeneOrGeneProduct
10.17917	hgnc:10513	HasGeneorgeneproduct	"tabular_data;experimental_data"	has_biolink:GeneOrGeneProduct
10.17917	hgnc:29158	HasGeneorgeneproduct	"tabular_data;experimental_data"	has_biolink:GeneOrGeneProduct
10.17917	hgnc:10718	HasGeneorgeneproduct	"tabular_data;experimental_data"	has_biolink:GeneOrGeneProduct
10.17917	hgnc:10720	HasGeneorgeneproduct	"tabular_data;experimental_data"	has_biolink:GeneOrGeneProduct
10.17917	hgnc:10722	HasGeneorgeneproduct	"tabular_data;experimental_data"	has_biolink:GeneOrGeneProduct
10.17917	hgnc:8584	HasGeneorgeneproduct	"tabular_data;experimental_data"	has_biolink:GeneOrGeneProduct
10.17917	hgnc:1228	HasGeneorgeneproduct	"tabular_data;experimental_data"	has_biolink:GeneOrGeneProduct
10.17917	hgnc:17381	HasGeneorgeneproduct	"tabular_data;experimental_data"	has_biolink:GeneOrGeneProduct
10.17917	hgnc:10820	HasGeneorgeneproduct	"tabular_data;experimental_data"	has_biolink:GeneOrGeneProduct
10.17917	hgnc:30575	HasGeneorgeneproduct	"tabular_data;experimental_data"	has_biolink:GeneOrGeneProduct
10.17917	hgnc:11127	HasGeneorgeneproduct	"tabular_data;experimental_data"	has_biolink:GeneOrGeneProduct
10.17917	hgnc:10903	HasGeneorgeneproduct	"tabular_data;experimental_data"	has_biolink:GeneOrGeneProduct
10.17917	hgnc:21392	HasGeneorgeneproduct	"tabular_data;experimental_data"	has_biolink:GeneOrGeneProduct
10.17917	hgnc:21394	HasGeneorgeneproduct	"tabular_data;experimental_data"	has_biolink:GeneOrGeneProduct
10.17917	hgnc:10907	HasGeneorgeneproduct	"tabular_data;experimental_data"	has_biolink:GeneOrGeneProduct
10.17917	hgnc:11059	HasGeneorgeneproduct	"tabular_data;experimental_data"	has_biolink:GeneOrGeneProduct
10.17917	hgnc:6768	HasGeneorgeneproduct	"tabular_data;experimental_data"	has_biolink:GeneOrGeneProduct
10.17917	hgnc:6769	HasGeneorgeneproduct	"tabular_data;experimental_data"	has_biolink:GeneOrGeneProduct
10.17917	hgnc:6770	HasGeneorgeneproduct	"tabular_data;experimental_data"	has_biolink:GeneOrGeneProduct
10.17917	hgnc:11117	HasGeneorgeneproduct	"tabular_data;experimental_data"	has_biolink:GeneOrGeneProduct
10.17917	hgnc:14240	HasGeneorgeneproduct	"tabular_data;experimental_data"	has_biolink:GeneOrGeneProduct
10.17917	hgnc:11128	HasGeneorgeneproduct	"tabular_data;experimental_data"	has_biolink:GeneOrGeneProduct
10.17917	hgnc:19383	HasGeneorgeneproduct	"tabular_data;experimental_data"	has_biolink:GeneOrGeneProduct
10.17917	hgnc:19391	HasGeneorgeneproduct	"tabular_data;experimental_data"	has_biolink:GeneOrGeneProduct
10.17917	hgnc:15464	HasGeneorgeneproduct	"tabular_data;experimental_data"	has_biolink:GeneOrGeneProduct
10.17917	hgnc:11249	HasGeneorgeneproduct	"tabular_data;experimental_data"	has_biolink:GeneOrGeneProduct
10.17917	hgnc:11255	HasGeneorgeneproduct	"tabular_data;experimental_data"	has_biolink:GeneOrGeneProduct
10.17917	hgnc:10860	HasGeneorgeneproduct	"tabular_data;experimental_data"	has_biolink:GeneOrGeneProduct
10.17917	hgnc:11362	HasGeneorgeneproduct	"tabular_data;experimental_data"	has_biolink:GeneOrGeneProduct
10.17917	hgnc:11363	HasGeneorgeneproduct	"tabular_data;experimental_data"	has_biolink:GeneOrGeneProduct
10.17917	hgnc:11364	HasGeneorgeneproduct	"tabular_data;experimental_data"	has_biolink:GeneOrGeneProduct
10.17917	hgnc:11365	HasGeneorgeneproduct	"tabular_data;experimental_data"	has_biolink:GeneOrGeneProduct
10.17917	hgnc:11367	HasGeneorgeneproduct	"tabular_data;experimental_data"	has_biolink:GeneOrGeneProduct
10.17917	hgnc:11368	HasGeneorgeneproduct	"tabular_data;experimental_data"	has_biolink:GeneOrGeneProduct
10.17917	hgnc:11491	HasGeneorgeneproduct	"tabular_data;experimental_data"	has_biolink:GeneOrGeneProduct
10.17917	hgnc:24119	HasGeneorgeneproduct	"tabular_data;experimental_data"	has_biolink:GeneOrGeneProduct
10.17917	hgnc:18157	HasGeneorgeneproduct	"tabular_data;experimental_data"	has_biolink:GeneOrGeneProduct
10.17917	hgnc:11562	HasGeneorgeneproduct	"tabular_data;experimental_data"	has_biolink:GeneOrGeneProduct
10.17917	hgnc:43	HasGeneorgeneproduct	"tabular_data;experimental_data"	has_biolink:GeneOrGeneProduct
10.17917	hgnc:44	HasGeneorgeneproduct	"tabular_data;experimental_data"	has_biolink:GeneOrGeneProduct
10.17917	hgnc:11566	HasGeneorgeneproduct	"tabular_data;experimental_data"	has_biolink:GeneOrGeneProduct
10.17917	hgnc:11584	HasGeneorgeneproduct	"tabular_data;experimental_data"	has_biolink:GeneOrGeneProduct
10.17917	hgnc:11599	HasGeneorgeneproduct	"tabular_data;experimental_data"	has_biolink:GeneOrGeneProduct
10.17917	hgnc:11639	HasGeneorgeneproduct	"tabular_data;experimental_data"	has_biolink:GeneOrGeneProduct
10.17917	hgnc:11708	HasGeneorgeneproduct	"tabular_data;experimental_data"	has_biolink:GeneOrGeneProduct
10.17917	hgnc:11724	HasGeneorgeneproduct	"tabular_data;experimental_data"	has_biolink:GeneOrGeneProduct
10.17917	hgnc:11752	HasGeneorgeneproduct	"tabular_data;experimental_data"	has_biolink:GeneOrGeneProduct
10.17917	hgnc:11753	HasGeneorgeneproduct	"tabular_data;experimental_data"	has_biolink:GeneOrGeneProduct
10.17917	hgnc:11763	HasGeneorgeneproduct	"tabular_data;experimental_data"	has_biolink:GeneOrGeneProduct
10.17917	hgnc:11766	HasGeneorgeneproduct	"tabular_data;experimental_data"	has_biolink:GeneOrGeneProduct
10.17917	hgnc:11768	HasGeneorgeneproduct	"tabular_data;experimental_data"	has_biolink:GeneOrGeneProduct
10.17917	hgnc:11769	HasGeneorgeneproduct	"tabular_data;experimental_data"	has_biolink:GeneOrGeneProduct
10.17917	hgnc:11772	HasGeneorgeneproduct	"tabular_data;experimental_data"	has_biolink:GeneOrGeneProduct
10.17917	hgnc:11773	HasGeneorgeneproduct	"tabular_data;experimental_data"	has_biolink:GeneOrGeneProduct
10.17917	hgnc:11784	HasGeneorgeneproduct	"tabular_data;experimental_data"	has_biolink:GeneOrGeneProduct
10.17917	hgnc:11785	HasGeneorgeneproduct	"tabular_data;experimental_data"	has_biolink:GeneOrGeneProduct
10.17917	hgnc:11801	HasGeneorgeneproduct	"tabular_data;experimental_data"	has_biolink:GeneOrGeneProduct
10.17917	hgnc:18348	HasGeneorgeneproduct	"tabular_data;experimental_data"	has_biolink:GeneOrGeneProduct
10.17917	hgnc:21354	HasGeneorgeneproduct	"tabular_data;experimental_data"	has_biolink:GeneOrGeneProduct
10.17917	hgnc:11809	HasGeneorgeneproduct	"tabular_data;experimental_data"	has_biolink:GeneOrGeneProduct
10.17917	hgnc:26838	HasGeneorgeneproduct	"tabular_data;experimental_data"	has_biolink:GeneOrGeneProduct
10.17917	hgnc:25132	HasGeneorgeneproduct	"tabular_data;experimental_data"	has_biolink:GeneOrGeneProduct
10.17917	hgnc:17192	HasGeneorgeneproduct	"tabular_data;experimental_data"	has_biolink:GeneOrGeneProduct
10.17917	hgnc:11847	HasGeneorgeneproduct	"tabular_data;experimental_data"	has_biolink:GeneOrGeneProduct
10.17917	hgnc:11848	HasGeneorgeneproduct	"tabular_data;experimental_data"	has_biolink:GeneOrGeneProduct
10.17917	hgnc:11849	HasGeneorgeneproduct	"tabular_data;experimental_data"	has_biolink:GeneOrGeneProduct
10.17917	hgnc:11850	HasGeneorgeneproduct	"tabular_data;experimental_data"	has_biolink:GeneOrGeneProduct
10.17917	hgnc:11851	HasGeneorgeneproduct	"tabular_data;experimental_data"	has_biolink:GeneOrGeneProduct
10.17917	hgnc:16711	HasGeneorgeneproduct	"tabular_data;experimental_data"	has_biolink:GeneOrGeneProduct
10.17917	hgnc:15631	HasGeneorgeneproduct	"tabular_data;experimental_data"	has_biolink:GeneOrGeneProduct
10.17917	hgnc:15632	HasGeneorgeneproduct	"tabular_data;experimental_data"	has_biolink:GeneOrGeneProduct
10.17917	hgnc:15633	HasGeneorgeneproduct	"tabular_data;experimental_data"	has_biolink:GeneOrGeneProduct
10.17917	hgnc:17291	HasGeneorgeneproduct	"tabular_data;experimental_data"	has_biolink:GeneOrGeneProduct
10.17917	hgnc:27962	HasGeneorgeneproduct	"tabular_data;experimental_data"	has_biolink:GeneOrGeneProduct
10.17917	hgnc:11896	HasGeneorgeneproduct	"tabular_data;experimental_data"	has_biolink:GeneOrGeneProduct
10.17917	hgnc:11905	HasGeneorgeneproduct	"tabular_data;experimental_data"	has_biolink:GeneOrGeneProduct
10.17917	hgnc:11908	HasGeneorgeneproduct	"tabular_data;experimental_data"	has_biolink:GeneOrGeneProduct
10.17917	hgnc:11909	HasGeneorgeneproduct	"tabular_data;experimental_data"	has_biolink:GeneOrGeneProduct
10.17917	hgnc:18152	HasGeneorgeneproduct	"tabular_data;experimental_data"	has_biolink:GeneOrGeneProduct
10.17917	hgnc:18153	HasGeneorgeneproduct	"tabular_data;experimental_data"	has_biolink:GeneOrGeneProduct
10.17917	hgnc:17755	HasGeneorgeneproduct	"tabular_data;experimental_data"	has_biolink:GeneOrGeneProduct
10.17917	hgnc:11912	HasGeneorgeneproduct	"tabular_data;experimental_data"	has_biolink:GeneOrGeneProduct
10.17917	hgnc:11914	HasGeneorgeneproduct	"tabular_data;experimental_data"	has_biolink:GeneOrGeneProduct
10.17917	hgnc:11916	HasGeneorgeneproduct	"tabular_data;experimental_data"	has_biolink:GeneOrGeneProduct
10.17917	hgnc:11917	HasGeneorgeneproduct	"tabular_data;experimental_data"	has_biolink:GeneOrGeneProduct
10.17917	hgnc:11918	HasGeneorgeneproduct	"tabular_data;experimental_data"	has_biolink:GeneOrGeneProduct
10.17917	hgnc:11923	HasGeneorgeneproduct	"tabular_data;experimental_data"	has_biolink:GeneOrGeneProduct
10.17917	hgnc:11924	HasGeneorgeneproduct	"tabular_data;experimental_data"	has_biolink:GeneOrGeneProduct
10.17917	hgnc:11925	HasGeneorgeneproduct	"tabular_data;experimental_data"	has_biolink:GeneOrGeneProduct
10.17917	hgnc:11926	HasGeneorgeneproduct	"tabular_data;experimental_data"	has_biolink:GeneOrGeneProduct
10.17917	hgnc:11927	HasGeneorgeneproduct	"tabular_data;experimental_data"	has_biolink:GeneOrGeneProduct
10.17917	hgnc:11928	HasGeneorgeneproduct	"tabular_data;experimental_data"	has_biolink:GeneOrGeneProduct
10.17917	hgnc:11929	HasGeneorgeneproduct	"tabular_data;experimental_data"	has_biolink:GeneOrGeneProduct
10.17917	hgnc:11930	HasGeneorgeneproduct	"tabular_data;experimental_data"	has_biolink:GeneOrGeneProduct
10.17917	hgnc:11931	HasGeneorgeneproduct	"tabular_data;experimental_data"	has_biolink:GeneOrGeneProduct
10.17917	hgnc:11932	HasGeneorgeneproduct	"tabular_data;experimental_data"	has_biolink:GeneOrGeneProduct
10.17917	hgnc:11934	HasGeneorgeneproduct	"tabular_data;experimental_data"	has_biolink:GeneOrGeneProduct
10.17917	hgnc:11938	HasGeneorgeneproduct	"tabular_data;experimental_data"	has_biolink:GeneOrGeneProduct
10.17917	hgnc:16476	HasGeneorgeneproduct	"tabular_data;experimental_data"	has_biolink:GeneOrGeneProduct
10.17917	hgnc:12019	HasGeneorgeneproduct	"tabular_data;experimental_data"	has_biolink:GeneOrGeneProduct
10.17917	hgnc:12032	HasGeneorgeneproduct	"tabular_data;experimental_data"	has_biolink:GeneOrGeneProduct
10.17917	hgnc:12033	HasGeneorgeneproduct	"tabular_data;experimental_data"	has_biolink:GeneOrGeneProduct
10.17917	hgnc:12036	HasGeneorgeneproduct	"tabular_data;experimental_data"	has_biolink:GeneOrGeneProduct
10.17917	hgnc:17760	HasGeneorgeneproduct	"tabular_data;experimental_data"	has_biolink:GeneOrGeneProduct
10.17917	hgnc:17761	HasGeneorgeneproduct	"tabular_data;experimental_data"	has_biolink:GeneOrGeneProduct
10.17917	hgnc:12428	HasGeneorgeneproduct	"tabular_data;experimental_data"	has_biolink:GeneOrGeneProduct
10.17917	hgnc:12434	HasGeneorgeneproduct	"tabular_data;experimental_data"	has_biolink:GeneOrGeneProduct
10.17917	hgnc:16952	HasGeneorgeneproduct	"tabular_data;experimental_data"	has_biolink:GeneOrGeneProduct
10.17917	hgnc:12440	HasGeneorgeneproduct	"tabular_data;experimental_data"	has_biolink:GeneOrGeneProduct
10.17917	hgnc:12468	HasGeneorgeneproduct	"tabular_data;experimental_data"	has_biolink:GeneOrGeneProduct
10.17917	hgnc:14893	HasGeneorgeneproduct	"tabular_data;experimental_data"	has_biolink:GeneOrGeneProduct
10.17917	hgnc:12616	HasGeneorgeneproduct	"tabular_data;experimental_data"	has_biolink:GeneOrGeneProduct
10.17917	hgnc:12633	HasGeneorgeneproduct	"tabular_data;experimental_data"	has_biolink:GeneOrGeneProduct
10.17917	hgnc:12663	HasGeneorgeneproduct	"tabular_data;experimental_data"	has_biolink:GeneOrGeneProduct
10.17917	hgnc:12680	HasGeneorgeneproduct	"tabular_data;experimental_data"	has_biolink:GeneOrGeneProduct
10.17917	hgnc:12682	HasGeneorgeneproduct	"tabular_data;experimental_data"	has_biolink:GeneOrGeneProduct
10.17917	hgnc:12687	HasGeneorgeneproduct	"tabular_data;experimental_data"	has_biolink:GeneOrGeneProduct
10.17917	hgnc:12692	HasGeneorgeneproduct	"tabular_data;experimental_data"	has_biolink:GeneOrGeneProduct
10.17917	hgnc:12726	HasGeneorgeneproduct	"tabular_data;experimental_data"	has_biolink:GeneOrGeneProduct
10.17917	hgnc:30932	HasGeneorgeneproduct	"tabular_data;experimental_data"	has_biolink:GeneOrGeneProduct
10.17917	hgnc:12801	HasGeneorgeneproduct	"tabular_data;experimental_data"	has_biolink:GeneOrGeneProduct
10.17917	hgnc:10645	HasGeneorgeneproduct	"tabular_data;experimental_data"	has_biolink:GeneOrGeneProduct
10.17917	hgnc:1625	HasGeneorgeneproduct	"tabular_data;experimental_data"	has_biolink:GeneOrGeneProduct
10.17917	hgnc:31675	HasGeneorgeneproduct	"tabular_data;experimental_data"	has_biolink:GeneOrGeneProduct
10.17917	hgnc:12856	HasGeneorgeneproduct	"tabular_data;experimental_data"	has_biolink:GeneOrGeneProduct
10.17917	hgnc:12858	HasGeneorgeneproduct	"tabular_data;experimental_data"	has_biolink:GeneOrGeneProduct
10.17917	hgnc:16176	HasGeneorgeneproduct	"tabular_data;experimental_data"	has_biolink:GeneOrGeneProduct
10.17917	hgnc:12996	HasGeneorgeneproduct	"tabular_data;experimental_data"	has_biolink:GeneOrGeneProduct
10.17917	hgnc:70	HasGeneorgeneproduct	"tabular_data;experimental_data"	has_biolink:GeneOrGeneProduct
10.17917	hgnc:396	HasGeneorgeneproduct	"tabular_data;experimental_data"	has_biolink:GeneOrGeneProduct
10.17917	hgnc:26114	HasGeneorgeneproduct	"tabular_data;experimental_data"	has_biolink:GeneOrGeneProduct
10.17917	hgnc:3213	HasGeneorgeneproduct	"tabular_data;experimental_data"	has_biolink:GeneOrGeneProduct
10.17917	hgnc:3260	HasGeneorgeneproduct	"tabular_data;experimental_data"	has_biolink:GeneOrGeneProduct
10.17917	hgnc:4696	HasGeneorgeneproduct	"tabular_data;experimental_data"	has_biolink:GeneOrGeneProduct
10.17917	hgnc:4854	HasGeneorgeneproduct	"tabular_data;experimental_data"	has_biolink:GeneOrGeneProduct
10.17917	hgnc:5157	HasGeneorgeneproduct	"tabular_data;experimental_data"	has_biolink:GeneOrGeneProduct
10.17917	hgnc:8041	HasGeneorgeneproduct	"tabular_data;experimental_data"	has_biolink:GeneOrGeneProduct
10.17917	hgnc:8095	HasGeneorgeneproduct	"tabular_data;experimental_data"	has_biolink:GeneOrGeneProduct
10.17917	hgnc:20454	HasGeneorgeneproduct	"tabular_data;experimental_data"	has_biolink:GeneOrGeneProduct
10.17917	hgnc:9187	HasGeneorgeneproduct	"tabular_data;experimental_data"	has_biolink:GeneOrGeneProduct
10.17917	hgnc:9253	HasGeneorgeneproduct	"tabular_data;experimental_data"	has_biolink:GeneOrGeneProduct
10.17917	hgnc:10312	HasGeneorgeneproduct	"tabular_data;experimental_data"	has_biolink:GeneOrGeneProduct
10.17917	hgnc:29813	HasGeneorgeneproduct	"tabular_data;experimental_data"	has_biolink:GeneOrGeneProduct
10.17917	hgnc:10680	HasGeneorgeneproduct	"tabular_data;experimental_data"	has_biolink:GeneOrGeneProduct
10.17917	hgnc:10767	HasGeneorgeneproduct	"tabular_data;experimental_data"	has_biolink:GeneOrGeneProduct
10.17917	hgnc:11588	HasGeneorgeneproduct	"tabular_data;experimental_data"	has_biolink:GeneOrGeneProduct
10.17917	hgnc:20778	HasGeneorgeneproduct	"tabular_data;experimental_data"	has_biolink:GeneOrGeneProduct
10.17917	efo:0009108	HasExperimentalFactor	"tabular_data;experimental_data"	has_experimental_factor
10.17917	chebi:49134	HasSmallmolecule	"tabular_data;experimental_data"	has_biolink:SmallMolecule
10.17917	mesh:D002460	HasGrossanatomicalstructure	"tabular_data;experimental_data"	has_biolink:GrossAnatomicalStructure
10.17917	hgnc:28519	HasGeneorgeneproduct	"tabular_data;experimental_data"	has_biolink:GeneOrGeneProduct
10.17917	mesh:D002490	HasGrossanatomicalstructure	"tabular_data;experimental_data"	has_biolink:GrossAnatomicalStructure
10.17917	hgnc:12441	HasGeneorgeneproduct	"tabular_data;experimental_data"	has_biolink:GeneOrGeneProduct
10.17917	chebi:79053	HasSmallmolecule	"tabular_data;experimental_data"	has_biolink:SmallMolecule
10.17917	chebi:89188	HasSmallmolecule	"tabular_data;experimental_data"	has_biolink:SmallMolecule
10.17917	mesh:C036216	HasSmallmolecule	"tabular_data;experimental_data"	has_biolink:SmallMolecule
10.17917	chebi:27542	HasSmallmolecule	"tabular_data;experimental_data"	has_biolink:SmallMolecule
10.17917	chebi:75455	HasSmallmolecule	"tabular_data;experimental_data"	has_biolink:SmallMolecule
10.17917	chebi:51088	HasSmallmolecule	"tabular_data;experimental_data"	has_biolink:SmallMolecule
10.17917	chebi:15756	HasSmallmolecule	"tabular_data;experimental_data"	has_biolink:SmallMolecule
10.17917	mesh:C005953	HasSmallmolecule	"tabular_data;experimental_data"	has_biolink:SmallMolecule
10.17917	mesh:D019308	HasSmallmolecule	"tabular_data;experimental_data"	has_biolink:SmallMolecule
10.17917	chebi:50127	HasSmallmolecule	"tabular_data;experimental_data"	has_biolink:SmallMolecule
10.17917	chebi:16196	HasSmallmolecule	"tabular_data;experimental_data"	has_biolink:SmallMolecule
10.17917	chebi:42394	HasSmallmolecule	"tabular_data;experimental_data"	has_biolink:SmallMolecule
10.17917	chebi:167626	HasSmallmolecule	"tabular_data;experimental_data"	has_biolink:SmallMolecule
10.17917	chebi:69478	HasSmallmolecule	"tabular_data;experimental_data"	has_biolink:SmallMolecule
10.17917	chebi:17747	HasSmallmolecule	"tabular_data;experimental_data"	has_biolink:SmallMolecule
10.17917	chebi:18012	HasSmallmolecule	"tabular_data;experimental_data"	has_biolink:SmallMolecule
10.17917	chebi:80630	HasSmallmolecule	"tabular_data;experimental_data"	has_biolink:SmallMolecule
10.17917	chebi:90881	HasSmallmolecule	"tabular_data;experimental_data"	has_biolink:SmallMolecule
10.17917	chebi:33341	HasSmallmolecule	"tabular_data;experimental_data"	has_biolink:SmallMolecule
10.17917	chebi:28984	HasSmallmolecule	"tabular_data;experimental_data"	has_biolink:SmallMolecule
10.17917	mesh:D055354	HasGrossanatomicalstructure	"tabular_data;experimental_data"	has_biolink:GrossAnatomicalStructure
10.17917	mesh:D013297	HasOrganismtaxon	"tabular_data;experimental_data"	has_biolink:OrganismTaxon
10.17917	mesh:C000653253	HasOrganismtaxon	"tabular_data;experimental_data"	has_biolink:OrganismTaxon
10.17917	mesh:D008585	HasDisease	"tabular_data;experimental_data"	has_biolink:Disease
10.17917	mesh:D048249	HasOrganismtaxon	"tabular_data;experimental_data"	has_biolink:OrganismTaxon
10.17917	mesh:D016123	HasOrganismtaxon	"tabular_data;experimental_data"	has_biolink:OrganismTaxon
10.17917	mesh:D045850	HasOrganismtaxon	"tabular_data;experimental_data"	has_biolink:OrganismTaxon
10.17917	hgnc:11027	HasGeneorgeneproduct	"tabular_data;experimental_data"	has_biolink:GeneOrGeneProduct
10.17917	chebi:33388	HasSmallmolecule	"tabular_data;experimental_data"	has_biolink:SmallMolecule
10.17917	hgnc:10487	HasGeneorgeneproduct	"tabular_data;experimental_data"	has_biolink:GeneOrGeneProduct
10.17917	mesh:D014556	HasGrossanatomicalstructure	"tabular_data;experimental_data"	has_biolink:GrossAnatomicalStructure
10.17917	chebi:17909	HasSmallmolecule	"tabular_data;experimental_data"	has_biolink:SmallMolecule
10.17917	chebi:27573	HasSmallmolecule	"tabular_data;experimental_data"	has_biolink:SmallMolecule
10.17917	mesh:D000107	HasBiologicalprocess	"tabular_data;experimental_data"	has_biolink:BiologicalProcess
10.17917	hgnc:4141	HasGeneorgeneproduct	"tabular_data;experimental_data"	has_biolink:GeneOrGeneProduct
10.17917	hgnc:5033	HasGeneorgeneproduct	"tabular_data;experimental_data"	has_biolink:GeneOrGeneProduct
10.17917	mesh:D008291	HasGeneorgeneproduct	"tabular_data;experimental_data"	has_biolink:GeneOrGeneProduct
10.17917	hgnc:5031	HasGeneorgeneproduct	"tabular_data;experimental_data"	has_biolink:GeneOrGeneProduct
10.17917	hgnc:10371	HasGeneorgeneproduct	"tabular_data;experimental_data"	has_biolink:GeneOrGeneProduct
10.17917	hgnc:7910	HasGeneorgeneproduct	"tabular_data;experimental_data"	has_biolink:GeneOrGeneProduct
10.17917	hgnc:537	HasGeneorgeneproduct	"tabular_data;experimental_data"	has_biolink:GeneOrGeneProduct
10.17917	hgnc:36809	HasGeneorgeneproduct	"tabular_data;experimental_data"	has_biolink:GeneOrGeneProduct
10.17917	chebi:52634	HasSmallmolecule	"tabular_data;experimental_data"	has_biolink:SmallMolecule
10.17917	fplx:ENO	HasMacromolecularcomplexorproteinfamily	"tabular_data;experimental_data"	has_biolink:MacromolecularComplexOrProteinFamily
10.17917	hgnc:3350	HasGeneorgeneproduct	"tabular_data;experimental_data"	has_biolink:GeneOrGeneProduct
10.17917	go:0032259	HasBiologicalprocess	"tabular_data;experimental_data"	has_biolink:BiologicalProcess
10.17917	hgnc:414	HasGeneorgeneproduct	"tabular_data;experimental_data"	has_biolink:GeneOrGeneProduct
10.17917	hgnc:4399	HasGeneorgeneproduct	"tabular_data;experimental_data"	has_biolink:GeneOrGeneProduct
10.17917	hgnc:4385	HasGeneorgeneproduct	"tabular_data;experimental_data"	has_biolink:GeneOrGeneProduct
10.17917	hgnc:6535	HasGeneorgeneproduct	"tabular_data;experimental_data"	has_biolink:GeneOrGeneProduct
10.17917	hgnc:4718	HasGeneorgeneproduct	"tabular_data;experimental_data"	has_biolink:GeneOrGeneProduct
10.17917	hgnc:3265	HasGeneorgeneproduct	"tabular_data;experimental_data"	has_biolink:GeneOrGeneProduct
10.17917	hgnc:11559	HasGeneorgeneproduct	"tabular_data;experimental_data"	has_biolink:GeneOrGeneProduct
10.17917	hgnc:1488	HasGeneorgeneproduct	"tabular_data;experimental_data"	has_biolink:GeneOrGeneProduct
10.17917	hgnc:19343	HasGeneorgeneproduct	"tabular_data;experimental_data"	has_biolink:GeneOrGeneProduct
10.17917	hgnc:9021	HasGeneorgeneproduct	"tabular_data;experimental_data"	has_biolink:GeneOrGeneProduct
10.17917	hgnc:4717	HasGeneorgeneproduct	"tabular_data;experimental_data"	has_biolink:GeneOrGeneProduct
10.17917	fplx:Actin	HasMacromolecularcomplexorproteinfamily	"tabular_data;experimental_data"	has_biolink:MacromolecularComplexOrProteinFamily
10.17917	hgnc:12669	HasGeneorgeneproduct	"tabular_data;experimental_data"	has_biolink:GeneOrGeneProduct
10.17917	hgnc:4719	HasGeneorgeneproduct	"tabular_data;experimental_data"	has_biolink:GeneOrGeneProduct
10.17917	hgnc:4716	HasGeneorgeneproduct	"tabular_data;experimental_data"	has_biolink:GeneOrGeneProduct
10.17917	hgnc:3272	HasGeneorgeneproduct	"tabular_data;experimental_data"	has_biolink:GeneOrGeneProduct
10.17917	mesh:D007521	HasGeneorgeneproduct	"tabular_data;experimental_data"	has_biolink:GeneOrGeneProduct
10.17917	hgnc:3211	HasGeneorgeneproduct	"tabular_data;experimental_data"	has_biolink:GeneOrGeneProduct
10.17917	mesh:D030481	HasGeneorgeneproduct	"tabular_data;experimental_data"	has_biolink:GeneOrGeneProduct
10.17917	hgnc:5014	HasGeneorgeneproduct	"tabular_data;experimental_data"	has_biolink:GeneOrGeneProduct
10.17917	hgnc:11296	HasGeneorgeneproduct	"tabular_data;experimental_data"	has_biolink:GeneOrGeneProduct
10.17917	hgnc:3312	HasGeneorgeneproduct	"tabular_data;experimental_data"	has_biolink:GeneOrGeneProduct
10.17917	hgnc:542	HasGeneorgeneproduct	"tabular_data;experimental_data"	has_biolink:GeneOrGeneProduct
10.17917	hgnc:19129	HasGeneorgeneproduct	"tabular_data;experimental_data"	has_biolink:GeneOrGeneProduct
10.17917	hgnc:3481	HasGeneorgeneproduct	"tabular_data;experimental_data"	has_biolink:GeneOrGeneProduct
10.17917	hgnc:381	HasGeneorgeneproduct	"tabular_data;experimental_data"	has_biolink:GeneOrGeneProduct
10.17917	hgnc:16986	HasGeneorgeneproduct	"tabular_data;experimental_data"	has_biolink:GeneOrGeneProduct
10.17917	hgnc:1490	HasGeneorgeneproduct	"tabular_data;experimental_data"	has_biolink:GeneOrGeneProduct
10.17917	hgnc:1062	HasGeneorgeneproduct	"tabular_data;experimental_data"	has_biolink:GeneOrGeneProduct
10.17917	hgnc:24941	HasGeneorgeneproduct	"tabular_data;experimental_data"	has_biolink:GeneOrGeneProduct
10.17917	hgnc:541	HasGeneorgeneproduct	"tabular_data;experimental_data"	has_biolink:GeneOrGeneProduct
10.17917	hgnc:380	HasGeneorgeneproduct	"tabular_data;experimental_data"	has_biolink:GeneOrGeneProduct
10.17917	hgnc:14678	HasGeneorgeneproduct	"tabular_data;experimental_data"	has_biolink:GeneOrGeneProduct
10.17917	hgnc:12436	HasGeneorgeneproduct	"tabular_data;experimental_data"	has_biolink:GeneOrGeneProduct
10.17917	hgnc:28817	HasGeneorgeneproduct	"tabular_data;experimental_data"	has_biolink:GeneOrGeneProduct
10.17917	hgnc:543	HasGeneorgeneproduct	"tabular_data;experimental_data"	has_biolink:GeneOrGeneProduct
10.17917	chebi:25297	HasSmallmolecule	"tabular_data;experimental_data"	has_biolink:SmallMolecule
10.17917	mesh:C066492	HasGeneorgeneproduct	"tabular_data;experimental_data"	has_biolink:GeneOrGeneProduct
10.17917	hgnc:12012	HasGeneorgeneproduct	"tabular_data;experimental_data"	has_biolink:GeneOrGeneProduct
10.17917	hgnc:19678	HasGeneorgeneproduct	"tabular_data;experimental_data"	has_biolink:GeneOrGeneProduct
10.17917	chebi:49696	HasSmallmolecule	"tabular_data;experimental_data"	has_biolink:SmallMolecule
10.17917	hgnc:3189	HasGeneorgeneproduct	"tabular_data;experimental_data"	has_biolink:GeneOrGeneProduct
10.17917	hgnc:9281	HasGeneorgeneproduct	"tabular_data;experimental_data"	has_biolink:GeneOrGeneProduct
10.17917	hgnc:12672	HasGeneorgeneproduct	"tabular_data;experimental_data"	has_biolink:GeneOrGeneProduct
10.17917	hgnc:10360	HasGeneorgeneproduct	"tabular_data;experimental_data"	has_biolink:GeneOrGeneProduct
10.17917	hgnc:9283	HasGeneorgeneproduct	"tabular_data;experimental_data"	has_biolink:GeneOrGeneProduct
10.17917	hgnc:10648	HasGeneorgeneproduct	"tabular_data;experimental_data"	has_biolink:GeneOrGeneProduct
10.17917	mesh:C038782	HasGeneorgeneproduct	"tabular_data;experimental_data"	has_biolink:GeneOrGeneProduct
10.17917	hgnc:269	HasGeneorgeneproduct	"tabular_data;experimental_data"	has_biolink:GeneOrGeneProduct
10.17917	hgnc:9282	HasGeneorgeneproduct	"tabular_data;experimental_data"	has_biolink:GeneOrGeneProduct
10.17917	mesh:C028546	HasGeneorgeneproduct	"tabular_data;experimental_data"	has_biolink:GeneOrGeneProduct
10.17917	hgnc:3599	HasGeneorgeneproduct	"tabular_data;experimental_data"	has_biolink:GeneOrGeneProduct
10.17917	hgnc:705	HasGeneorgeneproduct	"tabular_data;experimental_data"	has_biolink:GeneOrGeneProduct
10.17917	hgnc:9226	HasGeneorgeneproduct	"tabular_data;experimental_data"	has_biolink:GeneOrGeneProduct
10.17917	hgnc:30306	HasGeneorgeneproduct	"tabular_data;experimental_data"	has_biolink:GeneOrGeneProduct
10.17917	chebi:195251	HasSmallmolecule	"tabular_data;experimental_data"	has_biolink:SmallMolecule
10.17917	mesh:D003681	HasDisease	"tabular_data;experimental_data"	has_biolink:Disease
10.17917	hgnc:6513	HasGeneorgeneproduct	"tabular_data;experimental_data"	has_biolink:GeneOrGeneProduct
10.17917	hgnc:4856	HasGeneorgeneproduct	"tabular_data;experimental_data"	has_biolink:GeneOrGeneProduct
10.17917	hgnc:25216	HasGeneorgeneproduct	"tabular_data;experimental_data"	has_biolink:GeneOrGeneProduct
10.17917	hgnc:5034	HasGeneorgeneproduct	"tabular_data;experimental_data"	has_biolink:GeneOrGeneProduct
10.17917	hgnc:11612	HasGeneorgeneproduct	"tabular_data;experimental_data"	has_biolink:GeneOrGeneProduct
10.17917	hgnc:5030	HasGeneorgeneproduct	"tabular_data;experimental_data"	has_biolink:GeneOrGeneProduct
10.17917	hgnc:587	HasGeneorgeneproduct	"tabular_data;experimental_data"	has_biolink:GeneOrGeneProduct
10.17917	hgnc:10442	HasGeneorgeneproduct	"tabular_data;experimental_data"	has_biolink:GeneOrGeneProduct
10.17917	hgnc:15746	HasGeneorgeneproduct	"tabular_data;experimental_data"	has_biolink:GeneOrGeneProduct
10.17917	hgnc:15921	HasGeneorgeneproduct	"tabular_data;experimental_data"	has_biolink:GeneOrGeneProduct
10.17917	hgnc:9465	HasGeneorgeneproduct	"tabular_data;experimental_data"	has_biolink:GeneOrGeneProduct
10.17917	hgnc:11442	HasGeneorgeneproduct	"tabular_data;experimental_data"	has_biolink:GeneOrGeneProduct
10.17917	hgnc:3631	HasGeneorgeneproduct	"tabular_data;experimental_data"	has_biolink:GeneOrGeneProduct
10.17917	hgnc:11427	HasGeneorgeneproduct	"tabular_data;experimental_data"	has_biolink:GeneOrGeneProduct
10.17917	chebi:16235	HasSmallmolecule	"tabular_data;experimental_data"	has_biolink:SmallMolecule
10.17917	mesh:D012268	HasGeneorgeneproduct	"tabular_data;experimental_data"	has_biolink:GeneOrGeneProduct
10.17917	hgnc:9462	HasGeneorgeneproduct	"tabular_data;experimental_data"	has_biolink:GeneOrGeneProduct
10.17917	hgnc:5035	HasGeneorgeneproduct	"tabular_data;experimental_data"	has_biolink:GeneOrGeneProduct
10.17917	hgnc:23656	HasGeneorgeneproduct	"tabular_data;experimental_data"	has_biolink:GeneOrGeneProduct
10.17917	hgnc:5241	HasGeneorgeneproduct	"tabular_data;experimental_data"	has_biolink:GeneOrGeneProduct
10.17917	mesh:D006360	HasGeneorgeneproduct	"tabular_data;experimental_data"	has_biolink:GeneOrGeneProduct
10.17917	hgnc:28956	HasGeneorgeneproduct	"tabular_data;experimental_data"	has_biolink:GeneOrGeneProduct
10.17917	hgnc:5238	HasGeneorgeneproduct	"tabular_data;experimental_data"	has_biolink:GeneOrGeneProduct
10.17917	hgnc:9620	HasGeneorgeneproduct	"tabular_data;experimental_data"	has_biolink:GeneOrGeneProduct
10.17917	hgnc:3270	HasGeneorgeneproduct	"tabular_data;experimental_data"	has_biolink:GeneOrGeneProduct
10.17917	hgnc:10362	HasGeneorgeneproduct	"tabular_data;experimental_data"	has_biolink:GeneOrGeneProduct
10.17917	hgnc:10363	HasGeneorgeneproduct	"tabular_data;experimental_data"	has_biolink:GeneOrGeneProduct
10.17917	chebi:15343	HasSmallmolecule	"tabular_data;experimental_data"	has_biolink:SmallMolecule
10.17917	mesh:D013389	HasGeneorgeneproduct	"tabular_data;experimental_data"	has_biolink:GeneOrGeneProduct
10.17917	chebi:24636	HasSmallmolecule	"tabular_data;experimental_data"	has_biolink:SmallMolecule
10.17917	hgnc:10420	HasGeneorgeneproduct	"tabular_data;experimental_data"	has_biolink:GeneOrGeneProduct
10.17917	hgnc:10350	HasGeneorgeneproduct	"tabular_data;experimental_data"	has_biolink:GeneOrGeneProduct
10.17917	hgnc:6564	HasGeneorgeneproduct	"tabular_data;experimental_data"	has_biolink:GeneOrGeneProduct
10.17917	hgnc:8896	HasGeneorgeneproduct	"tabular_data;experimental_data"	has_biolink:GeneOrGeneProduct
10.17917	hgnc:11151	HasGeneorgeneproduct	"tabular_data;experimental_data"	has_biolink:GeneOrGeneProduct
10.17917	hgnc:10780	HasGeneorgeneproduct	"tabular_data;experimental_data"	has_biolink:GeneOrGeneProduct
10.17917	hgnc:9973	HasGeneorgeneproduct	"tabular_data;experimental_data"	has_biolink:GeneOrGeneProduct
10.17917	hgnc:10421	HasGeneorgeneproduct	"tabular_data;experimental_data"	has_biolink:GeneOrGeneProduct
10.17917	hgnc:13724	HasGeneorgeneproduct	"tabular_data;experimental_data"	has_biolink:GeneOrGeneProduct
10.17917	hgnc:4648	HasGeneorgeneproduct	"tabular_data;experimental_data"	has_biolink:GeneOrGeneProduct
10.17917	hgnc:2234	HasGeneorgeneproduct	"tabular_data;experimental_data"	has_biolink:GeneOrGeneProduct
10.17917	hgnc:1474	HasGeneorgeneproduct	"tabular_data;experimental_data"	has_biolink:GeneOrGeneProduct
10.17917	hgnc:2363	HasGeneorgeneproduct	"tabular_data;experimental_data"	has_biolink:GeneOrGeneProduct
10.17917	hgnc:8647	HasGeneorgeneproduct	"tabular_data;experimental_data"	has_biolink:GeneOrGeneProduct
10.17917	hgnc:358	HasGeneorgeneproduct	"tabular_data;experimental_data"	has_biolink:GeneOrGeneProduct
10.17917	hgnc:23781	HasGeneorgeneproduct	"tabular_data;experimental_data"	has_biolink:GeneOrGeneProduct
10.17917	hgnc:5213	HasGeneorgeneproduct	"tabular_data;experimental_data"	has_biolink:GeneOrGeneProduct
10.17917	hgnc:7642	HasGeneorgeneproduct	"tabular_data;experimental_data"	has_biolink:GeneOrGeneProduct
10.17917	mesh:C030287	HasGeneorgeneproduct	"tabular_data;experimental_data"	has_biolink:GeneOrGeneProduct
10.17917	hgnc:29797	HasGeneorgeneproduct	"tabular_data;experimental_data"	has_biolink:GeneOrGeneProduct
10.17917	hgnc:143	HasGeneorgeneproduct	"tabular_data;experimental_data"	has_biolink:GeneOrGeneProduct
10.17917	hgnc:8729	HasGeneorgeneproduct	"tabular_data;experimental_data"	has_biolink:GeneOrGeneProduct
10.17917	hgnc:2419	HasGeneorgeneproduct	"tabular_data;experimental_data"	has_biolink:GeneOrGeneProduct
10.17917	hgnc:9972	HasGeneorgeneproduct	"tabular_data;experimental_data"	has_biolink:GeneOrGeneProduct
10.17917	hgnc:3594	HasGeneorgeneproduct	"tabular_data;experimental_data"	has_biolink:GeneOrGeneProduct
10.17917	hgnc:12412	HasGeneorgeneproduct	"tabular_data;experimental_data"	has_biolink:GeneOrGeneProduct
10.17917	hgnc:30829	HasGeneorgeneproduct	"tabular_data;experimental_data"	has_biolink:GeneOrGeneProduct
10.17917	mesh:D051379	HasOrganismtaxon	"tabular_data;experimental_data"	has_biolink:OrganismTaxon
10.17917	mesh:D020033	HasGeneorgeneproduct	"tabular_data;experimental_data"	has_biolink:GeneOrGeneProduct
10.17917	hgnc:16209	HasGeneorgeneproduct	"tabular_data;experimental_data"	has_biolink:GeneOrGeneProduct
10.17917	hgnc:20771	HasGeneorgeneproduct	"tabular_data;experimental_data"	has_biolink:GeneOrGeneProduct
10.17917	hgnc:10697	HasGeneorgeneproduct	"tabular_data;experimental_data"	has_biolink:GeneOrGeneProduct
10.17917	hgnc:16889	HasGeneorgeneproduct	"tabular_data;experimental_data"	has_biolink:GeneOrGeneProduct
10.17917	hgnc:9300	HasGeneorgeneproduct	"tabular_data;experimental_data"	has_biolink:GeneOrGeneProduct
10.17917	hgnc:7414	HasGeneorgeneproduct	"tabular_data;experimental_data"	has_biolink:GeneOrGeneProduct
10.17917	hgnc:12711	HasGeneorgeneproduct	"tabular_data;experimental_data"	has_biolink:GeneOrGeneProduct
10.17917	hgnc:14348	HasGeneorgeneproduct	"tabular_data;experimental_data"	has_biolink:GeneOrGeneProduct
10.17917	hgnc:20292	HasGeneorgeneproduct	"tabular_data;experimental_data"	has_biolink:GeneOrGeneProduct
10.17917	hgnc:30857	HasGeneorgeneproduct	"tabular_data;experimental_data"	has_biolink:GeneOrGeneProduct
10.17917	hgnc:10760	HasGeneorgeneproduct	"tabular_data;experimental_data"	has_biolink:GeneOrGeneProduct
10.17917	hgnc:8648	HasGeneorgeneproduct	"tabular_data;experimental_data"	has_biolink:GeneOrGeneProduct
10.17917	hgnc:10364	HasGeneorgeneproduct	"tabular_data;experimental_data"	has_biolink:GeneOrGeneProduct
10.17917	mesh:C018728	HasGeneorgeneproduct	"tabular_data;experimental_data"	has_biolink:GeneOrGeneProduct
10.17917	hgnc:10819	HasGeneorgeneproduct	"tabular_data;experimental_data"	has_biolink:GeneOrGeneProduct
10.17917	hgnc:7504	HasGeneorgeneproduct	"tabular_data;experimental_data"	has_biolink:GeneOrGeneProduct
10.17917	hgnc:16849	HasGeneorgeneproduct	"tabular_data;experimental_data"	has_biolink:GeneOrGeneProduct
10.17917	mesh:C019798	HasGeneorgeneproduct	"tabular_data;experimental_data"	has_biolink:GeneOrGeneProduct
10.17917	hgnc:17174	HasGeneorgeneproduct	"tabular_data;experimental_data"	has_biolink:GeneOrGeneProduct
10.17917	hgnc:6229	HasGeneorgeneproduct	"tabular_data;experimental_data"	has_biolink:GeneOrGeneProduct
10.17917	hgnc:30796	HasGeneorgeneproduct	"tabular_data;experimental_data"	has_biolink:GeneOrGeneProduct
10.17917	hgnc:395	HasGeneorgeneproduct	"tabular_data;experimental_data"	has_biolink:GeneOrGeneProduct
10.17917	hgnc:1777	HasGeneorgeneproduct	"tabular_data;experimental_data"	has_biolink:GeneOrGeneProduct
10.17917	hgnc:18028	HasGeneorgeneproduct	"tabular_data;experimental_data"	has_biolink:GeneOrGeneProduct
10.17917	hgnc:4908	HasGeneorgeneproduct	"tabular_data;experimental_data"	has_biolink:GeneOrGeneProduct
10.17917	hgnc:382	HasGeneorgeneproduct	"tabular_data;experimental_data"	has_biolink:GeneOrGeneProduct
10.17917	hgnc:2240	HasGeneorgeneproduct	"tabular_data;experimental_data"	has_biolink:GeneOrGeneProduct
10.17917	hgnc:17838	HasGeneorgeneproduct	"tabular_data;experimental_data"	has_biolink:GeneOrGeneProduct
10.17917	hgnc:24460	HasGeneorgeneproduct	"tabular_data;experimental_data"	has_biolink:GeneOrGeneProduct
10.17917	hgnc:4606	HasGeneorgeneproduct	"tabular_data;experimental_data"	has_biolink:GeneOrGeneProduct
10.17917	hgnc:25407	HasGeneorgeneproduct	"tabular_data;experimental_data"	has_biolink:GeneOrGeneProduct
10.17917	hgnc:25903	HasGeneorgeneproduct	"tabular_data;experimental_data"	has_biolink:GeneOrGeneProduct
10.17917	hgnc:10027	HasGeneorgeneproduct	"tabular_data;experimental_data"	has_biolink:GeneOrGeneProduct
10.17917	hgnc:16171	HasGeneorgeneproduct	"tabular_data;experimental_data"	has_biolink:GeneOrGeneProduct
10.17917	hgnc:24269	HasGeneorgeneproduct	"tabular_data;experimental_data"	has_biolink:GeneOrGeneProduct
10.17917	hgnc:24286	HasGeneorgeneproduct	"tabular_data;experimental_data"	has_biolink:GeneOrGeneProduct
10.17917	mesh:D014305	HasGeneorgeneproduct	"tabular_data;experimental_data"	has_biolink:GeneOrGeneProduct
10.17917	hgnc:24989	HasGeneorgeneproduct	"tabular_data;experimental_data"	has_biolink:GeneOrGeneProduct
10.17917	hgnc:16915	HasGeneorgeneproduct	"tabular_data;experimental_data"	has_biolink:GeneOrGeneProduct
10.17917	hgnc:4715	HasGeneorgeneproduct	"tabular_data;experimental_data"	has_biolink:GeneOrGeneProduct
10.17917	hgnc:4570	HasGeneorgeneproduct	"tabular_data;experimental_data"	has_biolink:GeneOrGeneProduct
10.17917	hgnc:24133	HasGeneorgeneproduct	"tabular_data;experimental_data"	has_biolink:GeneOrGeneProduct
10.17917	hgnc:28662	HasGeneorgeneproduct	"tabular_data;experimental_data"	has_biolink:GeneOrGeneProduct
10.17917	hgnc:8909	HasGeneorgeneproduct	"tabular_data;experimental_data"	has_biolink:GeneOrGeneProduct
10.17917	hgnc:20772	HasGeneorgeneproduct	"tabular_data;experimental_data"	has_biolink:GeneOrGeneProduct
10.17917	hgnc:2873	HasGeneorgeneproduct	"tabular_data;experimental_data"	has_biolink:GeneOrGeneProduct
10.17917	hgnc:12390	HasGeneorgeneproduct	"tabular_data;experimental_data"	has_biolink:GeneOrGeneProduct
10.17917	hgnc:21749	HasGeneorgeneproduct	"tabular_data;experimental_data"	has_biolink:GeneOrGeneProduct
10.17917	hgnc:10306	HasGeneorgeneproduct	"tabular_data;experimental_data"	has_biolink:GeneOrGeneProduct
10.17917	hgnc:9308	HasGeneorgeneproduct	"tabular_data;experimental_data"	has_biolink:GeneOrGeneProduct
10.17917	hgnc:840	HasGeneorgeneproduct	"tabular_data;experimental_data"	has_biolink:GeneOrGeneProduct
10.17917	hgnc:30856	HasGeneorgeneproduct	"tabular_data;experimental_data"	has_biolink:GeneOrGeneProduct
10.17917	mesh:D012269	HasGeneorgeneproduct	"tabular_data;experimental_data"	has_biolink:GeneOrGeneProduct
10.17917	hgnc:28670	HasGeneorgeneproduct	"tabular_data;experimental_data"	has_biolink:GeneOrGeneProduct
10.17917	hgnc:20870	HasGeneorgeneproduct	"tabular_data;experimental_data"	has_biolink:GeneOrGeneProduct
10.17917	hgnc:2459	HasGeneorgeneproduct	"tabular_data;experimental_data"	has_biolink:GeneOrGeneProduct
10.17917	hgnc:10781	HasGeneorgeneproduct	"tabular_data;experimental_data"	has_biolink:GeneOrGeneProduct
10.17917	hgnc:23151	HasGeneorgeneproduct	"tabular_data;experimental_data"	has_biolink:GeneOrGeneProduct
10.17917	hgnc:10991	HasGeneorgeneproduct	"tabular_data;experimental_data"	has_biolink:GeneOrGeneProduct
10.17917	hgnc:28826	HasGeneorgeneproduct	"tabular_data;experimental_data"	has_biolink:GeneOrGeneProduct
10.17917	hgnc:7142	HasGeneorgeneproduct	"tabular_data;experimental_data"	has_biolink:GeneOrGeneProduct
10.17917	hgnc:12269	HasGeneorgeneproduct	"tabular_data;experimental_data"	has_biolink:GeneOrGeneProduct
10.17917	hgnc:3465	HasGeneorgeneproduct	"tabular_data;experimental_data"	has_biolink:GeneOrGeneProduct
10.17917	hgnc:29812	HasGeneorgeneproduct	"tabular_data;experimental_data"	has_biolink:GeneOrGeneProduct
10.17917	hgnc:10564	HasGeneorgeneproduct	"tabular_data;experimental_data"	has_biolink:GeneOrGeneProduct
10.17917	hgnc:10789	HasGeneorgeneproduct	"tabular_data;experimental_data"	has_biolink:GeneOrGeneProduct
10.17917	hgnc:6741	HasGeneorgeneproduct	"tabular_data;experimental_data"	has_biolink:GeneOrGeneProduct
10.17917	hgnc:10404	HasGeneorgeneproduct	"tabular_data;experimental_data"	has_biolink:GeneOrGeneProduct
10.17917	hgnc:20962	HasGeneorgeneproduct	"tabular_data;experimental_data"	has_biolink:GeneOrGeneProduct
10.17917	hgnc:18305	HasGeneorgeneproduct	"tabular_data;experimental_data"	has_biolink:GeneOrGeneProduct
10.17917	hgnc:9001	HasGeneorgeneproduct	"tabular_data;experimental_data"	has_biolink:GeneOrGeneProduct
10.17917	hgnc:33451	HasGeneorgeneproduct	"tabular_data;experimental_data"	has_biolink:GeneOrGeneProduct
10.17917	hgnc:1151	HasGeneorgeneproduct	"tabular_data;experimental_data"	has_biolink:GeneOrGeneProduct
10.17917	hgnc:9463	HasGeneorgeneproduct	"tabular_data;experimental_data"	has_biolink:GeneOrGeneProduct
10.17917	hgnc:9970	HasGeneorgeneproduct	"tabular_data;experimental_data"	has_biolink:GeneOrGeneProduct
10.17917	hgnc:14654	HasGeneorgeneproduct	"tabular_data;experimental_data"	has_biolink:GeneOrGeneProduct
10.17917	hgnc:20768	HasGeneorgeneproduct	"tabular_data;experimental_data"	has_biolink:GeneOrGeneProduct
10.17917	hgnc:20766	HasGeneorgeneproduct	"tabular_data;experimental_data"	has_biolink:GeneOrGeneProduct
10.17917	hgnc:18809	HasGeneorgeneproduct	"tabular_data;experimental_data"	has_biolink:GeneOrGeneProduct
10.17917	hgnc:9325	HasGeneorgeneproduct	"tabular_data;experimental_data"	has_biolink:GeneOrGeneProduct
10.17917	hgnc:28184	HasGeneorgeneproduct	"tabular_data;experimental_data"	has_biolink:GeneOrGeneProduct
10.17917	hgnc:8819	HasGeneorgeneproduct	"tabular_data;experimental_data"	has_biolink:GeneOrGeneProduct
10.17917	hgnc:7629	HasGeneorgeneproduct	"tabular_data;experimental_data"	has_biolink:GeneOrGeneProduct
10.17917	hgnc:12851	HasGeneorgeneproduct	"tabular_data;experimental_data"	has_biolink:GeneOrGeneProduct
10.17917	hgnc:12855	HasGeneorgeneproduct	"tabular_data;experimental_data"	has_biolink:GeneOrGeneProduct
10.17917	hgnc:24987	HasGeneorgeneproduct	"tabular_data;experimental_data"	has_biolink:GeneOrGeneProduct
10.17917	fplx:NADH_dehydrogenase	HasMacromolecularcomplexorproteinfamily	"tabular_data;experimental_data"	has_biolink:MacromolecularComplexOrProteinFamily
10.17917	hgnc:17946	HasGeneorgeneproduct	"tabular_data;experimental_data"	has_biolink:GeneOrGeneProduct
10.17917	hgnc:11430	HasGeneorgeneproduct	"tabular_data;experimental_data"	has_biolink:GeneOrGeneProduct
10.17917	hgnc:389	HasGeneorgeneproduct	"tabular_data;experimental_data"	has_biolink:GeneOrGeneProduct
10.17917	mesh:D014166	HasGeneorgeneproduct	"tabular_data;experimental_data"	has_biolink:GeneOrGeneProduct
10.17917	hgnc:28050	HasGeneorgeneproduct	"tabular_data;experimental_data"	has_biolink:GeneOrGeneProduct
10.17917	hgnc:16645	HasGeneorgeneproduct	"tabular_data;experimental_data"	has_biolink:GeneOrGeneProduct
10.17917	hgnc:23077	HasGeneorgeneproduct	"tabular_data;experimental_data"	has_biolink:GeneOrGeneProduct
10.17917	hgnc:28369	HasGeneorgeneproduct	"tabular_data;experimental_data"	has_biolink:GeneOrGeneProduct
10.17917	hgnc:2062	HasGeneorgeneproduct	"tabular_data;experimental_data"	has_biolink:GeneOrGeneProduct
10.17917	hgnc:2362	HasGeneorgeneproduct	"tabular_data;experimental_data"	has_biolink:GeneOrGeneProduct
10.17917	hgnc:25560	HasGeneorgeneproduct	"tabular_data;experimental_data"	has_biolink:GeneOrGeneProduct
10.17917	hgnc:18246	HasGeneorgeneproduct	"tabular_data;experimental_data"	has_biolink:GeneOrGeneProduct
10.17917	hgnc:3331	HasGeneorgeneproduct	"tabular_data;experimental_data"	has_biolink:GeneOrGeneProduct
10.17917	hgnc:24281	HasGeneorgeneproduct	"tabular_data;experimental_data"	has_biolink:GeneOrGeneProduct
10.17917	hgnc:5013	HasGeneorgeneproduct	"tabular_data;experimental_data"	has_biolink:GeneOrGeneProduct
10.17917	hgnc:9466	HasGeneorgeneproduct	"tabular_data;experimental_data"	has_biolink:GeneOrGeneProduct
10.17917	hgnc:25109	HasGeneorgeneproduct	"tabular_data;experimental_data"	has_biolink:GeneOrGeneProduct
10.17917	hgnc:9621	HasGeneorgeneproduct	"tabular_data;experimental_data"	has_biolink:GeneOrGeneProduct
10.17917	hgnc:12010	HasGeneorgeneproduct	"tabular_data;experimental_data"	has_biolink:GeneOrGeneProduct
10.17917	hgnc:9352	HasGeneorgeneproduct	"tabular_data;experimental_data"	has_biolink:GeneOrGeneProduct
10.17917	hgnc:1491	HasGeneorgeneproduct	"tabular_data;experimental_data"	has_biolink:GeneOrGeneProduct
10.17917	hgnc:29201	HasGeneorgeneproduct	"tabular_data;experimental_data"	has_biolink:GeneOrGeneProduct
10.17917	chebi:57347	HasSmallmolecule	"tabular_data;experimental_data"	has_biolink:SmallMolecule
10.17917	hgnc:9323	HasGeneorgeneproduct	"tabular_data;experimental_data"	has_biolink:GeneOrGeneProduct
10.17917	hgnc:19954	HasGeneorgeneproduct	"tabular_data;experimental_data"	has_biolink:GeneOrGeneProduct
10.17917	hgnc:12757	HasGeneorgeneproduct	"tabular_data;experimental_data"	has_biolink:GeneOrGeneProduct
10.17917	hgnc:5258	HasGeneorgeneproduct	"tabular_data;experimental_data"	has_biolink:GeneOrGeneProduct
10.17917	hgnc:752	HasGeneorgeneproduct	"tabular_data;experimental_data"	has_biolink:GeneOrGeneProduct
10.17917	hgnc:28883	HasGeneorgeneproduct	"tabular_data;experimental_data"	has_biolink:GeneOrGeneProduct
10.17917	mesh:C093413	HasGeneorgeneproduct	"tabular_data;experimental_data"	has_biolink:GeneOrGeneProduct
10.17917	hgnc:9846	HasGeneorgeneproduct	"tabular_data;experimental_data"	has_biolink:GeneOrGeneProduct
10.17917	hgnc:16989	HasGeneorgeneproduct	"tabular_data;experimental_data"	has_biolink:GeneOrGeneProduct
10.17917	mesh:D009026	HasExperimentalFactor	"tabular_data;experimental_data"	has_experimental_factor
10.17917	hgnc:19978	HasGeneorgeneproduct	"tabular_data;experimental_data"	has_biolink:GeneOrGeneProduct
10.17917	hgnc:29929	HasGeneorgeneproduct	"tabular_data;experimental_data"	has_biolink:GeneOrGeneProduct
10.17917	hgnc:15987	HasGeneorgeneproduct	"tabular_data;experimental_data"	has_biolink:GeneOrGeneProduct
10.17917	hgnc:16085	HasGeneorgeneproduct	"tabular_data;experimental_data"	has_biolink:GeneOrGeneProduct
10.17917	hgnc:30329	HasGeneorgeneproduct	"tabular_data;experimental_data"	has_biolink:GeneOrGeneProduct
10.17917	hgnc:10441	HasGeneorgeneproduct	"tabular_data;experimental_data"	has_biolink:GeneOrGeneProduct
10.17917	hgnc:8888	HasGeneorgeneproduct	"tabular_data;experimental_data"	has_biolink:GeneOrGeneProduct
10.17917	hgnc:11654	HasGeneorgeneproduct	"tabular_data;experimental_data"	has_biolink:GeneOrGeneProduct
10.17917	hgnc:9385	HasGeneorgeneproduct	"tabular_data;experimental_data"	has_biolink:GeneOrGeneProduct
10.17917	hgnc:26928	HasGeneorgeneproduct	"tabular_data;experimental_data"	has_biolink:GeneOrGeneProduct
10.17917	hgnc:20776	HasGeneorgeneproduct	"tabular_data;experimental_data"	has_biolink:GeneOrGeneProduct
10.17917	efo:0001651	HasExperimentalFactor	"tabular_data;experimental_data"	has_experimental_factor
10.17917	hgnc:7892	HasGeneorgeneproduct	"tabular_data;experimental_data"	has_biolink:GeneOrGeneProduct
10.17917	fplx:Ubiquitin	HasMacromolecularcomplexorproteinfamily	"tabular_data;experimental_data"	has_biolink:MacromolecularComplexOrProteinFamily
10.17917	hgnc:12458	HasGeneorgeneproduct	"tabular_data;experimental_data"	has_biolink:GeneOrGeneProduct
10.17917	hgnc:10417	HasGeneorgeneproduct	"tabular_data;experimental_data"	has_biolink:GeneOrGeneProduct
10.17917	hgnc:12463	HasGeneorgeneproduct	"tabular_data;experimental_data"	has_biolink:GeneOrGeneProduct
10.17917	hgnc:10332	HasGeneorgeneproduct	"tabular_data;experimental_data"	has_biolink:GeneOrGeneProduct
10.17917	hgnc:6905	HasGeneorgeneproduct	"tabular_data;experimental_data"	has_biolink:GeneOrGeneProduct
10.17917	mesh:D014369	HasGeneorgeneproduct	"tabular_data;experimental_data"	has_biolink:GeneOrGeneProduct
10.17917	chebi:62618	HasSmallmolecule	"tabular_data;experimental_data"	has_biolink:SmallMolecule
10.17917	hgnc:18429	HasGeneorgeneproduct	"tabular_data;experimental_data"	has_biolink:GeneOrGeneProduct
10.17917	hgnc:851	HasGeneorgeneproduct	"tabular_data;experimental_data"	has_biolink:GeneOrGeneProduct
10.17917	hgnc:11713	HasGeneorgeneproduct	"tabular_data;experimental_data"	has_biolink:GeneOrGeneProduct
10.17917	hgnc:11280	HasGeneorgeneproduct	"tabular_data;experimental_data"	has_biolink:GeneOrGeneProduct
10.17917	hgnc:10783	HasGeneorgeneproduct	"tabular_data;experimental_data"	has_biolink:GeneOrGeneProduct
10.17917	hgnc:8857	HasGeneorgeneproduct	"tabular_data;experimental_data"	has_biolink:GeneOrGeneProduct
10.17917	hgnc:20271	HasGeneorgeneproduct	"tabular_data;experimental_data"	has_biolink:GeneOrGeneProduct
10.17917	hgnc:17820	HasGeneorgeneproduct	"tabular_data;experimental_data"	has_biolink:GeneOrGeneProduct
10.17917	hgnc:30300	HasGeneorgeneproduct	"tabular_data;experimental_data"	has_biolink:GeneOrGeneProduct
10.17917	hgnc:704	HasGeneorgeneproduct	"tabular_data;experimental_data"	has_biolink:GeneOrGeneProduct
10.17917	hgnc:5005	HasGeneorgeneproduct	"tabular_data;experimental_data"	has_biolink:GeneOrGeneProduct
10.17917	hgnc:2080	HasGeneorgeneproduct	"tabular_data;experimental_data"	has_biolink:GeneOrGeneProduct
10.17917	hgnc:6636	HasGeneorgeneproduct	"tabular_data;experimental_data"	has_biolink:GeneOrGeneProduct
10.17917	mesh:D014534	HasGeneorgeneproduct	"tabular_data;experimental_data"	has_biolink:GeneOrGeneProduct
10.17917	hgnc:10990	HasGeneorgeneproduct	"tabular_data;experimental_data"	has_biolink:GeneOrGeneProduct
10.17917	chebi:25524	HasSmallmolecule	"tabular_data;experimental_data"	has_biolink:SmallMolecule
10.17917	hgnc:23316	HasGeneorgeneproduct	"tabular_data;experimental_data"	has_biolink:GeneOrGeneProduct
10.17917	go:1990397	HasBiologicalprocess	"tabular_data;experimental_data"	has_biolink:BiologicalProcess
10.17917	hgnc:12028	HasGeneorgeneproduct	"tabular_data;experimental_data"	has_biolink:GeneOrGeneProduct
10.17917	hgnc:253	HasGeneorgeneproduct	"tabular_data;experimental_data"	has_biolink:GeneOrGeneProduct
10.17917	hgnc:9189	HasGeneorgeneproduct	"tabular_data;experimental_data"	has_biolink:GeneOrGeneProduct
10.17917	hgnc:12520	HasGeneorgeneproduct	"tabular_data;experimental_data"	has_biolink:GeneOrGeneProduct
10.17917	hgnc:15470	HasGeneorgeneproduct	"tabular_data;experimental_data"	has_biolink:GeneOrGeneProduct
10.17917	chebi:15346	HasSmallmolecule	"tabular_data;experimental_data"	has_biolink:SmallMolecule
10.17917	hgnc:8014	HasGeneorgeneproduct	"tabular_data;experimental_data"	has_biolink:GeneOrGeneProduct
10.17917	hgnc:28963	HasGeneorgeneproduct	"tabular_data;experimental_data"	has_biolink:GeneOrGeneProduct
10.17917	mesh:D000074408	HasGeneorgeneproduct	"tabular_data;experimental_data"	has_biolink:GeneOrGeneProduct
10.17917	hgnc:29507	HasGeneorgeneproduct	"tabular_data;experimental_data"	has_biolink:GeneOrGeneProduct
10.17917	hgnc:9971	HasGeneorgeneproduct	"tabular_data;experimental_data"	has_biolink:GeneOrGeneProduct
10.17917	hgnc:9467	HasGeneorgeneproduct	"tabular_data;experimental_data"	has_biolink:GeneOrGeneProduct
10.17917	hgnc:10563	HasGeneorgeneproduct	"tabular_data;experimental_data"	has_biolink:GeneOrGeneProduct
10.17917	hgnc:5037	HasGeneorgeneproduct	"tabular_data;experimental_data"	has_biolink:GeneOrGeneProduct
10.17917	hgnc:9558	HasGeneorgeneproduct	"tabular_data;experimental_data"	has_biolink:GeneOrGeneProduct
10.17917	hgnc:24539	HasGeneorgeneproduct	"tabular_data;experimental_data"	has_biolink:GeneOrGeneProduct
10.17917	hgnc:14111	HasGeneorgeneproduct	"tabular_data;experimental_data"	has_biolink:GeneOrGeneProduct
10.17917	hgnc:3258	HasGeneorgeneproduct	"tabular_data;experimental_data"	has_biolink:GeneOrGeneProduct
10.17917	hgnc:29205	HasGeneorgeneproduct	"tabular_data;experimental_data"	has_biolink:GeneOrGeneProduct
10.17917	hgnc:9002	HasGeneorgeneproduct	"tabular_data;experimental_data"	has_biolink:GeneOrGeneProduct
10.17917	hgnc:9174	HasGeneorgeneproduct	"tabular_data;experimental_data"	has_biolink:GeneOrGeneProduct
10.17917	hgnc:1116	HasGeneorgeneproduct	"tabular_data;experimental_data"	has_biolink:GeneOrGeneProduct
10.17917	hgnc:9788	HasGeneorgeneproduct	"tabular_data;experimental_data"	has_biolink:GeneOrGeneProduct
10.17917	hgnc:418	HasGeneorgeneproduct	"tabular_data;experimental_data"	has_biolink:GeneOrGeneProduct
10.17917	hgnc:12453	HasGeneorgeneproduct	"tabular_data;experimental_data"	has_biolink:GeneOrGeneProduct
10.17917	hgnc:9530	HasGeneorgeneproduct	"tabular_data;experimental_data"	has_biolink:GeneOrGeneProduct
10.17917	hgnc:3704	HasGeneorgeneproduct	"tabular_data;experimental_data"	has_biolink:GeneOrGeneProduct
10.17917	hgnc:10368	HasGeneorgeneproduct	"tabular_data;experimental_data"	has_biolink:GeneOrGeneProduct
10.17917	go:0030964	HasMacromolecularcomplexorproteinfamily	"tabular_data;experimental_data"	has_biolink:MacromolecularComplexOrProteinFamily
10.17917	hgnc:12648	HasGeneorgeneproduct	"tabular_data;experimental_data"	has_biolink:GeneOrGeneProduct
10.17917	hgnc:16074	HasGeneorgeneproduct	"tabular_data;experimental_data"	has_biolink:GeneOrGeneProduct
10.17917	fplx:AXIN	HasMacromolecularcomplexorproteinfamily	"tabular_data;experimental_data"	has_biolink:MacromolecularComplexOrProteinFamily
10.17917	hgnc:12591	HasGeneorgeneproduct	"tabular_data;experimental_data"	has_biolink:GeneOrGeneProduct
10.17917	hgnc:11431	HasGeneorgeneproduct	"tabular_data;experimental_data"	has_biolink:GeneOrGeneProduct
10.17917	hgnc:30141	HasGeneorgeneproduct	"tabular_data;experimental_data"	has_biolink:GeneOrGeneProduct
10.17917	hgnc:11432	HasGeneorgeneproduct	"tabular_data;experimental_data"	has_biolink:GeneOrGeneProduct
10.17917	hgnc:7641	HasGeneorgeneproduct	"tabular_data;experimental_data"	has_biolink:GeneOrGeneProduct
10.17917	hgnc:26075	HasGeneorgeneproduct	"tabular_data;experimental_data"	has_biolink:GeneOrGeneProduct
10.17917	hgnc:5044	HasGeneorgeneproduct	"tabular_data;experimental_data"	has_biolink:GeneOrGeneProduct
10.17917	hgnc:5046	HasGeneorgeneproduct	"tabular_data;experimental_data"	has_biolink:GeneOrGeneProduct
10.17917	hgnc:678	HasGeneorgeneproduct	"tabular_data;experimental_data"	has_biolink:GeneOrGeneProduct
10.17917	hgnc:9568	HasGeneorgeneproduct	"tabular_data;experimental_data"	has_biolink:GeneOrGeneProduct
10.17917	hgnc:4651	HasGeneorgeneproduct	"tabular_data;experimental_data"	has_biolink:GeneOrGeneProduct
10.17917	hgnc:13390	HasGeneorgeneproduct	"tabular_data;experimental_data"	has_biolink:GeneOrGeneProduct
10.17917	hgnc:1226	HasGeneorgeneproduct	"tabular_data;experimental_data"	has_biolink:GeneOrGeneProduct
10.17917	hgnc:18355	HasGeneorgeneproduct	"tabular_data;experimental_data"	has_biolink:GeneOrGeneProduct
10.17917	hgnc:4377	HasGeneorgeneproduct	"tabular_data;experimental_data"	has_biolink:GeneOrGeneProduct
10.17917	hgnc:18281	HasGeneorgeneproduct	"tabular_data;experimental_data"	has_biolink:GeneOrGeneProduct
10.17917	hgnc:9330	HasGeneorgeneproduct	"tabular_data;experimental_data"	has_biolink:GeneOrGeneProduct
10.17917	hgnc:7546	HasGeneorgeneproduct	"tabular_data;experimental_data"	has_biolink:GeneOrGeneProduct
10.17917	hgnc:9258	HasGeneorgeneproduct	"tabular_data;experimental_data"	has_biolink:GeneOrGeneProduct
10.17917	hgnc:11323	HasGeneorgeneproduct	"tabular_data;experimental_data"	has_biolink:GeneOrGeneProduct
10.17917	hgnc:18077	HasGeneorgeneproduct	"tabular_data;experimental_data"	has_biolink:GeneOrGeneProduct
10.17917	hgnc:17822	HasGeneorgeneproduct	"tabular_data;experimental_data"	has_biolink:GeneOrGeneProduct
10.17917	hgnc:20290	HasGeneorgeneproduct	"tabular_data;experimental_data"	has_biolink:GeneOrGeneProduct
10.17917	hgnc:8770	HasGeneorgeneproduct	"tabular_data;experimental_data"	has_biolink:GeneOrGeneProduct
10.17917	hgnc:10310	HasGeneorgeneproduct	"tabular_data;experimental_data"	has_biolink:GeneOrGeneProduct
10.17917	hgnc:169	HasGeneorgeneproduct	"tabular_data;experimental_data"	has_biolink:GeneOrGeneProduct
10.17917	hgnc:27915	HasGeneorgeneproduct	"tabular_data;experimental_data"	has_biolink:GeneOrGeneProduct
10.17917	mesh:D012696	HasGeneorgeneproduct	"tabular_data;experimental_data"	has_biolink:GeneOrGeneProduct
10.17917	hgnc:1778	HasGeneorgeneproduct	"tabular_data;experimental_data"	has_biolink:GeneOrGeneProduct
10.17917	mesh:D000154	HasGeneorgeneproduct	"tabular_data;experimental_data"	has_biolink:GeneOrGeneProduct
10.17917	hgnc:11440	HasGeneorgeneproduct	"tabular_data;experimental_data"	has_biolink:GeneOrGeneProduct
10.17917	hgnc:11571	HasGeneorgeneproduct	"tabular_data;experimental_data"	has_biolink:GeneOrGeneProduct
10.17917	hgnc:1373	HasGeneorgeneproduct	"tabular_data;experimental_data"	has_biolink:GeneOrGeneProduct
10.17917	hgnc:18111	HasGeneorgeneproduct	"tabular_data;experimental_data"	has_biolink:GeneOrGeneProduct
10.17917	hgnc:13518	HasGeneorgeneproduct	"tabular_data;experimental_data"	has_biolink:GeneOrGeneProduct
10.17917	hgnc:24432	HasGeneorgeneproduct	"tabular_data;experimental_data"	has_biolink:GeneOrGeneProduct
10.17917	hgnc:30262	HasGeneorgeneproduct	"tabular_data;experimental_data"	has_biolink:GeneOrGeneProduct
10.17917	hgnc:10787	HasGeneorgeneproduct	"tabular_data;experimental_data"	has_biolink:GeneOrGeneProduct
10.17917	mesh:C019620	HasGeneorgeneproduct	"tabular_data;experimental_data"	has_biolink:GeneOrGeneProduct
10.17917	hgnc:2451	HasGeneorgeneproduct	"tabular_data;experimental_data"	has_biolink:GeneOrGeneProduct
10.17917	fplx:CSNK1	HasMacromolecularcomplexorproteinfamily	"tabular_data;experimental_data"	has_biolink:MacromolecularComplexOrProteinFamily
10.17917	hgnc:6891	HasGeneorgeneproduct	"tabular_data;experimental_data"	has_biolink:GeneOrGeneProduct
10.17917	hgnc:6723	HasGeneorgeneproduct	"tabular_data;experimental_data"	has_biolink:GeneOrGeneProduct
10.17917	hgnc:17684	HasGeneorgeneproduct	"tabular_data;experimental_data"	has_biolink:GeneOrGeneProduct
10.17917	hgnc:26064	HasGeneorgeneproduct	"tabular_data;experimental_data"	has_biolink:GeneOrGeneProduct
10.17917	hgnc:3214	HasGeneorgeneproduct	"tabular_data;experimental_data"	has_biolink:GeneOrGeneProduct
10.17917	hgnc:28697	HasGeneorgeneproduct	"tabular_data;experimental_data"	has_biolink:GeneOrGeneProduct
10.17917	hgnc:28801	HasGeneorgeneproduct	"tabular_data;experimental_data"	has_biolink:GeneOrGeneProduct
10.17917	hgnc:29909	HasGeneorgeneproduct	"tabular_data;experimental_data"	has_biolink:GeneOrGeneProduct
10.17917	hgnc:14928	HasGeneorgeneproduct	"tabular_data;experimental_data"	has_biolink:GeneOrGeneProduct
10.17917	hgnc:10303	HasGeneorgeneproduct	"tabular_data;experimental_data"	has_biolink:GeneOrGeneProduct
10.17917	hgnc:3098	HasGeneorgeneproduct	"tabular_data;experimental_data"	has_biolink:GeneOrGeneProduct
10.17917	hgnc:17035	HasGeneorgeneproduct	"tabular_data;experimental_data"	has_biolink:GeneOrGeneProduct
10.17917	hgnc:30168	HasGeneorgeneproduct	"tabular_data;experimental_data"	has_biolink:GeneOrGeneProduct
10.17917	hgnc:19341	HasGeneorgeneproduct	"tabular_data;experimental_data"	has_biolink:GeneOrGeneProduct
10.17917	hgnc:5043	HasGeneorgeneproduct	"tabular_data;experimental_data"	has_biolink:GeneOrGeneProduct
10.17917	hgnc:18518	HasGeneorgeneproduct	"tabular_data;experimental_data"	has_biolink:GeneOrGeneProduct
10.17917	hgnc:14280	HasGeneorgeneproduct	"tabular_data;experimental_data"	has_biolink:GeneOrGeneProduct
10.17917	hgnc:21040	HasGeneorgeneproduct	"tabular_data;experimental_data"	has_biolink:GeneOrGeneProduct
10.17917	hgnc:5253	HasGeneorgeneproduct	"tabular_data;experimental_data"	has_biolink:GeneOrGeneProduct
10.17917	hgnc:1771	HasGeneorgeneproduct	"tabular_data;experimental_data"	has_biolink:GeneOrGeneProduct
10.17917	hgnc:30247	HasGeneorgeneproduct	"tabular_data;experimental_data"	has_biolink:GeneOrGeneProduct
10.17917	fplx:Histone_H4	HasMacromolecularcomplexorproteinfamily	"tabular_data;experimental_data"	has_biolink:MacromolecularComplexOrProteinFamily
10.17917	go:1990563	HasMacromolecularcomplexorproteinfamily	"tabular_data;experimental_data"	has_biolink:MacromolecularComplexOrProteinFamily
10.17917	hgnc:29856	HasGeneorgeneproduct	"tabular_data;experimental_data"	has_biolink:GeneOrGeneProduct
10.17917	hgnc:21608	HasGeneorgeneproduct	"tabular_data;experimental_data"	has_biolink:GeneOrGeneProduct
10.17917	hgnc:2422	HasGeneorgeneproduct	"tabular_data;experimental_data"	has_biolink:GeneOrGeneProduct
10.17917	hgnc:24085	HasGeneorgeneproduct	"tabular_data;experimental_data"	has_biolink:GeneOrGeneProduct
10.17917	hgnc:12674	HasGeneorgeneproduct	"tabular_data;experimental_data"	has_biolink:GeneOrGeneProduct
10.17917	hgnc:3208	HasGeneorgeneproduct	"tabular_data;experimental_data"	has_biolink:GeneOrGeneProduct
10.17917	hgnc:30915	HasGeneorgeneproduct	"tabular_data;experimental_data"	has_biolink:GeneOrGeneProduct
10.17917	fplx:Histone_H2B	HasMacromolecularcomplexorproteinfamily	"tabular_data;experimental_data"	has_biolink:MacromolecularComplexOrProteinFamily
10.17917	fplx:Histone	HasMacromolecularcomplexorproteinfamily	"tabular_data;experimental_data"	has_biolink:MacromolecularComplexOrProteinFamily
10.17917	hgnc:13954	HasGeneorgeneproduct	"tabular_data;experimental_data"	has_biolink:GeneOrGeneProduct
10.17917	hgnc:4750	HasGeneorgeneproduct	"tabular_data;experimental_data"	has_biolink:GeneOrGeneProduct
10.17917	hgnc:4755	HasGeneorgeneproduct	"tabular_data;experimental_data"	has_biolink:GeneOrGeneProduct
10.17917	hgnc:4751	HasGeneorgeneproduct	"tabular_data;experimental_data"	has_biolink:GeneOrGeneProduct
10.17917	hgnc:29652	HasGeneorgeneproduct	"tabular_data;experimental_data"	has_biolink:GeneOrGeneProduct
10.17917	mesh:D000081035	HasGeneorgeneproduct	"tabular_data;experimental_data"	has_biolink:GeneOrGeneProduct
10.17917	hgnc:7413	HasGeneorgeneproduct	"tabular_data;experimental_data"	has_biolink:GeneOrGeneProduct
10.17917	hgnc:25662	HasGeneorgeneproduct	"tabular_data;experimental_data"	has_biolink:GeneOrGeneProduct
10.17917	hgnc:15763	HasGeneorgeneproduct	"tabular_data;experimental_data"	has_biolink:GeneOrGeneProduct
10.17917	hgnc:7181	HasGeneorgeneproduct	"tabular_data;experimental_data"	has_biolink:GeneOrGeneProduct
10.17917	hgnc:10305	HasGeneorgeneproduct	"tabular_data;experimental_data"	has_biolink:GeneOrGeneProduct
10.17917	hgnc:25332	HasGeneorgeneproduct	"tabular_data;experimental_data"	has_biolink:GeneOrGeneProduct
10.17917	hgnc:15899	HasGeneorgeneproduct	"tabular_data;experimental_data"	has_biolink:GeneOrGeneProduct
10.17917	efo:0004505	HasExperimentalFactor	"tabular_data;experimental_data"	has_experimental_factor
10.17917	hgnc:1874	HasGeneorgeneproduct	"tabular_data;experimental_data"	has_biolink:GeneOrGeneProduct
10.17917	hgnc:6752	HasGeneorgeneproduct	"tabular_data;experimental_data"	has_biolink:GeneOrGeneProduct
10.17917	hgnc:3030	HasGeneorgeneproduct	"tabular_data;experimental_data"	has_biolink:GeneOrGeneProduct
10.17917	hgnc:8940	HasGeneorgeneproduct	"tabular_data;experimental_data"	has_biolink:GeneOrGeneProduct
10.17917	mesh:D050645	HasGeneorgeneproduct	"tabular_data;experimental_data"	has_biolink:GeneOrGeneProduct
10.17917	hgnc:10307	HasGeneorgeneproduct	"tabular_data;experimental_data"	has_biolink:GeneOrGeneProduct
10.17917	hgnc:11133	HasGeneorgeneproduct	"tabular_data;experimental_data"	has_biolink:GeneOrGeneProduct
10.17917	hgnc:4057	HasGeneorgeneproduct	"tabular_data;experimental_data"	has_biolink:GeneOrGeneProduct
10.17917	hgnc:25556	HasGeneorgeneproduct	"tabular_data;experimental_data"	has_biolink:GeneOrGeneProduct
10.17917	hgnc:21100	HasGeneorgeneproduct	"tabular_data;experimental_data"	has_biolink:GeneOrGeneProduct
10.17917	hgnc:10981	HasGeneorgeneproduct	"tabular_data;experimental_data"	has_biolink:GeneOrGeneProduct
10.17917	hgnc:8591	HasGeneorgeneproduct	"tabular_data;experimental_data"	has_biolink:GeneOrGeneProduct
10.17917	hgnc:14886	HasGeneorgeneproduct	"tabular_data;experimental_data"	has_biolink:GeneOrGeneProduct
10.17917	hgnc:17024	HasGeneorgeneproduct	"tabular_data;experimental_data"	has_biolink:GeneOrGeneProduct
10.17917	hgnc:21304	HasGeneorgeneproduct	"tabular_data;experimental_data"	has_biolink:GeneOrGeneProduct
10.17917	hgnc:545	HasGeneorgeneproduct	"tabular_data;experimental_data"	has_biolink:GeneOrGeneProduct
10.17917	hgnc:12852	HasGeneorgeneproduct	"tabular_data;experimental_data"	has_biolink:GeneOrGeneProduct
10.17917	hgnc:17687	HasGeneorgeneproduct	"tabular_data;experimental_data"	has_biolink:GeneOrGeneProduct
10.17917	hgnc:20609	HasGeneorgeneproduct	"tabular_data;experimental_data"	has_biolink:GeneOrGeneProduct
10.17917	hgnc:9713	HasGeneorgeneproduct	"tabular_data;experimental_data"	has_biolink:GeneOrGeneProduct
10.17917	hgnc:26051	HasGeneorgeneproduct	"tabular_data;experimental_data"	has_biolink:GeneOrGeneProduct
10.17917	hgnc:12030	HasGeneorgeneproduct	"tabular_data;experimental_data"	has_biolink:GeneOrGeneProduct
10.17917	hgnc:3482	HasGeneorgeneproduct	"tabular_data;experimental_data"	has_biolink:GeneOrGeneProduct
10.17917	hgnc:25714	HasGeneorgeneproduct	"tabular_data;experimental_data"	has_biolink:GeneOrGeneProduct
10.17917	hgnc:12738	HasGeneorgeneproduct	"tabular_data;experimental_data"	has_biolink:GeneOrGeneProduct
10.17917	hgnc:19123	HasGeneorgeneproduct	"tabular_data;experimental_data"	has_biolink:GeneOrGeneProduct
10.17917	hgnc:19237	HasGeneorgeneproduct	"tabular_data;experimental_data"	has_biolink:GeneOrGeneProduct
10.17917	hgnc:1835	HasGeneorgeneproduct	"tabular_data;experimental_data"	has_biolink:GeneOrGeneProduct
10.17917	hgnc:7637	HasGeneorgeneproduct	"tabular_data;experimental_data"	has_biolink:GeneOrGeneProduct
10.17917	mesh:D055573	HasGeneorgeneproduct	"tabular_data;experimental_data"	has_biolink:GeneOrGeneProduct
10.17917	hgnc:25005	HasGeneorgeneproduct	"tabular_data;experimental_data"	has_biolink:GeneOrGeneProduct
10.17917	hgnc:12013	HasGeneorgeneproduct	"tabular_data;experimental_data"	has_biolink:GeneOrGeneProduct
10.17917	hgnc:4907	HasGeneorgeneproduct	"tabular_data;experimental_data"	has_biolink:GeneOrGeneProduct
10.17917	hgnc:33751	HasGeneorgeneproduct	"tabular_data;experimental_data"	has_biolink:GeneOrGeneProduct
10.17917	hgnc:19071	HasGeneorgeneproduct	"tabular_data;experimental_data"	has_biolink:GeneOrGeneProduct
10.17917	hgnc:12849	HasGeneorgeneproduct	"tabular_data;experimental_data"	has_biolink:GeneOrGeneProduct
10.17917	hgnc:14525	HasGeneorgeneproduct	"tabular_data;experimental_data"	has_biolink:GeneOrGeneProduct
10.17917	hgnc:8548	HasGeneorgeneproduct	"tabular_data;experimental_data"	has_biolink:GeneOrGeneProduct
10.17917	hgnc:26174	HasGeneorgeneproduct	"tabular_data;experimental_data"	has_biolink:GeneOrGeneProduct
10.17917	hgnc:5041	HasGeneorgeneproduct	"tabular_data;experimental_data"	has_biolink:GeneOrGeneProduct
10.17917	hgnc:5042	HasGeneorgeneproduct	"tabular_data;experimental_data"	has_biolink:GeneOrGeneProduct
10.17917	hgnc:25632	HasGeneorgeneproduct	"tabular_data;experimental_data"	has_biolink:GeneOrGeneProduct
10.17917	hgnc:6890	HasGeneorgeneproduct	"tabular_data;experimental_data"	has_biolink:GeneOrGeneProduct
10.17917	hgnc:12854	HasGeneorgeneproduct	"tabular_data;experimental_data"	has_biolink:GeneOrGeneProduct
10.17917	fplx:p14_3_3	HasMacromolecularcomplexorproteinfamily	"tabular_data;experimental_data"	has_biolink:MacromolecularComplexOrProteinFamily
10.17917	hgnc:1508	HasGeneorgeneproduct	"tabular_data;experimental_data"	has_biolink:GeneOrGeneProduct
10.17917	hgnc:17598	HasGeneorgeneproduct	"tabular_data;experimental_data"	has_biolink:GeneOrGeneProduct
10.17917	fplx:ATP_synthase	HasMacromolecularcomplexorproteinfamily	"tabular_data;experimental_data"	has_biolink:MacromolecularComplexOrProteinFamily
10.17917	hgnc:2746	HasGeneorgeneproduct	"tabular_data;experimental_data"	has_biolink:GeneOrGeneProduct
10.17917	hgnc:9326	HasGeneorgeneproduct	"tabular_data;experimental_data"	has_biolink:GeneOrGeneProduct
10.17917	hgnc:11438	HasGeneorgeneproduct	"tabular_data;experimental_data"	has_biolink:GeneOrGeneProduct
10.17917	hgnc:25373	HasGeneorgeneproduct	"tabular_data;experimental_data"	has_biolink:GeneOrGeneProduct
10.17917	hgnc:21524	HasGeneorgeneproduct	"tabular_data;experimental_data"	has_biolink:GeneOrGeneProduct
10.17917	hgnc:9796	HasGeneorgeneproduct	"tabular_data;experimental_data"	has_biolink:GeneOrGeneProduct
10.17917	hgnc:9581	HasGeneorgeneproduct	"tabular_data;experimental_data"	has_biolink:GeneOrGeneProduct
10.17917	hgnc:13386	HasGeneorgeneproduct	"tabular_data;experimental_data"	has_biolink:GeneOrGeneProduct
10.17917	hgnc:87	HasGeneorgeneproduct	"tabular_data;experimental_data"	has_biolink:GeneOrGeneProduct
10.17917	hgnc:13672	HasGeneorgeneproduct	"tabular_data;experimental_data"	has_biolink:GeneOrGeneProduct
10.17917	hgnc:8854	HasGeneorgeneproduct	"tabular_data;experimental_data"	has_biolink:GeneOrGeneProduct
10.17917	hgnc:679	HasGeneorgeneproduct	"tabular_data;experimental_data"	has_biolink:GeneOrGeneProduct
10.17917	hgnc:18266	HasGeneorgeneproduct	"tabular_data;experimental_data"	has_biolink:GeneOrGeneProduct
10.17917	hgnc:24185	HasGeneorgeneproduct	"tabular_data;experimental_data"	has_biolink:GeneOrGeneProduct
10.17917	hgnc:11123	HasGeneorgeneproduct	"tabular_data;experimental_data"	has_biolink:GeneOrGeneProduct
10.17917	hgnc:32672	HasGeneorgeneproduct	"tabular_data;experimental_data"	has_biolink:GeneOrGeneProduct
10.17917	hgnc:28805	HasGeneorgeneproduct	"tabular_data;experimental_data"	has_biolink:GeneOrGeneProduct
10.17917	go:0016604	HasCellularcomponent	"tabular_data;experimental_data"	has_biolink:CellularComponent
10.17917	hgnc:17133	HasGeneorgeneproduct	"tabular_data;experimental_data"	has_biolink:GeneOrGeneProduct
10.17917	hgnc:25105	HasGeneorgeneproduct	"tabular_data;experimental_data"	has_biolink:GeneOrGeneProduct
10.17917	hgnc:10325	HasGeneorgeneproduct	"tabular_data;experimental_data"	has_biolink:GeneOrGeneProduct
10.17917	hgnc:24825	HasGeneorgeneproduct	"tabular_data;experimental_data"	has_biolink:GeneOrGeneProduct
10.17917	hgnc:806	HasGeneorgeneproduct	"tabular_data;experimental_data"	has_biolink:GeneOrGeneProduct
10.17917	hgnc:5215	HasGeneorgeneproduct	"tabular_data;experimental_data"	has_biolink:GeneOrGeneProduct
10.17917	hgnc:5000	HasGeneorgeneproduct	"tabular_data;experimental_data"	has_biolink:GeneOrGeneProduct
10.17917	hgnc:13233	HasGeneorgeneproduct	"tabular_data;experimental_data"	has_biolink:GeneOrGeneProduct
10.17917	hgnc:9847	HasGeneorgeneproduct	"tabular_data;experimental_data"	has_biolink:GeneOrGeneProduct
10.17917	hgnc:2252	HasGeneorgeneproduct	"tabular_data;experimental_data"	has_biolink:GeneOrGeneProduct
10.17917	hgnc:25671	HasGeneorgeneproduct	"tabular_data;experimental_data"	has_biolink:GeneOrGeneProduct
10.17917	hgnc:2090	HasGeneorgeneproduct	"tabular_data;experimental_data"	has_biolink:GeneOrGeneProduct
10.17917	hgnc:3700	HasGeneorgeneproduct	"tabular_data;experimental_data"	has_biolink:GeneOrGeneProduct
10.17917	hgnc:10018	HasGeneorgeneproduct	"tabular_data;experimental_data"	has_biolink:GeneOrGeneProduct
10.17917	hgnc:10480	HasGeneorgeneproduct	"tabular_data;experimental_data"	has_biolink:GeneOrGeneProduct
10.17917	hgnc:22932	HasGeneorgeneproduct	"tabular_data;experimental_data"	has_biolink:GeneOrGeneProduct
10.17917	hgnc:15506	HasGeneorgeneproduct	"tabular_data;experimental_data"	has_biolink:GeneOrGeneProduct
10.17917	hgnc:9583	HasGeneorgeneproduct	"tabular_data;experimental_data"	has_biolink:GeneOrGeneProduct
10.17917	hgnc:29456	HasGeneorgeneproduct	"tabular_data;experimental_data"	has_biolink:GeneOrGeneProduct
10.17917	hgnc:9505	HasGeneorgeneproduct	"tabular_data;experimental_data"	has_biolink:GeneOrGeneProduct
10.17917	hgnc:30379	HasGeneorgeneproduct	"tabular_data;experimental_data"	has_biolink:GeneOrGeneProduct
10.17917	hgnc:18640	HasGeneorgeneproduct	"tabular_data;experimental_data"	has_biolink:GeneOrGeneProduct
10.17917	hgnc:8952	HasGeneorgeneproduct	"tabular_data;experimental_data"	has_biolink:GeneOrGeneProduct
10.17917	mesh:D003172	HasGeneorgeneproduct	"tabular_data;experimental_data"	has_biolink:GeneOrGeneProduct
10.17917	hgnc:1594	HasGeneorgeneproduct	"tabular_data;experimental_data"	has_biolink:GeneOrGeneProduct
10.17917	hgnc:19032	HasGeneorgeneproduct	"tabular_data;experimental_data"	has_biolink:GeneOrGeneProduct
10.17917	hgnc:29597	HasGeneorgeneproduct	"tabular_data;experimental_data"	has_biolink:GeneOrGeneProduct
10.17917	hgnc:17590	HasGeneorgeneproduct	"tabular_data;experimental_data"	has_biolink:GeneOrGeneProduct
10.17917	hgnc:9570	HasGeneorgeneproduct	"tabular_data;experimental_data"	has_biolink:GeneOrGeneProduct
10.17917	hgnc:16713	HasGeneorgeneproduct	"tabular_data;experimental_data"	has_biolink:GeneOrGeneProduct
10.17917	hgnc:24009	HasGeneorgeneproduct	"tabular_data;experimental_data"	has_biolink:GeneOrGeneProduct
10.17917	hgnc:1623	HasGeneorgeneproduct	"tabular_data;experimental_data"	has_biolink:GeneOrGeneProduct
10.17917	hgnc:10419	HasGeneorgeneproduct	"tabular_data;experimental_data"	has_biolink:GeneOrGeneProduct
10.17917	hgnc:25719	HasGeneorgeneproduct	"tabular_data;experimental_data"	has_biolink:GeneOrGeneProduct
10.17917	hgnc:10886	HasGeneorgeneproduct	"tabular_data;experimental_data"	has_biolink:GeneOrGeneProduct
10.17917	hgnc:15912	HasGeneorgeneproduct	"tabular_data;experimental_data"	has_biolink:GeneOrGeneProduct
10.17917	hgnc:12853	HasGeneorgeneproduct	"tabular_data;experimental_data"	has_biolink:GeneOrGeneProduct
10.17917	hgnc:26942	HasGeneorgeneproduct	"tabular_data;experimental_data"	has_biolink:GeneOrGeneProduct
10.17917	hgnc:9536	HasGeneorgeneproduct	"tabular_data;experimental_data"	has_biolink:GeneOrGeneProduct
10.17917	hgnc:5048	HasGeneorgeneproduct	"tabular_data;experimental_data"	has_biolink:GeneOrGeneProduct
10.17917	hgnc:10353	HasGeneorgeneproduct	"tabular_data;experimental_data"	has_biolink:GeneOrGeneProduct
10.17917	hgnc:10298	HasGeneorgeneproduct	"tabular_data;experimental_data"	has_biolink:GeneOrGeneProduct
10.17917	hgnc:4376	HasGeneorgeneproduct	"tabular_data;experimental_data"	has_biolink:GeneOrGeneProduct
10.17917	hgnc:15890	HasGeneorgeneproduct	"tabular_data;experimental_data"	has_biolink:GeneOrGeneProduct
10.17917	mesh:D007633	HasGeneorgeneproduct	"tabular_data;experimental_data"	has_biolink:GeneOrGeneProduct
10.17917	uniprot:P32969	HasGeneorgeneproduct	"tabular_data;experimental_data"	has_biolink:GeneOrGeneProduct
10.17917	hgnc:1620	HasGeneorgeneproduct	"tabular_data;experimental_data"	has_biolink:GeneOrGeneProduct
10.17917	hgnc:11104	HasGeneorgeneproduct	"tabular_data;experimental_data"	has_biolink:GeneOrGeneProduct
10.17917	fplx:ALDH	HasMacromolecularcomplexorproteinfamily	"tabular_data;experimental_data"	has_biolink:MacromolecularComplexOrProteinFamily
10.17917	hgnc:28437	HasGeneorgeneproduct	"tabular_data;experimental_data"	has_biolink:GeneOrGeneProduct
10.17917	hgnc:16087	HasGeneorgeneproduct	"tabular_data;experimental_data"	has_biolink:GeneOrGeneProduct
10.17917	hgnc:672	HasGeneorgeneproduct	"tabular_data;experimental_data"	has_biolink:GeneOrGeneProduct
10.17917	hgnc:7667	HasGeneorgeneproduct	"tabular_data;experimental_data"	has_biolink:GeneOrGeneProduct
10.17917	hgnc:10299	HasGeneorgeneproduct	"tabular_data;experimental_data"	has_biolink:GeneOrGeneProduct
10.17917	hgnc:14014	HasGeneorgeneproduct	"tabular_data;experimental_data"	has_biolink:GeneOrGeneProduct
10.17917	hgnc:11439	HasGeneorgeneproduct	"tabular_data;experimental_data"	has_biolink:GeneOrGeneProduct
10.17917	uniprot:Q16637	HasGeneorgeneproduct	"tabular_data;experimental_data"	has_biolink:GeneOrGeneProduct
10.17917	hgnc:9701	HasGeneorgeneproduct	"tabular_data;experimental_data"	has_biolink:GeneOrGeneProduct
10.17917	hgnc:16448	HasGeneorgeneproduct	"tabular_data;experimental_data"	has_biolink:GeneOrGeneProduct
10.17917	hgnc:16403	HasGeneorgeneproduct	"tabular_data;experimental_data"	has_biolink:GeneOrGeneProduct
10.17917	hgnc:10662	HasGeneorgeneproduct	"tabular_data;experimental_data"	has_biolink:GeneOrGeneProduct
10.17917	hgnc:7854	HasGeneorgeneproduct	"tabular_data;experimental_data"	has_biolink:GeneOrGeneProduct
10.17917	hgnc:9378	HasGeneorgeneproduct	"tabular_data;experimental_data"	has_biolink:GeneOrGeneProduct
10.17917	hgnc:3954	HasGeneorgeneproduct	"tabular_data;experimental_data"	has_biolink:GeneOrGeneProduct
10.17917	hgnc:20954	HasGeneorgeneproduct	"tabular_data;experimental_data"	has_biolink:GeneOrGeneProduct
10.17917	hgnc:20993	HasGeneorgeneproduct	"tabular_data;experimental_data"	has_biolink:GeneOrGeneProduct
10.17917	hgnc:8923	HasGeneorgeneproduct	"tabular_data;experimental_data"	has_biolink:GeneOrGeneProduct
10.17917	hgnc:28836	HasGeneorgeneproduct	"tabular_data;experimental_data"	has_biolink:GeneOrGeneProduct
10.17917	hgnc:10301	HasGeneorgeneproduct	"tabular_data;experimental_data"	has_biolink:GeneOrGeneProduct
10.17917	hgnc:1005	HasGeneorgeneproduct	"tabular_data;experimental_data"	has_biolink:GeneOrGeneProduct
10.17917	hgnc:28326	HasGeneorgeneproduct	"tabular_data;experimental_data"	has_biolink:GeneOrGeneProduct
10.17917	hgnc:18282	HasGeneorgeneproduct	"tabular_data;experimental_data"	has_biolink:GeneOrGeneProduct
10.17917	hgnc:8851	HasGeneorgeneproduct	"tabular_data;experimental_data"	has_biolink:GeneOrGeneProduct
10.17917	hgnc:26145	HasGeneorgeneproduct	"tabular_data;experimental_data"	has_biolink:GeneOrGeneProduct
10.17917	hgnc:11475	HasGeneorgeneproduct	"tabular_data;experimental_data"	has_biolink:GeneOrGeneProduct
10.17917	hgnc:24511	HasGeneorgeneproduct	"tabular_data;experimental_data"	has_biolink:GeneOrGeneProduct
10.17917	hgnc:11996	HasGeneorgeneproduct	"tabular_data;experimental_data"	has_biolink:GeneOrGeneProduct
10.17917	hgnc:3274	HasGeneorgeneproduct	"tabular_data;experimental_data"	has_biolink:GeneOrGeneProduct
10.17917	hgnc:17169	HasGeneorgeneproduct	"tabular_data;experimental_data"	has_biolink:GeneOrGeneProduct
10.17917	hgnc:10383	HasGeneorgeneproduct	"tabular_data;experimental_data"	has_biolink:GeneOrGeneProduct
10.17917	hgnc:8550	HasGeneorgeneproduct	"tabular_data;experimental_data"	has_biolink:GeneOrGeneProduct
10.17917	hgnc:10386	HasGeneorgeneproduct	"tabular_data;experimental_data"	has_biolink:GeneOrGeneProduct
10.17917	hgnc:25754	HasGeneorgeneproduct	"tabular_data;experimental_data"	has_biolink:GeneOrGeneProduct
10.17917	chebi:33699	HasSmallmolecule	"tabular_data;experimental_data"	has_biolink:SmallMolecule
10.17917	mesh:D006648	HasBiologicalprocess	"tabular_data;experimental_data"	has_biolink:BiologicalProcess
10.17917	hgnc:16524	HasGeneorgeneproduct	"tabular_data;experimental_data"	has_biolink:GeneOrGeneProduct
10.17917	hgnc:11343	HasGeneorgeneproduct	"tabular_data;experimental_data"	has_biolink:GeneOrGeneProduct
10.17917	hgnc:30204	HasGeneorgeneproduct	"tabular_data;experimental_data"	has_biolink:GeneOrGeneProduct
10.17917	hgnc:19318	HasGeneorgeneproduct	"tabular_data;experimental_data"	has_biolink:GeneOrGeneProduct
10.17917	hgnc:19076	HasGeneorgeneproduct	"tabular_data;experimental_data"	has_biolink:GeneOrGeneProduct
10.17917	hgnc:16987	HasGeneorgeneproduct	"tabular_data;experimental_data"	has_biolink:GeneOrGeneProduct
10.17917	hgnc:4837	HasGeneorgeneproduct	"tabular_data;experimental_data"	has_biolink:GeneOrGeneProduct
10.17917	hgnc:9802	HasGeneorgeneproduct	"tabular_data;experimental_data"	has_biolink:GeneOrGeneProduct
10.17917	hgnc:8052	HasGeneorgeneproduct	"tabular_data;experimental_data"	has_biolink:GeneOrGeneProduct
10.17917	hgnc:20603	HasGeneorgeneproduct	"tabular_data;experimental_data"	has_biolink:GeneOrGeneProduct
10.17917	hgnc:11063	HasGeneorgeneproduct	"tabular_data;experimental_data"	has_biolink:GeneOrGeneProduct
10.17917	hgnc:1006	HasGeneorgeneproduct	"tabular_data;experimental_data"	has_biolink:GeneOrGeneProduct
10.17917	hgnc:5270	HasGeneorgeneproduct	"tabular_data;experimental_data"	has_biolink:GeneOrGeneProduct
10.17917	hgnc:25482	HasGeneorgeneproduct	"tabular_data;experimental_data"	has_biolink:GeneOrGeneProduct
10.17917	hgnc:6174	HasGeneorgeneproduct	"tabular_data;experimental_data"	has_biolink:GeneOrGeneProduct
10.17917	hgnc:1459	HasGeneorgeneproduct	"tabular_data;experimental_data"	has_biolink:GeneOrGeneProduct
10.17917	hgnc:6110	HasGeneorgeneproduct	"tabular_data;experimental_data"	has_biolink:GeneOrGeneProduct
10.17917	hgnc:3718	HasGeneorgeneproduct	"tabular_data;experimental_data"	has_biolink:GeneOrGeneProduct
10.17917	hgnc:9533	HasGeneorgeneproduct	"tabular_data;experimental_data"	has_biolink:GeneOrGeneProduct
10.17917	hgnc:14460	HasGeneorgeneproduct	"tabular_data;experimental_data"	has_biolink:GeneOrGeneProduct
10.17917	hgnc:1736	HasGeneorgeneproduct	"tabular_data;experimental_data"	has_biolink:GeneOrGeneProduct
10.17917	hgnc:6467	HasGeneorgeneproduct	"tabular_data;experimental_data"	has_biolink:GeneOrGeneProduct
10.17917	hgnc:1239	HasGeneorgeneproduct	"tabular_data;experimental_data"	has_biolink:GeneOrGeneProduct
10.17917	hgnc:17369	HasGeneorgeneproduct	"tabular_data;experimental_data"	has_biolink:GeneOrGeneProduct
10.17917	hgnc:23354	HasGeneorgeneproduct	"tabular_data;experimental_data"	has_biolink:GeneOrGeneProduct
10.17917	hgnc:10274	HasGeneorgeneproduct	"tabular_data;experimental_data"	has_biolink:GeneOrGeneProduct
10.17917	hgnc:4335	HasGeneorgeneproduct	"tabular_data;experimental_data"	has_biolink:GeneOrGeneProduct
10.17917	hgnc:1800	HasGeneorgeneproduct	"tabular_data;experimental_data"	has_biolink:GeneOrGeneProduct
10.17917	hgnc:10410	HasGeneorgeneproduct	"tabular_data;experimental_data"	has_biolink:GeneOrGeneProduct
10.17917	hgnc:1027	HasGeneorgeneproduct	"tabular_data;experimental_data"	has_biolink:GeneOrGeneProduct
10.17917	mesh:C421208	HasGeneorgeneproduct	"tabular_data;experimental_data"	has_biolink:GeneOrGeneProduct
10.17917	hgnc:20266	HasGeneorgeneproduct	"tabular_data;experimental_data"	has_biolink:GeneOrGeneProduct
10.17917	hgnc:10302	HasGeneorgeneproduct	"tabular_data;experimental_data"	has_biolink:GeneOrGeneProduct
10.17917	hgnc:399	HasGeneorgeneproduct	"tabular_data;experimental_data"	has_biolink:GeneOrGeneProduct
10.17917	hgnc:4249	HasGeneorgeneproduct	"tabular_data;experimental_data"	has_biolink:GeneOrGeneProduct
10.17917	hgnc:20150	HasGeneorgeneproduct	"tabular_data;experimental_data"	has_biolink:GeneOrGeneProduct
10.17917	hgnc:9774	HasGeneorgeneproduct	"tabular_data;experimental_data"	has_biolink:GeneOrGeneProduct
10.17917	hgnc:9759	HasGeneorgeneproduct	"tabular_data;experimental_data"	has_biolink:GeneOrGeneProduct
10.17917	hgnc:18370	HasGeneorgeneproduct	"tabular_data;experimental_data"	has_biolink:GeneOrGeneProduct
10.17917	hgnc:9758	HasGeneorgeneproduct	"tabular_data;experimental_data"	has_biolink:GeneOrGeneProduct
10.17917	hgnc:30273	HasGeneorgeneproduct	"tabular_data;experimental_data"	has_biolink:GeneOrGeneProduct
10.17917	hgnc:7007	HasGeneorgeneproduct	"tabular_data;experimental_data"	has_biolink:GeneOrGeneProduct
10.17917	go:0006351	HasBiologicalprocess	"tabular_data;experimental_data"	has_biolink:BiologicalProcess
10.17917	hgnc:1618	HasGeneorgeneproduct	"tabular_data;experimental_data"	has_biolink:GeneOrGeneProduct
10.17917	hgnc:16753	HasGeneorgeneproduct	"tabular_data;experimental_data"	has_biolink:GeneOrGeneProduct
10.17917	hgnc:13718	HasGeneorgeneproduct	"tabular_data;experimental_data"	has_biolink:GeneOrGeneProduct
10.17917	hgnc:9438	HasGeneorgeneproduct	"tabular_data;experimental_data"	has_biolink:GeneOrGeneProduct
10.17917	hgnc:1615	HasGeneorgeneproduct	"tabular_data;experimental_data"	has_biolink:GeneOrGeneProduct
10.17917	fplx:ETC_complex_III	HasMacromolecularcomplexorproteinfamily	"tabular_data;experimental_data"	has_biolink:MacromolecularComplexOrProteinFamily
10.17917	hgnc:1616	HasGeneorgeneproduct	"tabular_data;experimental_data"	has_biolink:GeneOrGeneProduct
10.17917	hgnc:2428	HasGeneorgeneproduct	"tabular_data;experimental_data"	has_biolink:GeneOrGeneProduct
10.17917	hgnc:15487	HasGeneorgeneproduct	"tabular_data;experimental_data"	has_biolink:GeneOrGeneProduct
10.17917	hgnc:20793	HasGeneorgeneproduct	"tabular_data;experimental_data"	has_biolink:GeneOrGeneProduct
10.17917	hgnc:12666	HasGeneorgeneproduct	"tabular_data;experimental_data"	has_biolink:GeneOrGeneProduct
10.17917	hgnc:8059	HasGeneorgeneproduct	"tabular_data;experimental_data"	has_biolink:GeneOrGeneProduct
10.17917	hgnc:17587	HasGeneorgeneproduct	"tabular_data;experimental_data"	has_biolink:GeneOrGeneProduct
10.17917	hgnc:30660	HasGeneorgeneproduct	"tabular_data;experimental_data"	has_biolink:GeneOrGeneProduct
10.17917	go:0006744	HasBiologicalprocess	"tabular_data;experimental_data"	has_biolink:BiologicalProcess
10.17917	hgnc:12469	HasGeneorgeneproduct	"tabular_data;experimental_data"	has_biolink:GeneOrGeneProduct
10.17917	hgnc:9785	HasGeneorgeneproduct	"tabular_data;experimental_data"	has_biolink:GeneOrGeneProduct
10.17917	mesh:D000074283	HasGeneorgeneproduct	"tabular_data;experimental_data"	has_biolink:GeneOrGeneProduct
10.17917	hgnc:6918	HasGeneorgeneproduct	"tabular_data;experimental_data"	has_biolink:GeneOrGeneProduct
10.17917	hgnc:15923	HasGeneorgeneproduct	"tabular_data;experimental_data"	has_biolink:GeneOrGeneProduct
10.17917	hgnc:7223	HasGeneorgeneproduct	"tabular_data;experimental_data"	has_biolink:GeneOrGeneProduct
10.17917	hgnc:6616	HasGeneorgeneproduct	"tabular_data;experimental_data"	has_biolink:GeneOrGeneProduct
10.17917	hgnc:9883	HasGeneorgeneproduct	"tabular_data;experimental_data"	has_biolink:GeneOrGeneProduct
10.17917	hgnc:9569	HasGeneorgeneproduct	"tabular_data;experimental_data"	has_biolink:GeneOrGeneProduct
10.17917	fplx:Protease	HasMacromolecularcomplexorproteinfamily	"tabular_data;experimental_data"	has_biolink:MacromolecularComplexOrProteinFamily
10.17917	hgnc:10313	HasGeneorgeneproduct	"tabular_data;experimental_data"	has_biolink:GeneOrGeneProduct
10.17917	hgnc:29608	HasGeneorgeneproduct	"tabular_data;experimental_data"	has_biolink:GeneOrGeneProduct
10.17917	hgnc:3301	HasGeneorgeneproduct	"tabular_data;experimental_data"	has_biolink:GeneOrGeneProduct
10.17917	hgnc:3300	HasGeneorgeneproduct	"tabular_data;experimental_data"	has_biolink:GeneOrGeneProduct
10.17917	hgnc:19263	HasGeneorgeneproduct	"tabular_data;experimental_data"	has_biolink:GeneOrGeneProduct
10.17917	hgnc:18537	HasGeneorgeneproduct	"tabular_data;experimental_data"	has_biolink:GeneOrGeneProduct
10.17917	hgnc:29959	HasGeneorgeneproduct	"tabular_data;experimental_data"	has_biolink:GeneOrGeneProduct
10.17917	hgnc:9353	HasGeneorgeneproduct	"tabular_data;experimental_data"	has_biolink:GeneOrGeneProduct
10.17917	hgnc:1773	HasGeneorgeneproduct	"tabular_data;experimental_data"	has_biolink:GeneOrGeneProduct
10.17917	hgnc:30217	HasGeneorgeneproduct	"tabular_data;experimental_data"	has_biolink:GeneOrGeneProduct
10.17917	hgnc:4458	HasGeneorgeneproduct	"tabular_data;experimental_data"	has_biolink:GeneOrGeneProduct
10.17917	hgnc:9092	HasGeneorgeneproduct	"tabular_data;experimental_data"	has_biolink:GeneOrGeneProduct
10.17917	hgnc:9850	HasGeneorgeneproduct	"tabular_data;experimental_data"	has_biolink:GeneOrGeneProduct
10.17917	hgnc:11995	HasGeneorgeneproduct	"tabular_data;experimental_data"	has_biolink:GeneOrGeneProduct
10.17917	hgnc:16445	HasGeneorgeneproduct	"tabular_data;experimental_data"	has_biolink:GeneOrGeneProduct
10.17917	hgnc:28110	HasGeneorgeneproduct	"tabular_data;experimental_data"	has_biolink:GeneOrGeneProduct
10.17917	hgnc:25206	HasGeneorgeneproduct	"tabular_data;experimental_data"	has_biolink:GeneOrGeneProduct
10.17917	hgnc:8045	HasGeneorgeneproduct	"tabular_data;experimental_data"	has_biolink:GeneOrGeneProduct
10.17917	hgnc:24882	HasGeneorgeneproduct	"tabular_data;experimental_data"	has_biolink:GeneOrGeneProduct
10.17917	hgnc:10440	HasGeneorgeneproduct	"tabular_data;experimental_data"	has_biolink:GeneOrGeneProduct
10.17917	hgnc:15608	HasGeneorgeneproduct	"tabular_data;experimental_data"	has_biolink:GeneOrGeneProduct
10.17917	hgnc:8125	HasGeneorgeneproduct	"tabular_data;experimental_data"	has_biolink:GeneOrGeneProduct
10.17917	hgnc:10771	HasGeneorgeneproduct	"tabular_data;experimental_data"	has_biolink:GeneOrGeneProduct
10.17917	hgnc:1189	HasGeneorgeneproduct	"tabular_data;experimental_data"	has_biolink:GeneOrGeneProduct
10.17917	hgnc:7849	HasGeneorgeneproduct	"tabular_data;experimental_data"	has_biolink:GeneOrGeneProduct
10.17917	hgnc:7850	HasGeneorgeneproduct	"tabular_data;experimental_data"	has_biolink:GeneOrGeneProduct
10.17917	hgnc:25762	HasGeneorgeneproduct	"tabular_data;experimental_data"	has_biolink:GeneOrGeneProduct
10.17917	hgnc:21176	HasGeneorgeneproduct	"tabular_data;experimental_data"	has_biolink:GeneOrGeneProduct
10.17917	hgnc:32583	HasGeneorgeneproduct	"tabular_data;experimental_data"	has_biolink:GeneOrGeneProduct
10.17917	hgnc:9763	HasGeneorgeneproduct	"tabular_data;experimental_data"	has_biolink:GeneOrGeneProduct
10.17917	hgnc:9823	HasGeneorgeneproduct	"tabular_data;experimental_data"	has_biolink:GeneOrGeneProduct
10.17917	hgnc:3273	HasGeneorgeneproduct	"tabular_data;experimental_data"	has_biolink:GeneOrGeneProduct
10.17917	hgnc:16758	HasGeneorgeneproduct	"tabular_data;experimental_data"	has_biolink:GeneOrGeneProduct
10.17917	hgnc:16857	HasGeneorgeneproduct	"tabular_data;experimental_data"	has_biolink:GeneOrGeneProduct
10.17917	hgnc:9882	HasGeneorgeneproduct	"tabular_data;experimental_data"	has_biolink:GeneOrGeneProduct
10.17917	hgnc:10317	HasGeneorgeneproduct	"tabular_data;experimental_data"	has_biolink:GeneOrGeneProduct
10.17917	hgnc:347	HasGeneorgeneproduct	"tabular_data;experimental_data"	has_biolink:GeneOrGeneProduct
10.17917	hgnc:9896	HasGeneorgeneproduct	"tabular_data;experimental_data"	has_biolink:GeneOrGeneProduct
10.17917	mesh:D000071376	HasBiologicalprocess	"tabular_data;experimental_data"	has_biolink:BiologicalProcess
10.17917	hgnc:9566	HasGeneorgeneproduct	"tabular_data;experimental_data"	has_biolink:GeneOrGeneProduct
10.17917	hgnc:2769	HasGeneorgeneproduct	"tabular_data;experimental_data"	has_biolink:GeneOrGeneProduct
10.17917	hgnc:10304	HasGeneorgeneproduct	"tabular_data;experimental_data"	has_biolink:GeneOrGeneProduct
10.17917	hgnc:1473	HasGeneorgeneproduct	"tabular_data;experimental_data"	has_biolink:GeneOrGeneProduct
10.17917	hgnc:10311	HasGeneorgeneproduct	"tabular_data;experimental_data"	has_biolink:GeneOrGeneProduct
10.17917	hgnc:6608	HasGeneorgeneproduct	"tabular_data;experimental_data"	has_biolink:GeneOrGeneProduct
10.17917	hgnc:16673	HasGeneorgeneproduct	"tabular_data;experimental_data"	has_biolink:GeneOrGeneProduct
10.17917	hgnc:28472	HasGeneorgeneproduct	"tabular_data;experimental_data"	has_biolink:GeneOrGeneProduct
10.17917	hgnc:8858	HasGeneorgeneproduct	"tabular_data;experimental_data"	has_biolink:GeneOrGeneProduct
10.17917	hgnc:6206	HasGeneorgeneproduct	"tabular_data;experimental_data"	has_biolink:GeneOrGeneProduct
10.17917	hgnc:25982	HasGeneorgeneproduct	"tabular_data;experimental_data"	has_biolink:GeneOrGeneProduct
10.17917	fplx:ACAD	HasMacromolecularcomplexorproteinfamily	"tabular_data;experimental_data"	has_biolink:MacromolecularComplexOrProteinFamily
10.17917	hgnc:1455	HasGeneorgeneproduct	"tabular_data;experimental_data"	has_biolink:GeneOrGeneProduct
10.17917	hgnc:29510	HasGeneorgeneproduct	"tabular_data;experimental_data"	has_biolink:GeneOrGeneProduct
10.17917	hgnc:8526	HasGeneorgeneproduct	"tabular_data;experimental_data"	has_biolink:GeneOrGeneProduct
10.17917	hgnc:31713	HasGeneorgeneproduct	"tabular_data;experimental_data"	has_biolink:GeneOrGeneProduct
10.17917	hgnc:11241	HasGeneorgeneproduct	"tabular_data;experimental_data"	has_biolink:GeneOrGeneProduct
10.17917	hgnc:10411	HasGeneorgeneproduct	"tabular_data;experimental_data"	has_biolink:GeneOrGeneProduct
10.17917	hgnc:3267	HasGeneorgeneproduct	"tabular_data;experimental_data"	has_biolink:GeneOrGeneProduct
10.17917	hgnc:14235	HasGeneorgeneproduct	"tabular_data;experimental_data"	has_biolink:GeneOrGeneProduct
10.17917	hgnc:10329	HasGeneorgeneproduct	"tabular_data;experimental_data"	has_biolink:GeneOrGeneProduct
10.17917	hgnc:18585	HasGeneorgeneproduct	"tabular_data;experimental_data"	has_biolink:GeneOrGeneProduct
10.17917	hgnc:25528	HasGeneorgeneproduct	"tabular_data;experimental_data"	has_biolink:GeneOrGeneProduct
10.17917	hgnc:19072	HasGeneorgeneproduct	"tabular_data;experimental_data"	has_biolink:GeneOrGeneProduct
10.17917	hgnc:21906	HasGeneorgeneproduct	"tabular_data;experimental_data"	has_biolink:GeneOrGeneProduct
10.17917	hgnc:11406	HasGeneorgeneproduct	"tabular_data;experimental_data"	has_biolink:GeneOrGeneProduct
10.17917	hgnc:9659	HasGeneorgeneproduct	"tabular_data;experimental_data"	has_biolink:GeneOrGeneProduct
10.17917	hgnc:2699	HasGeneorgeneproduct	"tabular_data;experimental_data"	has_biolink:GeneOrGeneProduct
10.17917	mesh:D020365	HasGeneorgeneproduct	"tabular_data;experimental_data"	has_biolink:GeneOrGeneProduct
10.17917	hgnc:2745	HasGeneorgeneproduct	"tabular_data;experimental_data"	has_biolink:GeneOrGeneProduct
10.17917	hgnc:20149	HasGeneorgeneproduct	"tabular_data;experimental_data"	has_biolink:GeneOrGeneProduct
10.17917	hgnc:4010	HasGeneorgeneproduct	"tabular_data;experimental_data"	has_biolink:GeneOrGeneProduct
10.17917	hgnc:9542	HasGeneorgeneproduct	"tabular_data;experimental_data"	has_biolink:GeneOrGeneProduct
10.17917	hgnc:10565	HasGeneorgeneproduct	"tabular_data;experimental_data"	has_biolink:GeneOrGeneProduct
10.17917	hgnc:12576	HasGeneorgeneproduct	"tabular_data;experimental_data"	has_biolink:GeneOrGeneProduct
10.17917	hgnc:12022	HasGeneorgeneproduct	"tabular_data;experimental_data"	has_biolink:GeneOrGeneProduct
10.17917	hgnc:9206	HasGeneorgeneproduct	"tabular_data;experimental_data"	has_biolink:GeneOrGeneProduct
10.17917	hgnc:5002	HasGeneorgeneproduct	"tabular_data;experimental_data"	has_biolink:GeneOrGeneProduct
10.17917	hgnc:30390	HasGeneorgeneproduct	"tabular_data;experimental_data"	has_biolink:GeneOrGeneProduct
10.17917	chebi:26536	HasSmallmolecule	"tabular_data;experimental_data"	has_biolink:SmallMolecule
10.17917	hgnc:17981	HasGeneorgeneproduct	"tabular_data;experimental_data"	has_biolink:GeneOrGeneProduct
10.17917	hgnc:8554	HasGeneorgeneproduct	"tabular_data;experimental_data"	has_biolink:GeneOrGeneProduct
10.17917	mesh:D039102	HasGeneorgeneproduct	"tabular_data;experimental_data"	has_biolink:GeneOrGeneProduct
10.17917	hgnc:8556	HasGeneorgeneproduct	"tabular_data;experimental_data"	has_biolink:GeneOrGeneProduct
10.17917	hgnc:4379	HasGeneorgeneproduct	"tabular_data;experimental_data"	has_biolink:GeneOrGeneProduct
10.17917	hgnc:4382	HasGeneorgeneproduct	"tabular_data;experimental_data"	has_biolink:GeneOrGeneProduct
10.17917	hgnc:4390	HasGeneorgeneproduct	"tabular_data;experimental_data"	has_biolink:GeneOrGeneProduct
10.17917	hgnc:11845	HasGeneorgeneproduct	"tabular_data;experimental_data"	has_biolink:GeneOrGeneProduct
10.17917	hgnc:7749	HasGeneorgeneproduct	"tabular_data;experimental_data"	has_biolink:GeneOrGeneProduct
10.17917	hgnc:9251	HasGeneorgeneproduct	"tabular_data;experimental_data"	has_biolink:GeneOrGeneProduct
10.17917	hgnc:25667	HasGeneorgeneproduct	"tabular_data;experimental_data"	has_biolink:GeneOrGeneProduct
10.17917	hgnc:4738	HasGeneorgeneproduct	"tabular_data;experimental_data"	has_biolink:GeneOrGeneProduct
10.17917	uniprot:Q6FI13	HasGeneorgeneproduct	"tabular_data;experimental_data"	has_biolink:GeneOrGeneProduct
10.17917	hgnc:13671	HasGeneorgeneproduct	"tabular_data;experimental_data"	has_biolink:GeneOrGeneProduct
10.17917	hgnc:20664	HasGeneorgeneproduct	"tabular_data;experimental_data"	has_biolink:GeneOrGeneProduct
10.17917	hgnc:4741	HasGeneorgeneproduct	"tabular_data;experimental_data"	has_biolink:GeneOrGeneProduct
10.17917	hgnc:14456	HasGeneorgeneproduct	"tabular_data;experimental_data"	has_biolink:GeneOrGeneProduct
10.17917	hgnc:4733	HasGeneorgeneproduct	"tabular_data;experimental_data"	has_biolink:GeneOrGeneProduct
10.17917	hgnc:4729	HasGeneorgeneproduct	"tabular_data;experimental_data"	has_biolink:GeneOrGeneProduct
10.17917	hgnc:20507	HasGeneorgeneproduct	"tabular_data;experimental_data"	has_biolink:GeneOrGeneProduct
10.17917	fplx:Histone_H2A	HasMacromolecularcomplexorproteinfamily	"tabular_data;experimental_data"	has_biolink:MacromolecularComplexOrProteinFamily
10.17917	hgnc:20508	HasGeneorgeneproduct	"tabular_data;experimental_data"	has_biolink:GeneOrGeneProduct
10.17917	hgnc:29600	HasGeneorgeneproduct	"tabular_data;experimental_data"	has_biolink:GeneOrGeneProduct
10.17917	hgnc:9548	HasGeneorgeneproduct	"tabular_data;experimental_data"	has_biolink:GeneOrGeneProduct
10.17917	hgnc:15462	HasGeneorgeneproduct	"tabular_data;experimental_data"	has_biolink:GeneOrGeneProduct
10.17917	hgnc:19841	HasGeneorgeneproduct	"tabular_data;experimental_data"	has_biolink:GeneOrGeneProduct
10.17917	hgnc:14975	HasGeneorgeneproduct	"tabular_data;experimental_data"	has_biolink:GeneOrGeneProduct
10.17917	hgnc:6400	HasGeneorgeneproduct	"tabular_data;experimental_data"	has_biolink:GeneOrGeneProduct
10.17917	hgnc:28589	HasGeneorgeneproduct	"tabular_data;experimental_data"	has_biolink:GeneOrGeneProduct
10.17917	hgnc:28334	HasGeneorgeneproduct	"tabular_data;experimental_data"	has_biolink:GeneOrGeneProduct
10.17917	hgnc:9358	HasGeneorgeneproduct	"tabular_data;experimental_data"	has_biolink:GeneOrGeneProduct
10.17917	hgnc:25722	HasGeneorgeneproduct	"tabular_data;experimental_data"	has_biolink:GeneOrGeneProduct
10.17917	hgnc:857	HasGeneorgeneproduct	"tabular_data;experimental_data"	has_biolink:GeneOrGeneProduct
10.17917	hgnc:24252	HasGeneorgeneproduct	"tabular_data;experimental_data"	has_biolink:GeneOrGeneProduct
10.17917	hgnc:28469	HasGeneorgeneproduct	"tabular_data;experimental_data"	has_biolink:GeneOrGeneProduct
10.17917	hgnc:9534	HasGeneorgeneproduct	"tabular_data;experimental_data"	has_biolink:GeneOrGeneProduct
10.17917	hgnc:3287	HasGeneorgeneproduct	"tabular_data;experimental_data"	has_biolink:GeneOrGeneProduct
10.17917	hgnc:10328	HasGeneorgeneproduct	"tabular_data;experimental_data"	has_biolink:GeneOrGeneProduct
10.17917	hgnc:29872	HasGeneorgeneproduct	"tabular_data;experimental_data"	has_biolink:GeneOrGeneProduct
10.17917	hgnc:9590	HasGeneorgeneproduct	"tabular_data;experimental_data"	has_biolink:GeneOrGeneProduct
10.17917	mesh:D049070	HasGeneorgeneproduct	"tabular_data;experimental_data"	has_biolink:GeneOrGeneProduct
10.17917	hgnc:8999	HasGeneorgeneproduct	"tabular_data;experimental_data"	has_biolink:GeneOrGeneProduct
10.17917	hgnc:16405	HasGeneorgeneproduct	"tabular_data;experimental_data"	has_biolink:GeneOrGeneProduct
10.17917	hgnc:2696	HasGeneorgeneproduct	"tabular_data;experimental_data"	has_biolink:GeneOrGeneProduct
10.17917	hgnc:12754	HasGeneorgeneproduct	"tabular_data;experimental_data"	has_biolink:GeneOrGeneProduct
10.17917	hgnc:30164	HasGeneorgeneproduct	"tabular_data;experimental_data"	has_biolink:GeneOrGeneProduct
10.17917	hgnc:25542	HasGeneorgeneproduct	"tabular_data;experimental_data"	has_biolink:GeneOrGeneProduct
10.17917	hgnc:20391	HasGeneorgeneproduct	"tabular_data;experimental_data"	has_biolink:GeneOrGeneProduct
10.17917	hgnc:2662	HasGeneorgeneproduct	"tabular_data;experimental_data"	has_biolink:GeneOrGeneProduct
10.17917	chebi:17843	HasSmallmolecule	"tabular_data;experimental_data"	has_biolink:SmallMolecule
10.17917	hgnc:10344	HasGeneorgeneproduct	"tabular_data;experimental_data"	has_biolink:GeneOrGeneProduct
10.17917	hgnc:12868	HasGeneorgeneproduct	"tabular_data;experimental_data"	has_biolink:GeneOrGeneProduct
10.17917	hgnc:6570	HasGeneorgeneproduct	"tabular_data;experimental_data"	has_biolink:GeneOrGeneProduct
10.17917	hgnc:15919	HasGeneorgeneproduct	"tabular_data;experimental_data"	has_biolink:GeneOrGeneProduct
10.17917	hgnc:23506	HasGeneorgeneproduct	"tabular_data;experimental_data"	has_biolink:GeneOrGeneProduct
10.17917	hgnc:25156	HasGeneorgeneproduct	"tabular_data;experimental_data"	has_biolink:GeneOrGeneProduct
10.17917	hgnc:9532	HasGeneorgeneproduct	"tabular_data;experimental_data"	has_biolink:GeneOrGeneProduct
10.17917	hgnc:12515	HasGeneorgeneproduct	"tabular_data;experimental_data"	has_biolink:GeneOrGeneProduct
10.17917	hgnc:28734	HasGeneorgeneproduct	"tabular_data;experimental_data"	has_biolink:GeneOrGeneProduct
10.17917	hgnc:25322	HasGeneorgeneproduct	"tabular_data;experimental_data"	has_biolink:GeneOrGeneProduct
10.17917	hgnc:5047	HasGeneorgeneproduct	"tabular_data;experimental_data"	has_biolink:GeneOrGeneProduct
10.17917	hgnc:16918	HasGeneorgeneproduct	"tabular_data;experimental_data"	has_biolink:GeneOrGeneProduct
10.17917	hgnc:30728	HasGeneorgeneproduct	"tabular_data;experimental_data"	has_biolink:GeneOrGeneProduct
10.17917	hgnc:13799	HasGeneorgeneproduct	"tabular_data;experimental_data"	has_biolink:GeneOrGeneProduct
10.17917	fplx:Phosphatase	HasMacromolecularcomplexorproteinfamily	"tabular_data;experimental_data"	has_biolink:MacromolecularComplexOrProteinFamily
10.17917	hgnc:28426	HasGeneorgeneproduct	"tabular_data;experimental_data"	has_biolink:GeneOrGeneProduct
10.17917	hgnc:9319	HasGeneorgeneproduct	"tabular_data;experimental_data"	has_biolink:GeneOrGeneProduct
10.17917	hgnc:14219	HasGeneorgeneproduct	"tabular_data;experimental_data"	has_biolink:GeneOrGeneProduct
10.17917	hgnc:9890	HasGeneorgeneproduct	"tabular_data;experimental_data"	has_biolink:GeneOrGeneProduct
10.17917	hgnc:6159	HasGeneorgeneproduct	"tabular_data;experimental_data"	has_biolink:GeneOrGeneProduct
10.17917	hgnc:6637	HasGeneorgeneproduct	"tabular_data;experimental_data"	has_biolink:GeneOrGeneProduct
10.17917	hgnc:24329	HasGeneorgeneproduct	"tabular_data;experimental_data"	has_biolink:GeneOrGeneProduct
10.17917	hgnc:15759	HasGeneorgeneproduct	"tabular_data;experimental_data"	has_biolink:GeneOrGeneProduct
10.17917	hgnc:669	HasGeneorgeneproduct	"tabular_data;experimental_data"	has_biolink:GeneOrGeneProduct
10.17917	hgnc:667	HasGeneorgeneproduct	"tabular_data;experimental_data"	has_biolink:GeneOrGeneProduct
10.17917	hgnc:2529	HasGeneorgeneproduct	"tabular_data;experimental_data"	has_biolink:GeneOrGeneProduct
10.17917	hgnc:9535	HasGeneorgeneproduct	"tabular_data;experimental_data"	has_biolink:GeneOrGeneProduct
10.17917	hgnc:16160	HasGeneorgeneproduct	"tabular_data;experimental_data"	has_biolink:GeneOrGeneProduct
10.17917	hgnc:1696	HasGeneorgeneproduct	"tabular_data;experimental_data"	has_biolink:GeneOrGeneProduct
10.17917	hgnc:10384	HasGeneorgeneproduct	"tabular_data;experimental_data"	has_biolink:GeneOrGeneProduct
10.17917	hgnc:14061	HasGeneorgeneproduct	"tabular_data;experimental_data"	has_biolink:GeneOrGeneProduct
10.17917	hgnc:10469	HasGeneorgeneproduct	"tabular_data;experimental_data"	has_biolink:GeneOrGeneProduct
10.17917	hgnc:29923	HasGeneorgeneproduct	"tabular_data;experimental_data"	has_biolink:GeneOrGeneProduct
10.17917	hgnc:30565	HasGeneorgeneproduct	"tabular_data;experimental_data"	has_biolink:GeneOrGeneProduct
10.17917	hgnc:28530	HasGeneorgeneproduct	"tabular_data;experimental_data"	has_biolink:GeneOrGeneProduct
10.17917	hgnc:7323	HasGeneorgeneproduct	"tabular_data;experimental_data"	has_biolink:GeneOrGeneProduct
10.17917	hgnc:10327	HasGeneorgeneproduct	"tabular_data;experimental_data"	has_biolink:GeneOrGeneProduct
10.17917	hgnc:14338	HasGeneorgeneproduct	"tabular_data;experimental_data"	has_biolink:GeneOrGeneProduct
10.17917	hgnc:17964	HasGeneorgeneproduct	"tabular_data;experimental_data"	has_biolink:GeneOrGeneProduct
10.17917	hgnc:3067	HasGeneorgeneproduct	"tabular_data;experimental_data"	has_biolink:GeneOrGeneProduct
10.17917	hgnc:10413	HasGeneorgeneproduct	"tabular_data;experimental_data"	has_biolink:GeneOrGeneProduct
10.17917	hgnc:18667	HasGeneorgeneproduct	"tabular_data;experimental_data"	has_biolink:GeneOrGeneProduct
10.17917	chebi:44785	HasSmallmolecule	"tabular_data;experimental_data"	has_biolink:SmallMolecule
10.17917	hgnc:26110	HasGeneorgeneproduct	"tabular_data;experimental_data"	has_biolink:GeneOrGeneProduct
10.17917	hgnc:9070	HasGeneorgeneproduct	"tabular_data;experimental_data"	has_biolink:GeneOrGeneProduct
10.17917	hgnc:18001	HasGeneorgeneproduct	"tabular_data;experimental_data"	has_biolink:GeneOrGeneProduct
10.17917	hgnc:29680	HasGeneorgeneproduct	"tabular_data;experimental_data"	has_biolink:GeneOrGeneProduct
10.17917	hgnc:8068	HasGeneorgeneproduct	"tabular_data;experimental_data"	has_biolink:GeneOrGeneProduct
10.17917	hgnc:6401	HasGeneorgeneproduct	"tabular_data;experimental_data"	has_biolink:GeneOrGeneProduct
10.17917	hgnc:4740	HasGeneorgeneproduct	"tabular_data;experimental_data"	has_biolink:GeneOrGeneProduct
10.17917	hgnc:24255	HasGeneorgeneproduct	"tabular_data;experimental_data"	has_biolink:GeneOrGeneProduct
10.17917	hgnc:16461	HasGeneorgeneproduct	"tabular_data;experimental_data"	has_biolink:GeneOrGeneProduct
10.17917	hgnc:24923	HasGeneorgeneproduct	"tabular_data;experimental_data"	has_biolink:GeneOrGeneProduct
10.17917	hgnc:8895	HasGeneorgeneproduct	"tabular_data;experimental_data"	has_biolink:GeneOrGeneProduct
10.17917	hgnc:1301	HasGeneorgeneproduct	"tabular_data;experimental_data"	has_biolink:GeneOrGeneProduct
10.17917	mesh:C117108	HasGeneorgeneproduct	"tabular_data;experimental_data"	has_biolink:GeneOrGeneProduct
10.17917	hgnc:26089	HasGeneorgeneproduct	"tabular_data;experimental_data"	has_biolink:GeneOrGeneProduct
10.17917	hgnc:6702	HasGeneorgeneproduct	"tabular_data;experimental_data"	has_biolink:GeneOrGeneProduct
10.17917	hgnc:9901	HasGeneorgeneproduct	"tabular_data;experimental_data"	has_biolink:GeneOrGeneProduct
10.17917	hgnc:38840	HasGene	"tabular_data;experimental_data"	has_biolink:Gene
10.17917	hgnc:10019	HasGeneorgeneproduct	"tabular_data;experimental_data"	has_biolink:GeneOrGeneProduct
10.17917	hgnc:10788	HasGeneorgeneproduct	"tabular_data;experimental_data"	has_biolink:GeneOrGeneProduct
10.17917	hgnc:10448	HasGeneorgeneproduct	"tabular_data;experimental_data"	has_biolink:GeneOrGeneProduct
10.17917	hgnc:3257	HasGeneorgeneproduct	"tabular_data;experimental_data"	has_biolink:GeneOrGeneProduct
10.17917	hgnc:9559	HasGeneorgeneproduct	"tabular_data;experimental_data"	has_biolink:GeneOrGeneProduct
10.17917	hgnc:1063	HasGeneorgeneproduct	"tabular_data;experimental_data"	has_biolink:GeneOrGeneProduct
10.17917	hgnc:24055	HasGeneorgeneproduct	"tabular_data;experimental_data"	has_biolink:GeneOrGeneProduct
10.17917	hgnc:14085	HasGeneorgeneproduct	"tabular_data;experimental_data"	has_biolink:GeneOrGeneProduct
10.17917	hgnc:26773	HasGeneorgeneproduct	"tabular_data;experimental_data"	has_biolink:GeneOrGeneProduct
10.17917	hgnc:11758	HasGeneorgeneproduct	"tabular_data;experimental_data"	has_biolink:GeneOrGeneProduct
10.17917	hgnc:2484	HasGeneorgeneproduct	"tabular_data;experimental_data"	has_biolink:GeneOrGeneProduct
10.17917	hgnc:9388	HasGeneorgeneproduct	"tabular_data;experimental_data"	has_biolink:GeneOrGeneProduct
10.17917	hgnc:1873	HasGeneorgeneproduct	"tabular_data;experimental_data"	has_biolink:GeneOrGeneProduct
10.17917	hgnc:10021	HasGeneorgeneproduct	"tabular_data;experimental_data"	has_biolink:GeneOrGeneProduct
10.17917	hgnc:30617	HasGeneorgeneproduct	"tabular_data;experimental_data"	has_biolink:GeneOrGeneProduct
10.17917	hgnc:26309	HasGeneorgeneproduct	"tabular_data;experimental_data"	has_biolink:GeneOrGeneProduct
10.17917	hgnc:19824	HasGeneorgeneproduct	"tabular_data;experimental_data"	has_biolink:GeneOrGeneProduct
10.17917	hgnc:8855	HasGeneorgeneproduct	"tabular_data;experimental_data"	has_biolink:GeneOrGeneProduct
10.17917	hgnc:13516	HasGeneorgeneproduct	"tabular_data;experimental_data"	has_biolink:GeneOrGeneProduct
10.17917	hgnc:891	HasGeneorgeneproduct	"tabular_data;experimental_data"	has_biolink:GeneOrGeneProduct
10.17917	hgnc:16235	HasGeneorgeneproduct	"tabular_data;experimental_data"	has_biolink:GeneOrGeneProduct
10.17917	hgnc:11184	HasGeneorgeneproduct	"tabular_data;experimental_data"	has_biolink:GeneOrGeneProduct
10.17917	hgnc:4844	HasGeneorgeneproduct	"tabular_data;experimental_data"	has_biolink:GeneOrGeneProduct
10.17917	hgnc:4439	HasGeneorgeneproduct	"tabular_data;experimental_data"	has_biolink:GeneOrGeneProduct
10.17917	hgnc:28860	HasGeneorgeneproduct	"tabular_data;experimental_data"	has_biolink:GeneOrGeneProduct
10.17917	hgnc:30292	HasGeneorgeneproduct	"tabular_data;experimental_data"	has_biolink:GeneOrGeneProduct
10.17917	hgnc:3798	HasGeneorgeneproduct	"tabular_data;experimental_data"	has_biolink:GeneOrGeneProduct
10.17917	hgnc:10331	HasGeneorgeneproduct	"tabular_data;experimental_data"	has_biolink:GeneOrGeneProduct
10.17917	hgnc:83	HasGeneorgeneproduct	"tabular_data;experimental_data"	has_biolink:GeneOrGeneProduct
10.17917	hgnc:6569	HasGeneorgeneproduct	"tabular_data;experimental_data"	has_biolink:GeneOrGeneProduct
10.17917	hgnc:3720	HasGeneorgeneproduct	"tabular_data;experimental_data"	has_biolink:GeneOrGeneProduct
10.17917	hgnc:10340	HasGeneorgeneproduct	"tabular_data;experimental_data"	has_biolink:GeneOrGeneProduct
10.17917	hgnc:10341	HasGene	"tabular_data;experimental_data"	has_biolink:Gene
10.17917	hgnc:25983	HasGeneorgeneproduct	"tabular_data;experimental_data"	has_biolink:GeneOrGeneProduct
10.17917	hgnc:9761	HasGeneorgeneproduct	"tabular_data;experimental_data"	has_biolink:GeneOrGeneProduct
10.17917	hgnc:1101	HasGeneorgeneproduct	"tabular_data;experimental_data"	has_biolink:GeneOrGeneProduct
10.17917	hgnc:24241	HasGeneorgeneproduct	"tabular_data;experimental_data"	has_biolink:GeneOrGeneProduct
10.17917	hgnc:12612	HasGeneorgeneproduct	"tabular_data;experimental_data"	has_biolink:GeneOrGeneProduct
10.17917	hgnc:11634	HasGeneorgeneproduct	"tabular_data;experimental_data"	has_biolink:GeneOrGeneProduct
10.17917	hgnc:12392	HasGeneorgeneproduct	"tabular_data;experimental_data"	has_biolink:GeneOrGeneProduct
10.17917	hgnc:14264	HasGeneorgeneproduct	"tabular_data;experimental_data"	has_biolink:GeneOrGeneProduct
10.17917	hgnc:3282	HasGeneorgeneproduct	"tabular_data;experimental_data"	has_biolink:GeneOrGeneProduct
10.17917	hgnc:1157	HasGeneorgeneproduct	"tabular_data;experimental_data"	has_biolink:GeneOrGeneProduct
10.17917	hgnc:30506	HasGeneorgeneproduct	"tabular_data;experimental_data"	has_biolink:GeneOrGeneProduct
10.17917	hgnc:30778	HasGeneorgeneproduct	"tabular_data;experimental_data"	has_biolink:GeneOrGeneProduct
10.17917	hgnc:1617	HasGeneorgeneproduct	"tabular_data;experimental_data"	has_biolink:GeneOrGeneProduct
10.17917	hgnc:25209	HasGeneorgeneproduct	"tabular_data;experimental_data"	has_biolink:GeneOrGeneProduct
10.17917	hgnc:1582	HasGeneorgeneproduct	"tabular_data;experimental_data"	has_biolink:GeneOrGeneProduct
10.17917	hgnc:16998	HasGeneorgeneproduct	"tabular_data;experimental_data"	has_biolink:GeneOrGeneProduct
10.17917	go:0016020	HasCellularcomponent	"tabular_data;experimental_data"	has_biolink:CellularComponent
10.17917	hgnc:9257	HasGeneorgeneproduct	"tabular_data;experimental_data"	has_biolink:GeneOrGeneProduct
10.17917	chebi:29233	HasSmallmolecule	"tabular_data;experimental_data"	has_biolink:SmallMolecule
10.17917	hgnc:25118	HasGeneorgeneproduct	"tabular_data;experimental_data"	has_biolink:GeneOrGeneProduct
10.17917	hgnc:12403	HasGeneorgeneproduct	"tabular_data;experimental_data"	has_biolink:GeneOrGeneProduct
10.17917	hgnc:2214	HasGeneorgeneproduct	"tabular_data;experimental_data"	has_biolink:GeneOrGeneProduct
10.17917	hgnc:16110	HasGeneorgeneproduct	"tabular_data;experimental_data"	has_biolink:GeneOrGeneProduct
10.17917	hgnc:682	HasGeneorgeneproduct	"tabular_data;experimental_data"	has_biolink:GeneOrGeneProduct
10.17917	hgnc:626	HasGeneorgeneproduct	"tabular_data;experimental_data"	has_biolink:GeneOrGeneProduct
10.17917	hgnc:10426	HasGeneorgeneproduct	"tabular_data;experimental_data"	has_biolink:GeneOrGeneProduct
10.17917	hgnc:11554	HasGeneorgeneproduct	"tabular_data;experimental_data"	has_biolink:GeneOrGeneProduct
10.17917	hgnc:8630	HasGeneorgeneproduct	"tabular_data;experimental_data"	has_biolink:GeneOrGeneProduct
10.17917	hgnc:9771	HasGeneorgeneproduct	"tabular_data;experimental_data"	has_biolink:GeneOrGeneProduct
10.17917	hgnc:9857	HasGeneorgeneproduct	"tabular_data;experimental_data"	has_biolink:GeneOrGeneProduct
10.17917	hgnc:16369	HasGeneorgeneproduct	"tabular_data;experimental_data"	has_biolink:GeneOrGeneProduct
10.17917	hgnc:9540	HasGeneorgeneproduct	"tabular_data;experimental_data"	has_biolink:GeneOrGeneProduct
10.17917	hgnc:3999	HasGeneorgeneproduct	"tabular_data;experimental_data"	has_biolink:GeneOrGeneProduct
10.17917	hgnc:9786	HasGeneorgeneproduct	"tabular_data;experimental_data"	has_biolink:GeneOrGeneProduct
10.17917	hgnc:10700	HasGeneorgeneproduct	"tabular_data;experimental_data"	has_biolink:GeneOrGeneProduct
10.17917	hgnc:17433	HasGeneorgeneproduct	"tabular_data;experimental_data"	has_biolink:GeneOrGeneProduct
10.17917	hgnc:9760	HasGeneorgeneproduct	"tabular_data;experimental_data"	has_biolink:GeneOrGeneProduct
10.17917	hgnc:9541	HasGeneorgeneproduct	"tabular_data;experimental_data"	has_biolink:GeneOrGeneProduct
10.17917	hgnc:9537	HasGeneorgeneproduct	"tabular_data;experimental_data"	has_biolink:GeneOrGeneProduct
10.17917	chebi:36141	HasSmallmolecule	"tabular_data;experimental_data"	has_biolink:SmallMolecule
10.17917	hgnc:18170	HasGeneorgeneproduct	"tabular_data;experimental_data"	has_biolink:GeneOrGeneProduct
10.17917	hgnc:28962	HasGeneorgeneproduct	"tabular_data;experimental_data"	has_biolink:GeneOrGeneProduct
10.17917	hgnc:16959	HasGeneorgeneproduct	"tabular_data;experimental_data"	has_biolink:GeneOrGeneProduct
10.17917	hgnc:1553	HasGeneorgeneproduct	"tabular_data;experimental_data"	has_biolink:GeneOrGeneProduct
10.17917	hgnc:10785	HasGeneorgeneproduct	"tabular_data;experimental_data"	has_biolink:GeneOrGeneProduct
10.17917	hgnc:3976	HasGeneorgeneproduct	"tabular_data;experimental_data"	has_biolink:GeneOrGeneProduct
10.17917	hgnc:14244	HasGeneorgeneproduct	"tabular_data;experimental_data"	has_biolink:GeneOrGeneProduct
10.17917	hgnc:24328	HasGeneorgeneproduct	"tabular_data;experimental_data"	has_biolink:GeneOrGeneProduct
10.17917	hgnc:5145	HasGeneorgeneproduct	"tabular_data;experimental_data"	has_biolink:GeneOrGeneProduct
10.17917	hgnc:9855	HasGeneorgeneproduct	"tabular_data;experimental_data"	has_biolink:GeneOrGeneProduct
10.17917	hgnc:26238	HasGeneorgeneproduct	"tabular_data;experimental_data"	has_biolink:GeneOrGeneProduct
10.17917	hgnc:28178	HasGeneorgeneproduct	"tabular_data;experimental_data"	has_biolink:GeneOrGeneProduct
10.17917	hgnc:4914	HasGeneorgeneproduct	"tabular_data;experimental_data"	has_biolink:GeneOrGeneProduct
10.17917	hgnc:20246	HasGeneorgeneproduct	"tabular_data;experimental_data"	has_biolink:GeneOrGeneProduct
10.17917	hgnc:16090	HasGeneorgeneproduct	"tabular_data;experimental_data"	has_biolink:GeneOrGeneProduct
10.17917	hgnc:9539	HasGeneorgeneproduct	"tabular_data;experimental_data"	has_biolink:GeneOrGeneProduct
10.17917	hgnc:15703	HasGeneorgeneproduct	"tabular_data;experimental_data"	has_biolink:GeneOrGeneProduct
10.17917	hgnc:10676	HasGeneorgeneproduct	"tabular_data;experimental_data"	has_biolink:GeneOrGeneProduct
10.17917	hgnc:3069	HasGeneorgeneproduct	"tabular_data;experimental_data"	has_biolink:GeneOrGeneProduct
10.17917	hgnc:9801	HasGeneorgeneproduct	"tabular_data;experimental_data"	has_biolink:GeneOrGeneProduct
10.17917	hgnc:4029	HasGeneorgeneproduct	"tabular_data;experimental_data"	has_biolink:GeneOrGeneProduct
10.17917	hgnc:21535	HasGeneorgeneproduct	"tabular_data;experimental_data"	has_biolink:GeneOrGeneProduct
10.17917	hgnc:694	HasGeneorgeneproduct	"tabular_data;experimental_data"	has_biolink:GeneOrGeneProduct
10.17917	fplx:MYL	HasMacromolecularcomplexorproteinfamily	"tabular_data;experimental_data"	has_biolink:MacromolecularComplexOrProteinFamily
10.17917	hgnc:29827	HasGeneorgeneproduct	"tabular_data;experimental_data"	has_biolink:GeneOrGeneProduct
10.17917	chebi:27897	HasSmallmolecule	"tabular_data;experimental_data"	has_biolink:SmallMolecule
10.17917	hgnc:24335	HasGeneorgeneproduct	"tabular_data;experimental_data"	has_biolink:GeneOrGeneProduct
10.17917	hgnc:9905	HasGeneorgeneproduct	"tabular_data;experimental_data"	has_biolink:GeneOrGeneProduct
10.17917	hgnc:21034	HasGeneorgeneproduct	"tabular_data;experimental_data"	has_biolink:GeneOrGeneProduct
10.17917	hgnc:24878	HasGeneorgeneproduct	"tabular_data;experimental_data"	has_biolink:GeneOrGeneProduct
10.17917	hgnc:24265	HasGeneorgeneproduct	"tabular_data;experimental_data"	has_biolink:GeneOrGeneProduct
10.17917	hgnc:8881	HasGeneorgeneproduct	"tabular_data;experimental_data"	has_biolink:GeneOrGeneProduct
10.17917	hgnc:6176	HasGeneorgeneproduct	"tabular_data;experimental_data"	has_biolink:GeneOrGeneProduct
10.17917	hgnc:7864	HasGeneorgeneproduct	"tabular_data;experimental_data"	has_biolink:GeneOrGeneProduct
10.17917	hgnc:7989	HasGeneorgeneproduct	"tabular_data;experimental_data"	has_biolink:GeneOrGeneProduct
10.17917	hgnc:9992	HasGeneorgeneproduct	"tabular_data;experimental_data"	has_biolink:GeneOrGeneProduct
10.17917	hgnc:1539	HasGeneorgeneproduct	"tabular_data;experimental_data"	has_biolink:GeneOrGeneProduct
10.17917	hgnc:30396	HasGeneorgeneproduct	"tabular_data;experimental_data"	has_biolink:GeneOrGeneProduct
10.17917	hgnc:24656	HasGeneorgeneproduct	"tabular_data;experimental_data"	has_biolink:GeneOrGeneProduct
10.17917	hgnc:17789	HasGeneorgeneproduct	"tabular_data;experimental_data"	has_biolink:GeneOrGeneProduct
10.17917	hgnc:30240	HasGeneorgeneproduct	"tabular_data;experimental_data"	has_biolink:GeneOrGeneProduct
10.17917	hgnc:1125	HasGeneorgeneproduct	"tabular_data;experimental_data"	has_biolink:GeneOrGeneProduct
10.17917	hgnc:10401	HasGeneorgeneproduct	"tabular_data;experimental_data"	has_biolink:GeneOrGeneProduct
10.17917	hgnc:28086	HasGeneorgeneproduct	"tabular_data;experimental_data"	has_biolink:GeneOrGeneProduct
10.17917	hgnc:2861	HasGeneorgeneproduct	"tabular_data;experimental_data"	has_biolink:GeneOrGeneProduct
10.17917	mesh:D012321	HasGeneorgeneproduct	"tabular_data;experimental_data"	has_biolink:GeneOrGeneProduct
10.17917	hgnc:4553	HasGeneorgeneproduct	"tabular_data;experimental_data"	has_biolink:GeneOrGeneProduct
10.17917	hgnc:949	HasGeneorgeneproduct	"tabular_data;experimental_data"	has_biolink:GeneOrGeneProduct
10.17917	hgnc:16089	HasGeneorgeneproduct	"tabular_data;experimental_data"	has_biolink:GeneOrGeneProduct
10.17917	hgnc:23357	HasGeneorgeneproduct	"tabular_data;experimental_data"	has_biolink:GeneOrGeneProduct
10.17917	hgnc:706	HasGeneorgeneproduct	"tabular_data;experimental_data"	has_biolink:GeneOrGeneProduct
10.17917	hgnc:10330	HasGeneorgeneproduct	"tabular_data;experimental_data"	has_biolink:GeneOrGeneProduct
10.17917	hgnc:5414	HasGeneorgeneproduct	"tabular_data;experimental_data"	has_biolink:GeneOrGeneProduct
10.17917	hgnc:21165	HasGeneorgeneproduct	"tabular_data;experimental_data"	has_biolink:GeneOrGeneProduct
10.17917	hgnc:9782	HasGeneorgeneproduct	"tabular_data;experimental_data"	has_biolink:GeneOrGeneProduct
10.17917	hgnc:14497	HasGeneorgeneproduct	"tabular_data;experimental_data"	has_biolink:GeneOrGeneProduct
10.17917	hgnc:28147	HasGeneorgeneproduct	"tabular_data;experimental_data"	has_biolink:GeneOrGeneProduct
10.17917	hgnc:10387	HasGeneorgeneproduct	"tabular_data;experimental_data"	has_biolink:GeneOrGeneProduct
10.17917	hgnc:3212	HasGeneorgeneproduct	"tabular_data;experimental_data"	has_biolink:GeneOrGeneProduct
10.17917	hgnc:17312	HasGeneorgeneproduct	"tabular_data;experimental_data"	has_biolink:GeneOrGeneProduct
10.17917	hgnc:9764	HasGeneorgeneproduct	"tabular_data;experimental_data"	has_biolink:GeneOrGeneProduct
10.17917	hgnc:17497	HasGeneorgeneproduct	"tabular_data;experimental_data"	has_biolink:GeneOrGeneProduct
10.17917	hgnc:10315	HasGeneorgeneproduct	"tabular_data;experimental_data"	has_biolink:GeneOrGeneProduct
10.17917	hgnc:16015	HasGeneorgeneproduct	"tabular_data;experimental_data"	has_biolink:GeneOrGeneProduct
10.17917	hgnc:23332	HasGeneorgeneproduct	"tabular_data;experimental_data"	has_biolink:GeneOrGeneProduct
10.17917	hgnc:25564	HasGeneorgeneproduct	"tabular_data;experimental_data"	has_biolink:GeneOrGeneProduct
10.17917	hgnc:3383	HasGeneorgeneproduct	"tabular_data;experimental_data"	has_biolink:GeneOrGeneProduct
10.17917	hgnc:2713	HasGeneorgeneproduct	"tabular_data;experimental_data"	has_biolink:GeneOrGeneProduct
10.17917	hgnc:27039	HasGeneorgeneproduct	"tabular_data;experimental_data"	has_biolink:GeneOrGeneProduct
10.17917	hgnc:26212	HasGeneorgeneproduct	"tabular_data;experimental_data"	has_biolink:GeneOrGeneProduct
10.17917	hgnc:3061	HasGeneorgeneproduct	"tabular_data;experimental_data"	has_biolink:GeneOrGeneProduct
10.17917	hgnc:11292	HasGeneorgeneproduct	"tabular_data;experimental_data"	has_biolink:GeneOrGeneProduct
10.17917	hgnc:21218	HasGeneorgeneproduct	"tabular_data;experimental_data"	has_biolink:GeneOrGeneProduct
10.17917	hgnc:14377	HasGeneorgeneproduct	"tabular_data;experimental_data"	has_biolink:GeneOrGeneProduct
10.17917	hgnc:24251	HasGeneorgeneproduct	"tabular_data;experimental_data"	has_biolink:GeneOrGeneProduct
10.17917	mesh:D054875	HasBiologicalprocess	"tabular_data;experimental_data"	has_biolink:BiologicalProcess
10.17917	hgnc:12491	HasGeneorgeneproduct	"tabular_data;experimental_data"	has_biolink:GeneOrGeneProduct
10.17917	hgnc:24301	HasGeneorgeneproduct	"tabular_data;experimental_data"	has_biolink:GeneOrGeneProduct
10.17917	hgnc:7704	HasGeneorgeneproduct	"tabular_data;experimental_data"	has_biolink:GeneOrGeneProduct
10.17917	hgnc:28346	HasGeneorgeneproduct	"tabular_data;experimental_data"	has_biolink:GeneOrGeneProduct
10.17917	hgnc:24374	HasGeneorgeneproduct	"tabular_data;experimental_data"	has_biolink:GeneOrGeneProduct
10.17917	hgnc:12484	HasGeneorgeneproduct	"tabular_data;experimental_data"	has_biolink:GeneOrGeneProduct
10.17917	hgnc:9862	HasGeneorgeneproduct	"tabular_data;experimental_data"	has_biolink:GeneOrGeneProduct
10.17917	hgnc:14340	HasGeneorgeneproduct	"tabular_data;experimental_data"	has_biolink:GeneOrGeneProduct
10.17917	hgnc:30201	HasGeneorgeneproduct	"tabular_data;experimental_data"	has_biolink:GeneOrGeneProduct
10.17917	hgnc:25192	HasGeneorgeneproduct	"tabular_data;experimental_data"	has_biolink:GeneOrGeneProduct
10.17917	hgnc:11834	HasGeneorgeneproduct	"tabular_data;experimental_data"	has_biolink:GeneOrGeneProduct
10.17917	hgnc:26934	HasGeneorgeneproduct	"tabular_data;experimental_data"	has_biolink:GeneOrGeneProduct
10.17917	hgnc:6737	HasGeneorgeneproduct	"tabular_data;experimental_data"	has_biolink:GeneOrGeneProduct
10.17917	hgnc:9543	HasGeneorgeneproduct	"tabular_data;experimental_data"	has_biolink:GeneOrGeneProduct
10.17917	hgnc:12749	HasGeneorgeneproduct	"tabular_data;experimental_data"	has_biolink:GeneOrGeneProduct
10.17917	hgnc:7696	HasGeneorgeneproduct	"tabular_data;experimental_data"	has_biolink:GeneOrGeneProduct
10.17917	hgnc:9256	HasGeneorgeneproduct	"tabular_data;experimental_data"	has_biolink:GeneOrGeneProduct
10.17917	hgnc:28424	HasGeneorgeneproduct	"tabular_data;experimental_data"	has_biolink:GeneOrGeneProduct
10.17917	mesh:C084507	HasGeneorgeneproduct	"tabular_data;experimental_data"	has_biolink:GeneOrGeneProduct
10.17917	hgnc:10414	HasGeneorgeneproduct	"tabular_data;experimental_data"	has_biolink:GeneOrGeneProduct
10.17917	hgnc:23024	HasGeneorgeneproduct	"tabular_data;experimental_data"	has_biolink:GeneOrGeneProduct
10.17917	hgnc:29656	HasGeneorgeneproduct	"tabular_data;experimental_data"	has_biolink:GeneOrGeneProduct
10.17917	hgnc:10604	HasGeneorgeneproduct	"tabular_data;experimental_data"	has_biolink:GeneOrGeneProduct
10.17917	mesh:D049308	HasGeneorgeneproduct	"tabular_data;experimental_data"	has_biolink:GeneOrGeneProduct
10.17917	mesh:C087267	HasGeneorgeneproduct	"tabular_data;experimental_data"	has_biolink:GeneOrGeneProduct
10.17917	hgnc:9194	HasGeneorgeneproduct	"tabular_data;experimental_data"	has_biolink:GeneOrGeneProduct
10.17917	hgnc:4693	HasGeneorgeneproduct	"tabular_data;experimental_data"	has_biolink:GeneOrGeneProduct
10.17917	hgnc:28737	HasGeneorgeneproduct	"tabular_data;experimental_data"	has_biolink:GeneOrGeneProduct
10.17917	hgnc:19980	HasGeneorgeneproduct	"tabular_data;experimental_data"	has_biolink:GeneOrGeneProduct
10.17917	hgnc:7692	HasGeneorgeneproduct	"tabular_data;experimental_data"	has_biolink:GeneOrGeneProduct
10.17917	hgnc:6738	HasGeneorgeneproduct	"tabular_data;experimental_data"	has_biolink:GeneOrGeneProduct
10.17917	hgnc:8050	HasGeneorgeneproduct	"tabular_data;experimental_data"	has_biolink:GeneOrGeneProduct
10.17917	hgnc:9765	HasGeneorgeneproduct	"tabular_data;experimental_data"	has_biolink:GeneOrGeneProduct
10.17917	hgnc:21097	HasGeneorgeneproduct	"tabular_data;experimental_data"	has_biolink:GeneOrGeneProduct
10.17917	hgnc:692	HasGeneorgeneproduct	"tabular_data;experimental_data"	has_biolink:GeneOrGeneProduct
10.17917	hgnc:5009	HasGeneorgeneproduct	"tabular_data;experimental_data"	has_biolink:GeneOrGeneProduct
10.17917	hgnc:7214	HasGeneorgeneproduct	"tabular_data;experimental_data"	has_biolink:GeneOrGeneProduct
10.17917	chebi:18361	HasSmallmolecule	"tabular_data;experimental_data"	has_biolink:SmallMolecule
10.17917	hgnc:215	HasGeneorgeneproduct	"tabular_data;experimental_data"	has_biolink:GeneOrGeneProduct
10.17917	hgnc:6407	HasGeneorgeneproduct	"tabular_data;experimental_data"	has_biolink:GeneOrGeneProduct
10.17917	hgnc:9991	HasGeneorgeneproduct	"tabular_data;experimental_data"	has_biolink:GeneOrGeneProduct
10.17917	hgnc:658	HasGeneorgeneproduct	"tabular_data;experimental_data"	has_biolink:GeneOrGeneProduct
10.17917	hgnc:23067	HasGeneorgeneproduct	"tabular_data;experimental_data"	has_biolink:GeneOrGeneProduct
10.17917	hgnc:14141	HasGeneorgeneproduct	"tabular_data;experimental_data"	has_biolink:GeneOrGeneProduct
10.17917	hgnc:14297	HasGeneorgeneproduct	"tabular_data;experimental_data"	has_biolink:GeneOrGeneProduct
10.17917	chebi:15841	HasSmallmolecule	"tabular_data;experimental_data"	has_biolink:SmallMolecule
10.17917	hgnc:10530	HasGeneorgeneproduct	"tabular_data;experimental_data"	has_biolink:GeneOrGeneProduct
10.17917	hgnc:30023	HasGeneorgeneproduct	"tabular_data;experimental_data"	has_biolink:GeneOrGeneProduct
10.17917	hgnc:938	HasGeneorgeneproduct	"tabular_data;experimental_data"	has_biolink:GeneOrGeneProduct
10.17917	hgnc:318	HasGeneorgeneproduct	"tabular_data;experimental_data"	has_biolink:GeneOrGeneProduct
10.17917	hgnc:652	HasGeneorgeneproduct	"tabular_data;experimental_data"	has_biolink:GeneOrGeneProduct
10.17917	hgnc:654	HasGeneorgeneproduct	"tabular_data;experimental_data"	has_biolink:GeneOrGeneProduct
10.17917	hgnc:28204	HasGeneorgeneproduct	"tabular_data;experimental_data"	has_biolink:GeneOrGeneProduct
10.17917	hgnc:29533	HasGeneorgeneproduct	"tabular_data;experimental_data"	has_biolink:GeneOrGeneProduct
10.17917	hgnc:26027	HasGeneorgeneproduct	"tabular_data;experimental_data"	has_biolink:GeneOrGeneProduct
10.17917	hgnc:26442	HasGeneorgeneproduct	"tabular_data;experimental_data"	has_biolink:GeneOrGeneProduct
10.17917	hgnc:9792	HasGeneorgeneproduct	"tabular_data;experimental_data"	has_biolink:GeneOrGeneProduct
10.17917	hgnc:29874	HasGeneorgeneproduct	"tabular_data;experimental_data"	has_biolink:GeneOrGeneProduct
10.17917	hgnc:26616	HasGeneorgeneproduct	"tabular_data;experimental_data"	has_biolink:GeneOrGeneProduct
10.17917	hgnc:26036	HasGeneorgeneproduct	"tabular_data;experimental_data"	has_biolink:GeneOrGeneProduct
10.17917	hgnc:6913	HasGeneorgeneproduct	"tabular_data;experimental_data"	has_biolink:GeneOrGeneProduct
10.17917	hgnc:1551	HasGeneorgeneproduct	"tabular_data;experimental_data"	has_biolink:GeneOrGeneProduct
10.17917	hgnc:11486	HasGeneorgeneproduct	"tabular_data;experimental_data"	has_biolink:GeneOrGeneProduct
10.17917	hgnc:16223	HasGeneorgeneproduct	"tabular_data;experimental_data"	has_biolink:GeneOrGeneProduct
10.17917	hgnc:33504	HasGeneorgeneproduct	"tabular_data;experimental_data"	has_biolink:GeneOrGeneProduct
10.17917	hgnc:10396	HasGeneorgeneproduct	"tabular_data;experimental_data"	has_biolink:GeneOrGeneProduct
10.17917	hgnc:4643	HasGeneorgeneproduct	"tabular_data;experimental_data"	has_biolink:GeneOrGeneProduct
10.17917	hgnc:28409	HasGeneorgeneproduct	"tabular_data;experimental_data"	has_biolink:GeneOrGeneProduct
10.17917	hgnc:25014	HasGeneorgeneproduct	"tabular_data;experimental_data"	has_biolink:GeneOrGeneProduct
10.17917	hgnc:10402	HasGeneorgeneproduct	"tabular_data;experimental_data"	has_biolink:GeneOrGeneProduct
10.17917	hgnc:30026	HasGeneorgeneproduct	"tabular_data;experimental_data"	has_biolink:GeneOrGeneProduct
10.17917	hgnc:12379	HasGeneorgeneproduct	"tabular_data;experimental_data"	has_biolink:GeneOrGeneProduct
10.17917	hgnc:28122	HasGeneorgeneproduct	"tabular_data;experimental_data"	has_biolink:GeneOrGeneProduct
10.17917	hgnc:10899	HasGeneorgeneproduct	"tabular_data;experimental_data"	has_biolink:GeneOrGeneProduct
10.17917	hgnc:8765	HasGeneorgeneproduct	"tabular_data;experimental_data"	has_biolink:GeneOrGeneProduct
10.17917	hgnc:33826	HasGeneorgeneproduct	"tabular_data;experimental_data"	has_biolink:GeneOrGeneProduct
10.17917	hgnc:23750	HasGeneorgeneproduct	"tabular_data;experimental_data"	has_biolink:GeneOrGeneProduct
10.17917	chebi:16450	HasSmallmolecule	"tabular_data;experimental_data"	has_biolink:SmallMolecule
10.17917	hgnc:20995	HasGeneorgeneproduct	"tabular_data;experimental_data"	has_biolink:GeneOrGeneProduct
10.17917	mesh:D014157	HasGeneorgeneproduct	"tabular_data;experimental_data"	has_biolink:GeneOrGeneProduct
10.17917	hgnc:23032	HasGeneorgeneproduct	"tabular_data;experimental_data"	has_biolink:GeneOrGeneProduct
10.17917	hgnc:13568	HasGeneorgeneproduct	"tabular_data;experimental_data"	has_biolink:GeneOrGeneProduct
10.17917	hgnc:24993	HasGeneorgeneproduct	"tabular_data;experimental_data"	has_biolink:GeneOrGeneProduct
10.17917	hgnc:25382	HasGeneorgeneproduct	"tabular_data;experimental_data"	has_biolink:GeneOrGeneProduct
10.17917	hgnc:20567	HasGeneorgeneproduct	"tabular_data;experimental_data"	has_biolink:GeneOrGeneProduct
10.17917	hgnc:9779	HasGeneorgeneproduct	"tabular_data;experimental_data"	has_biolink:GeneOrGeneProduct
10.17917	hgnc:25078	HasGeneorgeneproduct	"tabular_data;experimental_data"	has_biolink:GeneOrGeneProduct
10.17917	hgnc:13448	HasGeneorgeneproduct	"tabular_data;experimental_data"	has_biolink:GeneOrGeneProduct
10.17917	hgnc:10405	HasGeneorgeneproduct	"tabular_data;experimental_data"	has_biolink:GeneOrGeneProduct
10.17917	hgnc:7587	HasGeneorgeneproduct	"tabular_data;experimental_data"	has_biolink:GeneOrGeneProduct
10.17917	hgnc:9141	HasGeneorgeneproduct	"tabular_data;experimental_data"	has_biolink:GeneOrGeneProduct
10.17917	hgnc:11157	HasGeneorgeneproduct	"tabular_data;experimental_data"	has_biolink:GeneOrGeneProduct
10.17917	hgnc:24594	HasGeneorgeneproduct	"tabular_data;experimental_data"	has_biolink:GeneOrGeneProduct
10.17917	hgnc:7931	HasGeneorgeneproduct	"tabular_data;experimental_data"	has_biolink:GeneOrGeneProduct
10.17917	hgnc:10389	HasGeneorgeneproduct	"tabular_data;experimental_data"	has_biolink:GeneOrGeneProduct
10.17917	hgnc:2528	HasGeneorgeneproduct	"tabular_data;experimental_data"	has_biolink:GeneOrGeneProduct
10.17917	hgnc:28980	HasGeneorgeneproduct	"tabular_data;experimental_data"	has_biolink:GeneOrGeneProduct
10.17917	hgnc:28154	HasGeneorgeneproduct	"tabular_data;experimental_data"	has_biolink:GeneOrGeneProduct
10.17917	hgnc:21078	HasGeneorgeneproduct	"tabular_data;experimental_data"	has_biolink:GeneOrGeneProduct
10.17917	hgnc:16840	HasGeneorgeneproduct	"tabular_data;experimental_data"	has_biolink:GeneOrGeneProduct
10.17917	hgnc:659	HasGeneorgeneproduct	"tabular_data;experimental_data"	has_biolink:GeneOrGeneProduct
10.17917	hgnc:4367	HasGeneorgeneproduct	"tabular_data;experimental_data"	has_biolink:GeneOrGeneProduct
10.17917	hgnc:17286	HasGeneorgeneproduct	"tabular_data;experimental_data"	has_biolink:GeneOrGeneProduct
10.17917	hgnc:9783	HasGeneorgeneproduct	"tabular_data;experimental_data"	has_biolink:GeneOrGeneProduct
10.17917	hgnc:16049	HasGeneorgeneproduct	"tabular_data;experimental_data"	has_biolink:GeneOrGeneProduct
10.17917	hgnc:43943	HasGeneorgeneproduct	"tabular_data;experimental_data"	has_biolink:GeneOrGeneProduct
10.17917	hgnc:27468	HasGeneorgeneproduct	"tabular_data;experimental_data"	has_biolink:GeneOrGeneProduct
10.17917	hgnc:28787	HasGeneorgeneproduct	"tabular_data;experimental_data"	has_biolink:GeneOrGeneProduct
10.17917	hgnc:5392	HasGeneorgeneproduct	"tabular_data;experimental_data"	has_biolink:GeneOrGeneProduct
10.17917	mesh:D053590	HasGeneorgeneproduct	"tabular_data;experimental_data"	has_biolink:GeneOrGeneProduct
10.17917	hgnc:1875	HasGeneorgeneproduct	"tabular_data;experimental_data"	has_biolink:GeneOrGeneProduct
10.17917	hgnc:18002	HasGeneorgeneproduct	"tabular_data;experimental_data"	has_biolink:GeneOrGeneProduct
10.17917	hgnc:8157	HasGeneorgeneproduct	"tabular_data;experimental_data"	has_biolink:GeneOrGeneProduct
10.17917	hgnc:8055	HasGeneorgeneproduct	"tabular_data;experimental_data"	has_biolink:GeneOrGeneProduct
10.17917	hgnc:28790	HasGeneorgeneproduct	"tabular_data;experimental_data"	has_biolink:GeneOrGeneProduct
10.17917	hgnc:2269	HasGeneorgeneproduct	"tabular_data;experimental_data"	has_biolink:GeneOrGeneProduct
10.17917	hgnc:1888	HasGeneorgeneproduct	"tabular_data;experimental_data"	has_biolink:GeneOrGeneProduct
10.17917	hgnc:23421	HasGeneorgeneproduct	"tabular_data;experimental_data"	has_biolink:GeneOrGeneProduct
10.17917	hgnc:2243	HasGeneorgeneproduct	"tabular_data;experimental_data"	has_biolink:GeneOrGeneProduct
10.17917	hgnc:49151	HasGeneorgeneproduct	"tabular_data;experimental_data"	has_biolink:GeneOrGeneProduct
10.17917	hgnc:14651	HasGeneorgeneproduct	"tabular_data;experimental_data"	has_biolink:GeneOrGeneProduct
10.17917	hgnc:16075	HasGeneorgeneproduct	"tabular_data;experimental_data"	has_biolink:GeneOrGeneProduct
10.17917	hgnc:14537	HasGeneorgeneproduct	"tabular_data;experimental_data"	has_biolink:GeneOrGeneProduct
10.17917	hgnc:14142	HasGeneorgeneproduct	"tabular_data;experimental_data"	has_biolink:GeneOrGeneProduct
10.17917	hgnc:4638	HasGeneorgeneproduct	"tabular_data;experimental_data"	has_biolink:GeneOrGeneProduct
10.17917	hgnc:17950	HasGeneorgeneproduct	"tabular_data;experimental_data"	has_biolink:GeneOrGeneProduct
10.17917	hgnc:26965	HasGeneorgeneproduct	"tabular_data;experimental_data"	has_biolink:GeneOrGeneProduct
10.17917	hgnc:6986	HasGeneorgeneproduct	"tabular_data;experimental_data"	has_biolink:GeneOrGeneProduct
10.17917	hgnc:16996	HasGeneorgeneproduct	"tabular_data;experimental_data"	has_biolink:GeneOrGeneProduct
10.17917	hgnc:12488	HasGeneorgeneproduct	"tabular_data;experimental_data"	has_biolink:GeneOrGeneProduct
10.17917	fplx:UBE2	HasMacromolecularcomplexorproteinfamily	"tabular_data;experimental_data"	has_biolink:MacromolecularComplexOrProteinFamily
10.17917	hgnc:17971	HasGeneorgeneproduct	"tabular_data;experimental_data"	has_biolink:GeneOrGeneProduct
10.17917	hgnc:18479	HasGeneorgeneproduct	"tabular_data;experimental_data"	has_biolink:GeneOrGeneProduct
10.17917	mesh:C094587	HasGeneorgeneproduct	"tabular_data;experimental_data"	has_biolink:GeneOrGeneProduct
10.17917	hgnc:2482	HasGeneorgeneproduct	"tabular_data;experimental_data"	has_biolink:GeneOrGeneProduct
10.17917	hgnc:26941	HasGeneorgeneproduct	"tabular_data;experimental_data"	has_biolink:GeneOrGeneProduct
10.17917	go:0045275	HasMacromolecularcomplexorproteinfamily	"tabular_data;experimental_data"	has_biolink:MacromolecularComplexOrProteinFamily
10.17917	hgnc:20040	HasGeneorgeneproduct	"tabular_data;experimental_data"	has_biolink:GeneOrGeneProduct
10.17917	hgnc:14976	HasGeneorgeneproduct	"tabular_data;experimental_data"	has_biolink:GeneOrGeneProduct
10.17917	hgnc:28332	HasGeneorgeneproduct	"tabular_data;experimental_data"	has_biolink:GeneOrGeneProduct
10.17917	hgnc:3953	HasGeneorgeneproduct	"tabular_data;experimental_data"	has_biolink:GeneOrGeneProduct
10.17917	hgnc:24094	HasGeneorgeneproduct	"tabular_data;experimental_data"	has_biolink:GeneOrGeneProduct
10.17917	hgnc:19986	HasGeneorgeneproduct	"tabular_data;experimental_data"	has_biolink:GeneOrGeneProduct
10.17917	hgnc:26104	HasGeneorgeneproduct	"tabular_data;experimental_data"	has_biolink:GeneOrGeneProduct
10.17917	hgnc:10293	HasGeneorgeneproduct	"tabular_data;experimental_data"	has_biolink:GeneOrGeneProduct
10.17917	hgnc:28749	HasGeneorgeneproduct	"tabular_data;experimental_data"	has_biolink:GeneOrGeneProduct
10.17917	hgnc:11174	HasGeneorgeneproduct	"tabular_data;experimental_data"	has_biolink:GeneOrGeneProduct
10.17917	hgnc:15875	HasGeneorgeneproduct	"tabular_data;experimental_data"	has_biolink:GeneOrGeneProduct
10.17917	hgnc:6763	HasGeneorgeneproduct	"tabular_data;experimental_data"	has_biolink:GeneOrGeneProduct
10.17917	hgnc:21528	HasGeneorgeneproduct	"tabular_data;experimental_data"	has_biolink:GeneOrGeneProduct
10.17917	hgnc:26235	HasGeneorgeneproduct	"tabular_data;experimental_data"	has_biolink:GeneOrGeneProduct
10.17917	hgnc:10346	HasGeneorgeneproduct	"tabular_data;experimental_data"	has_biolink:GeneOrGeneProduct
10.17917	hgnc:10359	HasGeneorgeneproduct	"tabular_data;experimental_data"	has_biolink:GeneOrGeneProduct
10.17917	hgnc:18624	HasGeneorgeneproduct	"tabular_data;experimental_data"	has_biolink:GeneOrGeneProduct
10.17917	hgnc:27351	HasGeneorgeneproduct	"tabular_data;experimental_data"	has_biolink:GeneOrGeneProduct
10.17917	go:0006413	HasBiologicalprocess	"tabular_data;experimental_data"	has_biolink:BiologicalProcess
10.17917	uniprot:Q71DI3	HasGeneorgeneproduct	"tabular_data;experimental_data"	has_biolink:GeneOrGeneProduct
10.17917	uniprot:P84243	HasGeneorgeneproduct	"tabular_data;experimental_data"	has_biolink:GeneOrGeneProduct
10.17917	uniprot:P68431	HasGeneorgeneproduct	"tabular_data;experimental_data"	has_biolink:GeneOrGeneProduct
10.17917	hgnc:17260	HasGeneorgeneproduct	"tabular_data;experimental_data"	has_biolink:GeneOrGeneProduct
10.17917	hgnc:119	HasGeneorgeneproduct	"tabular_data;experimental_data"	has_biolink:GeneOrGeneProduct
10.17917	hgnc:10388	HasGeneorgeneproduct	"tabular_data;experimental_data"	has_biolink:GeneOrGeneProduct
10.17917	hgnc:18263	HasGeneorgeneproduct	"tabular_data;experimental_data"	has_biolink:GeneOrGeneProduct
10.17917	hgnc:11326	HasGeneorgeneproduct	"tabular_data;experimental_data"	has_biolink:GeneOrGeneProduct
10.17917	hgnc:2469	HasGeneorgeneproduct	"tabular_data;experimental_data"	has_biolink:GeneOrGeneProduct
10.17917	hgnc:24259	HasGeneorgeneproduct	"tabular_data;experimental_data"	has_biolink:GeneOrGeneProduct
10.17917	mesh:C064012	HasGeneorgeneproduct	"tabular_data;experimental_data"	has_biolink:GeneOrGeneProduct
10.17917	hgnc:2228	HasGeneorgeneproduct	"tabular_data;experimental_data"	has_biolink:GeneOrGeneProduct
10.17917	hgnc:655	HasGeneorgeneproduct	"tabular_data;experimental_data"	has_biolink:GeneOrGeneProduct
10.17917	hgnc:30535	HasGeneorgeneproduct	"tabular_data;experimental_data"	has_biolink:GeneOrGeneProduct
10.17917	hgnc:4026	HasGeneorgeneproduct	"tabular_data;experimental_data"	has_biolink:GeneOrGeneProduct
10.17917	hgnc:4323	HasGeneorgeneproduct	"tabular_data;experimental_data"	has_biolink:GeneOrGeneProduct
10.17917	hgnc:28913	HasGeneorgeneproduct	"tabular_data;experimental_data"	has_biolink:GeneOrGeneProduct
10.17917	hgnc:19696	HasGeneorgeneproduct	"tabular_data;experimental_data"	has_biolink:GeneOrGeneProduct
10.17917	hgnc:662	HasGeneorgeneproduct	"tabular_data;experimental_data"	has_biolink:GeneOrGeneProduct
10.17917	hgnc:707	HasGeneorgeneproduct	"tabular_data;experimental_data"	has_biolink:GeneOrGeneProduct
10.17917	hgnc:25674	HasGeneorgeneproduct	"tabular_data;experimental_data"	has_biolink:GeneOrGeneProduct
10.17917	hgnc:17271	HasGeneorgeneproduct	"tabular_data;experimental_data"	has_biolink:GeneOrGeneProduct
10.17917	hgnc:26407	HasGeneorgeneproduct	"tabular_data;experimental_data"	has_biolink:GeneOrGeneProduct
10.17917	hgnc:8891	HasGeneorgeneproduct	"tabular_data;experimental_data"	has_biolink:GeneOrGeneProduct
10.17917	hgnc:12662	HasGeneorgeneproduct	"tabular_data;experimental_data"	has_biolink:GeneOrGeneProduct
10.17917	hgnc:9762	HasGeneorgeneproduct	"tabular_data;experimental_data"	has_biolink:GeneOrGeneProduct
10.17917	hgnc:24628	HasGeneorgeneproduct	"tabular_data;experimental_data"	has_biolink:GeneOrGeneProduct
10.17917	hgnc:6781	HasGeneorgeneproduct	"tabular_data;experimental_data"	has_biolink:GeneOrGeneProduct
10.17917	hgnc:9900	HasGeneorgeneproduct	"tabular_data;experimental_data"	has_biolink:GeneOrGeneProduct
10.17917	hgnc:13427	HasGeneorgeneproduct	"tabular_data;experimental_data"	has_biolink:GeneOrGeneProduct
10.17917	hgnc:12007	HasGeneorgeneproduct	"tabular_data;experimental_data"	has_biolink:GeneOrGeneProduct
10.17917	hgnc:18304	HasGeneorgeneproduct	"tabular_data;experimental_data"	has_biolink:GeneOrGeneProduct
10.17917	hgnc:16384	HasGeneorgeneproduct	"tabular_data;experimental_data"	has_biolink:GeneOrGeneProduct
10.17917	hgnc:5039	HasGeneorgeneproduct	"tabular_data;experimental_data"	has_biolink:GeneOrGeneProduct
10.17917	hgnc:27622	HasGeneorgeneproduct	"tabular_data;experimental_data"	has_biolink:GeneOrGeneProduct
10.17917	hgnc:28771	HasGeneorgeneproduct	"tabular_data;experimental_data"	has_biolink:GeneOrGeneProduct
10.17917	hgnc:24575	HasGeneorgeneproduct	"tabular_data;experimental_data"	has_biolink:GeneOrGeneProduct
10.17917	mesh:D004951	HasBiologicalprocess	"tabular_data;experimental_data"	has_biolink:BiologicalProcess
10.17917	hgnc:16993	HasGeneorgeneproduct	"tabular_data;experimental_data"	has_biolink:GeneOrGeneProduct
10.17917	hgnc:6740	HasGeneorgeneproduct	"tabular_data;experimental_data"	has_biolink:GeneOrGeneProduct
10.17917	hgnc:28672	HasGeneorgeneproduct	"tabular_data;experimental_data"	has_biolink:GeneOrGeneProduct
10.17917	hgnc:11443	HasGeneorgeneproduct	"tabular_data;experimental_data"	has_biolink:GeneOrGeneProduct
10.17917	hgnc:21172	HasGeneorgeneproduct	"tabular_data;experimental_data"	has_biolink:GeneOrGeneProduct
10.17917	hgnc:16021	HasGeneorgeneproduct	"tabular_data;experimental_data"	has_biolink:GeneOrGeneProduct
10.17917	hgnc:24546	HasGeneorgeneproduct	"tabular_data;experimental_data"	has_biolink:GeneOrGeneProduct
10.17917	hgnc:29602	HasGeneorgeneproduct	"tabular_data;experimental_data"	has_biolink:GeneOrGeneProduct
10.17917	hgnc:9577	HasGeneorgeneproduct	"tabular_data;experimental_data"	has_biolink:GeneOrGeneProduct
10.17917	hgnc:19943	HasGeneorgeneproduct	"tabular_data;experimental_data"	has_biolink:GeneOrGeneProduct
10.17917	hgnc:12492	HasGeneorgeneproduct	"tabular_data;experimental_data"	has_biolink:GeneOrGeneProduct
10.17917	hgnc:30513	HasGeneorgeneproduct	"tabular_data;experimental_data"	has_biolink:GeneOrGeneProduct
10.17917	hgnc:8752	HasGeneorgeneproduct	"tabular_data;experimental_data"	has_biolink:GeneOrGeneProduct
10.17917	hgnc:25010	HasGeneorgeneproduct	"tabular_data;experimental_data"	has_biolink:GeneOrGeneProduct
10.17917	hgnc:559	HasGeneorgeneproduct	"tabular_data;experimental_data"	has_biolink:GeneOrGeneProduct
10.17917	hgnc:11328	HasGeneorgeneproduct	"tabular_data;experimental_data"	has_biolink:GeneOrGeneProduct
10.17917	hgnc:28651	HasGeneorgeneproduct	"tabular_data;experimental_data"	has_biolink:GeneOrGeneProduct
10.17917	hgnc:3275	HasGeneorgeneproduct	"tabular_data;experimental_data"	has_biolink:GeneOrGeneProduct
10.17917	hgnc:4065	HasGeneorgeneproduct	"tabular_data;experimental_data"	has_biolink:GeneOrGeneProduct
10.17917	hgnc:12480	HasGeneorgeneproduct	"tabular_data;experimental_data"	has_biolink:GeneOrGeneProduct
10.17917	hgnc:11158	HasGeneorgeneproduct	"tabular_data;experimental_data"	has_biolink:GeneOrGeneProduct
10.17917	hgnc:30882	HasGeneorgeneproduct	"tabular_data;experimental_data"	has_biolink:GeneOrGeneProduct
10.17917	hgnc:4566	HasGeneorgeneproduct	"tabular_data;experimental_data"	has_biolink:GeneOrGeneProduct
10.17917	hgnc:3017	HasGeneorgeneproduct	"tabular_data;experimental_data"	has_biolink:GeneOrGeneProduct
10.17917	hgnc:26938	HasGeneorgeneproduct	"tabular_data;experimental_data"	has_biolink:GeneOrGeneProduct
10.17917	hgnc:21025	HasGeneorgeneproduct	"tabular_data;experimental_data"	has_biolink:GeneOrGeneProduct
10.17917	hgnc:124	HasGeneorgeneproduct	"tabular_data;experimental_data"	has_biolink:GeneOrGeneProduct
10.17917	hgnc:51238	HasGeneorgeneproduct	"tabular_data;experimental_data"	has_biolink:GeneOrGeneProduct
10.17917	hgnc:1084	HasGeneorgeneproduct	"tabular_data;experimental_data"	has_biolink:GeneOrGeneProduct
10.17917	hgnc:8003	HasGeneorgeneproduct	"tabular_data;experimental_data"	has_biolink:GeneOrGeneProduct
10.17917	hgnc:28432	HasGeneorgeneproduct	"tabular_data;experimental_data"	has_biolink:GeneOrGeneProduct
10.17917	hgnc:17890	HasGeneorgeneproduct	"tabular_data;experimental_data"	has_biolink:GeneOrGeneProduct
10.17917	hgnc:122	HasGeneorgeneproduct	"tabular_data;experimental_data"	has_biolink:GeneOrGeneProduct
10.17917	hgnc:757	HasGeneorgeneproduct	"tabular_data;experimental_data"	has_biolink:GeneOrGeneProduct
10.17917	hgnc:10385	HasGeneorgeneproduct	"tabular_data;experimental_data"	has_biolink:GeneOrGeneProduct
10.17917	hgnc:13529	HasGeneorgeneproduct	"tabular_data;experimental_data"	has_biolink:GeneOrGeneProduct
10.17917	hgnc:9555	HasGeneorgeneproduct	"tabular_data;experimental_data"	has_biolink:GeneOrGeneProduct
10.17917	hgnc:18561	HasGeneorgeneproduct	"tabular_data;experimental_data"	has_biolink:GeneOrGeneProduct
10.17917	hgnc:16002	HasGeneorgeneproduct	"tabular_data;experimental_data"	has_biolink:GeneOrGeneProduct
10.17917	chebi:140779	HasSmallmolecule	"tabular_data;experimental_data"	has_biolink:SmallMolecule
10.17917	hgnc:10347	HasGeneorgeneproduct	"tabular_data;experimental_data"	has_biolink:GeneOrGeneProduct
10.17917	hgnc:11257	HasGeneorgeneproduct	"tabular_data;experimental_data"	has_biolink:GeneOrGeneProduct
10.17917	hgnc:11026	HasGeneorgeneproduct	"tabular_data;experimental_data"	has_biolink:GeneOrGeneProduct
10.17917	hgnc:24116	HasGeneorgeneproduct	"tabular_data;experimental_data"	has_biolink:GeneOrGeneProduct
10.17917	hgnc:18188	HasGeneorgeneproduct	"tabular_data;experimental_data"	has_biolink:GeneOrGeneProduct
10.17917	hgnc:28889	HasGeneorgeneproduct	"tabular_data;experimental_data"	has_biolink:GeneOrGeneProduct
10.17917	hgnc:2351	HasGeneorgeneproduct	"tabular_data;experimental_data"	has_biolink:GeneOrGeneProduct
10.17917	hgnc:25235	HasGeneorgeneproduct	"tabular_data;experimental_data"	has_biolink:GeneOrGeneProduct
10.17917	hgnc:13945	HasGeneorgeneproduct	"tabular_data;experimental_data"	has_biolink:GeneOrGeneProduct
10.17917	hgnc:16287	HasGeneorgeneproduct	"tabular_data;experimental_data"	has_biolink:GeneOrGeneProduct
10.17917	hgnc:6510	HasGeneorgeneproduct	"tabular_data;experimental_data"	has_biolink:GeneOrGeneProduct
10.17917	hgnc:9784	HasGeneorgeneproduct	"tabular_data;experimental_data"	has_biolink:GeneOrGeneProduct
10.17917	hgnc:22301	HasGeneorgeneproduct	"tabular_data;experimental_data"	has_biolink:GeneOrGeneProduct
10.17917	hgnc:5387	HasGeneorgeneproduct	"tabular_data;experimental_data"	has_biolink:GeneOrGeneProduct
10.17917	hgnc:15667	HasGeneorgeneproduct	"tabular_data;experimental_data"	has_biolink:GeneOrGeneProduct
10.17917	hgnc:15461	HasGeneorgeneproduct	"tabular_data;experimental_data"	has_biolink:GeneOrGeneProduct
10.17917	hgnc:18704	HasGeneorgeneproduct	"tabular_data;experimental_data"	has_biolink:GeneOrGeneProduct
10.17917	hgnc:17317	HasGeneorgeneproduct	"tabular_data;experimental_data"	has_biolink:GeneOrGeneProduct
10.17917	hgnc:4236	HasGeneorgeneproduct	"tabular_data;experimental_data"	has_biolink:GeneOrGeneProduct
10.17917	hgnc:18453	HasGeneorgeneproduct	"tabular_data;experimental_data"	has_biolink:GeneOrGeneProduct
10.17917	hgnc:708	HasGeneorgeneproduct	"tabular_data;experimental_data"	has_biolink:GeneOrGeneProduct
10.17917	fplx:GST	HasMacromolecularcomplexorproteinfamily	"tabular_data;experimental_data"	has_biolink:MacromolecularComplexOrProteinFamily
10.17917	hgnc:10494	HasGeneorgeneproduct	"tabular_data;experimental_data"	has_biolink:GeneOrGeneProduct
10.17917	hgnc:10056	HasGeneorgeneproduct	"tabular_data;experimental_data"	has_biolink:GeneOrGeneProduct
10.17917	hgnc:3597	HasGeneorgeneproduct	"tabular_data;experimental_data"	has_biolink:GeneOrGeneProduct
10.17917	hgnc:27609	HasGeneorgeneproduct	"tabular_data;experimental_data"	has_biolink:GeneOrGeneProduct
10.17917	hgnc:10349	HasGeneorgeneproduct	"tabular_data;experimental_data"	has_biolink:GeneOrGeneProduct
10.17917	hgnc:9662	HasGeneorgeneproduct	"tabular_data;experimental_data"	has_biolink:GeneOrGeneProduct
10.17917	fplx:TXN	HasMacromolecularcomplexorproteinfamily	"tabular_data;experimental_data"	has_biolink:MacromolecularComplexOrProteinFamily
10.17917	hgnc:17150	HasGeneorgeneproduct	"tabular_data;experimental_data"	has_biolink:GeneOrGeneProduct
10.17917	hgnc:21721	HasGeneorgeneproduct	"tabular_data;experimental_data"	has_biolink:GeneOrGeneProduct
10.17917	hgnc:24867	HasGeneorgeneproduct	"tabular_data;experimental_data"	has_biolink:GeneOrGeneProduct
10.17917	hgnc:12643	HasGeneorgeneproduct	"tabular_data;experimental_data"	has_biolink:GeneOrGeneProduct
10.17917	hgnc:12644	HasGeneorgeneproduct	"tabular_data;experimental_data"	has_biolink:GeneOrGeneProduct
10.17917	mesh:D004798	HasGeneorgeneproduct	"tabular_data;experimental_data"	has_biolink:GeneOrGeneProduct
10.17917	hgnc:17902	HasGeneorgeneproduct	"tabular_data;experimental_data"	has_biolink:GeneOrGeneProduct
10.17917	hgnc:12651	HasGeneorgeneproduct	"tabular_data;experimental_data"	has_biolink:GeneOrGeneProduct
10.17917	hgnc:11160	HasGeneorgeneproduct	"tabular_data;experimental_data"	has_biolink:GeneOrGeneProduct
10.17917	hgnc:1481	HasGeneorgeneproduct	"tabular_data;experimental_data"	has_biolink:GeneOrGeneProduct
10.17917	hgnc:11325	HasGeneorgeneproduct	"tabular_data;experimental_data"	has_biolink:GeneOrGeneProduct
10.17917	hgnc:5010	HasGeneorgeneproduct	"tabular_data;experimental_data"	has_biolink:GeneOrGeneProduct
10.17917	hgnc:17970	HasGeneorgeneproduct	"tabular_data;experimental_data"	has_biolink:GeneOrGeneProduct
10.17917	hgnc:10011	HasGeneorgeneproduct	"tabular_data;experimental_data"	has_biolink:GeneOrGeneProduct
10.17917	hgnc:10351	HasGeneorgeneproduct	"tabular_data;experimental_data"	has_biolink:GeneOrGeneProduct
10.17917	hgnc:26467	HasGeneorgeneproduct	"tabular_data;experimental_data"	has_biolink:GeneOrGeneProduct
10.17917	hgnc:2846	HasGeneorgeneproduct	"tabular_data;experimental_data"	has_biolink:GeneOrGeneProduct
10.17917	hgnc:7193	HasGeneorgeneproduct	"tabular_data;experimental_data"	has_biolink:GeneOrGeneProduct
10.17917	hgnc:2013	HasGeneorgeneproduct	"tabular_data;experimental_data"	has_biolink:GeneOrGeneProduct
10.17917	fplx:Adaptor_protein_III	HasMacromolecularcomplexorproteinfamily	"tabular_data;experimental_data"	has_biolink:MacromolecularComplexOrProteinFamily
10.17917	hgnc:29523	HasGeneorgeneproduct	"tabular_data;experimental_data"	has_biolink:GeneOrGeneProduct
10.17917	hgnc:4312	HasGeneorgeneproduct	"tabular_data;experimental_data"	has_biolink:GeneOrGeneProduct
10.17917	hgnc:26097	HasGeneorgeneproduct	"tabular_data;experimental_data"	has_biolink:GeneOrGeneProduct
10.17917	mesh:D016695	HasGeneorgeneproduct	"tabular_data;experimental_data"	has_biolink:GeneOrGeneProduct
10.17917	hgnc:18673	HasGeneorgeneproduct	"tabular_data;experimental_data"	has_biolink:GeneOrGeneProduct
10.17917	hgnc:3284	HasGeneorgeneproduct	"tabular_data;experimental_data"	has_biolink:GeneOrGeneProduct
10.17917	hgnc:914	HasGeneorgeneproduct	"tabular_data;experimental_data"	has_biolink:GeneOrGeneProduct
10.17917	hgnc:2741	HasGeneorgeneproduct	"tabular_data;experimental_data"	has_biolink:GeneOrGeneProduct
10.17917	fplx:COX	HasMacromolecularcomplexorproteinfamily	"tabular_data;experimental_data"	has_biolink:MacromolecularComplexOrProteinFamily
10.17917	hgnc:7377	HasGeneorgeneproduct	"tabular_data;experimental_data"	has_biolink:GeneOrGeneProduct
10.17917	hgnc:693	HasGeneorgeneproduct	"tabular_data;experimental_data"	has_biolink:GeneOrGeneProduct
10.17917	hgnc:29198	HasGeneorgeneproduct	"tabular_data;experimental_data"	has_biolink:GeneOrGeneProduct
10.17917	hgnc:14137	HasGeneorgeneproduct	"tabular_data;experimental_data"	has_biolink:GeneOrGeneProduct
10.17917	hgnc:17793	HasGeneorgeneproduct	"tabular_data;experimental_data"	has_biolink:GeneOrGeneProduct
10.17917	hgnc:18065	HasGeneorgeneproduct	"tabular_data;experimental_data"	has_biolink:GeneOrGeneProduct
10.17917	hgnc:18178	HasGeneorgeneproduct	"tabular_data;experimental_data"	has_biolink:GeneOrGeneProduct
10.17917	hgnc:21709	HasGeneorgeneproduct	"tabular_data;experimental_data"	has_biolink:GeneOrGeneProduct
10.17917	hgnc:12478	HasGeneorgeneproduct	"tabular_data;experimental_data"	has_biolink:GeneOrGeneProduct
10.17917	hgnc:13851	HasGeneorgeneproduct	"tabular_data;experimental_data"	has_biolink:GeneOrGeneProduct
10.17917	hgnc:25945	HasGeneorgeneproduct	"tabular_data;experimental_data"	has_biolink:GeneOrGeneProduct
10.17917	hgnc:24212	HasGeneorgeneproduct	"tabular_data;experimental_data"	has_biolink:GeneOrGeneProduct
10.17917	hgnc:26435	HasGeneorgeneproduct	"tabular_data;experimental_data"	has_biolink:GeneOrGeneProduct
10.17917	hgnc:24077	HasGeneorgeneproduct	"tabular_data;experimental_data"	has_biolink:GeneOrGeneProduct
10.17917	hgnc:25846	HasGeneorgeneproduct	"tabular_data;experimental_data"	has_biolink:GeneOrGeneProduct
10.17917	hgnc:6053	HasGeneorgeneproduct	"tabular_data;experimental_data"	has_biolink:GeneOrGeneProduct
10.17917	hgnc:9848	HasGeneorgeneproduct	"tabular_data;experimental_data"	has_biolink:GeneOrGeneProduct
10.17917	hgnc:11164	HasGeneorgeneproduct	"tabular_data;experimental_data"	has_biolink:GeneOrGeneProduct
10.17917	hgnc:14152	HasGeneorgeneproduct	"tabular_data;experimental_data"	has_biolink:GeneOrGeneProduct
10.17917	hgnc:9635	HasGeneorgeneproduct	"tabular_data;experimental_data"	has_biolink:GeneOrGeneProduct
10.17917	hgnc:9634	HasGeneorgeneproduct	"tabular_data;experimental_data"	has_biolink:GeneOrGeneProduct
10.17917	hgnc:4535	HasGeneorgeneproduct	"tabular_data;experimental_data"	has_biolink:GeneOrGeneProduct
10.17917	hgnc:8889	HasGeneorgeneproduct	"tabular_data;experimental_data"	has_biolink:GeneOrGeneProduct
10.17917	hgnc:18476	HasGeneorgeneproduct	"tabular_data;experimental_data"	has_biolink:GeneOrGeneProduct
10.17917	hgnc:10416	HasGeneorgeneproduct	"tabular_data;experimental_data"	has_biolink:GeneOrGeneProduct
10.17917	hgnc:9839	HasGeneorgeneproduct	"tabular_data;experimental_data"	has_biolink:GeneOrGeneProduct
10.17917	hgnc:2577	HasGeneorgeneproduct	"tabular_data;experimental_data"	has_biolink:GeneOrGeneProduct
10.17917	hgnc:11159	HasGeneorgeneproduct	"tabular_data;experimental_data"	has_biolink:GeneOrGeneProduct
10.17917	go:0030532	HasMacromolecularcomplexorproteinfamily	"tabular_data;experimental_data"	has_biolink:MacromolecularComplexOrProteinFamily
10.17917	hgnc:3711	HasGeneorgeneproduct	"tabular_data;experimental_data"	has_biolink:GeneOrGeneProduct
10.17917	go:0048039	HasBiologicalprocess	"tabular_data;experimental_data"	has_biolink:BiologicalProcess
10.17917	hgnc:18085	HasGeneorgeneproduct	"tabular_data;experimental_data"	has_biolink:GeneOrGeneProduct
10.17917	hgnc:195	HasGeneorgeneproduct	"tabular_data;experimental_data"	has_biolink:GeneOrGeneProduct
10.17917	hgnc:33454	HasGeneorgeneproduct	"tabular_data;experimental_data"	has_biolink:GeneOrGeneProduct
10.17917	hgnc:9750	HasGeneorgeneproduct	"tabular_data;experimental_data"	has_biolink:GeneOrGeneProduct
10.17917	hgnc:18000	HasGeneorgeneproduct	"tabular_data;experimental_data"	has_biolink:GeneOrGeneProduct
10.17917	hgnc:3560	HasGeneorgeneproduct	"tabular_data;experimental_data"	has_biolink:GeneOrGeneProduct
10.17917	hgnc:28977	HasGeneorgeneproduct	"tabular_data;experimental_data"	has_biolink:GeneOrGeneProduct
10.17917	hgnc:30547	HasGeneorgeneproduct	"tabular_data;experimental_data"	has_biolink:GeneOrGeneProduct
10.17917	hgnc:22992	HasGeneorgeneproduct	"tabular_data;experimental_data"	has_biolink:GeneOrGeneProduct
10.17917	hgnc:15937	HasGeneorgeneproduct	"tabular_data;experimental_data"	has_biolink:GeneOrGeneProduct
10.17917	hgnc:12005	HasGeneorgeneproduct	"tabular_data;experimental_data"	has_biolink:GeneOrGeneProduct
10.17917	hgnc:29629	HasGeneorgeneproduct	"tabular_data;experimental_data"	has_biolink:GeneOrGeneProduct
10.17917	hgnc:25541	HasGeneorgeneproduct	"tabular_data;experimental_data"	has_biolink:GeneOrGeneProduct
10.17917	mesh:D012339	HasSmallmolecule	"tabular_data;experimental_data"	has_biolink:SmallMolecule
10.17917	hgnc:3754	HasGeneorgeneproduct	"tabular_data;experimental_data"	has_biolink:GeneOrGeneProduct
10.17917	hgnc:13164	HasGeneorgeneproduct	"tabular_data;experimental_data"	has_biolink:GeneOrGeneProduct
10.17917	hgnc:2901	HasGeneorgeneproduct	"tabular_data;experimental_data"	has_biolink:GeneOrGeneProduct
10.17917	chebi:28300	HasSmallmolecule	"tabular_data;experimental_data"	has_biolink:SmallMolecule
10.17917	hgnc:3279	HasGeneorgeneproduct	"tabular_data;experimental_data"	has_biolink:GeneOrGeneProduct
10.17917	hgnc:18703	HasGeneorgeneproduct	"tabular_data;experimental_data"	has_biolink:GeneOrGeneProduct
10.17917	hgnc:697	HasGeneorgeneproduct	"tabular_data;experimental_data"	has_biolink:GeneOrGeneProduct
10.17917	hgnc:19909	HasGeneorgeneproduct	"tabular_data;experimental_data"	has_biolink:GeneOrGeneProduct
10.17917	hgnc:15741	HasGeneorgeneproduct	"tabular_data;experimental_data"	has_biolink:GeneOrGeneProduct
10.17917	fplx:Arp2_3_protein	HasMacromolecularcomplexorproteinfamily	"tabular_data;experimental_data"	has_biolink:MacromolecularComplexOrProteinFamily
10.17917	chebi:33913	HasSmallmolecule	"tabular_data;experimental_data"	has_biolink:SmallMolecule
10.17917	hgnc:28032	HasGeneorgeneproduct	"tabular_data;experimental_data"	has_biolink:GeneOrGeneProduct
10.17917	hgnc:2186	HasGeneorgeneproduct	"tabular_data;experimental_data"	has_biolink:GeneOrGeneProduct
10.17917	hgnc:18595	HasGeneorgeneproduct	"tabular_data;experimental_data"	has_biolink:GeneOrGeneProduct
10.17917	fplx:Dynein	HasMacromolecularcomplexorproteinfamily	"tabular_data;experimental_data"	has_biolink:MacromolecularComplexOrProteinFamily
10.17917	hgnc:17800	HasGeneorgeneproduct	"tabular_data;experimental_data"	has_biolink:GeneOrGeneProduct
10.17917	fplx:SPTB	HasMacromolecularcomplexorproteinfamily	"tabular_data;experimental_data"	has_biolink:MacromolecularComplexOrProteinFamily
10.17917	mesh:D006900	HasBiologicalprocess	"tabular_data;experimental_data"	has_biolink:BiologicalProcess
10.17917	hgnc:29801	HasGeneorgeneproduct	"tabular_data;experimental_data"	has_biolink:GeneOrGeneProduct
10.17917	hgnc:21645	HasGeneorgeneproduct	"tabular_data;experimental_data"	has_biolink:GeneOrGeneProduct
10.17917	hgnc:26059	HasGeneorgeneproduct	"tabular_data;experimental_data"	has_biolink:GeneOrGeneProduct
10.17917	hgnc:7619	HasGeneorgeneproduct	"tabular_data;experimental_data"	has_biolink:GeneOrGeneProduct
10.17917	hgnc:13210	HasGeneorgeneproduct	"tabular_data;experimental_data"	has_biolink:GeneOrGeneProduct
10.17917	hgnc:37242	HasGeneorgeneproduct	"tabular_data;experimental_data"	has_biolink:GeneOrGeneProduct
10.17917	hgnc:9057	HasGeneorgeneproduct	"tabular_data;experimental_data"	has_biolink:GeneOrGeneProduct
10.17917	hgnc:20996	HasGeneorgeneproduct	"tabular_data;experimental_data"	has_biolink:GeneOrGeneProduct
10.17917	mesh:D013937	HasGeneorgeneproduct	"tabular_data;experimental_data"	has_biolink:GeneOrGeneProduct
10.17917	hgnc:28777	HasGeneorgeneproduct	"tabular_data;experimental_data"	has_biolink:GeneOrGeneProduct
10.17917	hgnc:26649	HasGeneorgeneproduct	"tabular_data;experimental_data"	has_biolink:GeneOrGeneProduct
10.17917	hgnc:28727	HasGeneorgeneproduct	"tabular_data;experimental_data"	has_biolink:GeneOrGeneProduct
10.17917	hgnc:9623	HasGeneorgeneproduct	"tabular_data;experimental_data"	has_biolink:GeneOrGeneProduct
10.17917	hgnc:18646	HasGeneorgeneproduct	"tabular_data;experimental_data"	has_biolink:GeneOrGeneProduct
10.17917	hgnc:15750	HasGeneorgeneproduct	"tabular_data;experimental_data"	has_biolink:GeneOrGeneProduct
10.17917	hgnc:24534	HasGeneorgeneproduct	"tabular_data;experimental_data"	has_biolink:GeneOrGeneProduct
10.17917	hgnc:11344	HasGeneorgeneproduct	"tabular_data;experimental_data"	has_biolink:GeneOrGeneProduct
10.17917	hgnc:18626	HasGeneorgeneproduct	"tabular_data;experimental_data"	has_biolink:GeneOrGeneProduct
10.17917	hgnc:21705	HasGeneorgeneproduct	"tabular_data;experimental_data"	has_biolink:GeneOrGeneProduct
10.17917	hgnc:361	HasGeneorgeneproduct	"tabular_data;experimental_data"	has_biolink:GeneOrGeneProduct
10.17917	hgnc:2768	HasGeneorgeneproduct	"tabular_data;experimental_data"	has_biolink:GeneOrGeneProduct
10.17917	hgnc:24264	HasGeneorgeneproduct	"tabular_data;experimental_data"	has_biolink:GeneOrGeneProduct
10.17917	hgnc:17176	HasGeneorgeneproduct	"tabular_data;experimental_data"	has_biolink:GeneOrGeneProduct
10.17917	hgnc:23927	HasGeneorgeneproduct	"tabular_data;experimental_data"	has_biolink:GeneOrGeneProduct
10.17917	hgnc:9794	HasGeneorgeneproduct	"tabular_data;experimental_data"	has_biolink:GeneOrGeneProduct
10.17917	hgnc:21895	HasGeneorgeneproduct	"tabular_data;experimental_data"	has_biolink:GeneOrGeneProduct
10.17917	hgnc:8557	HasGeneorgeneproduct	"tabular_data;experimental_data"	has_biolink:GeneOrGeneProduct
10.17917	hgnc:12645	HasGeneorgeneproduct	"tabular_data;experimental_data"	has_biolink:GeneOrGeneProduct
10.17917	hgnc:13266	HasGeneorgeneproduct	"tabular_data;experimental_data"	has_biolink:GeneOrGeneProduct
10.17917	hgnc:18280	HasGeneorgeneproduct	"tabular_data;experimental_data"	has_biolink:GeneOrGeneProduct
10.17917	hgnc:29931	HasGeneorgeneproduct	"tabular_data;experimental_data"	has_biolink:GeneOrGeneProduct
10.17917	hgnc:4556	HasGeneorgeneproduct	"tabular_data;experimental_data"	has_biolink:GeneOrGeneProduct
10.17917	mesh:C109736	HasGeneorgeneproduct	"tabular_data;experimental_data"	has_biolink:GeneOrGeneProduct
10.17917	hgnc:660	HasGeneorgeneproduct	"tabular_data;experimental_data"	has_biolink:GeneOrGeneProduct
10.17917	hgnc:4925	HasGeneorgeneproduct	"tabular_data;experimental_data"	has_biolink:GeneOrGeneProduct
10.17917	hgnc:9278	HasGeneorgeneproduct	"tabular_data;experimental_data"	has_biolink:GeneOrGeneProduct
10.17917	hgnc:30077	HasGeneorgeneproduct	"tabular_data;experimental_data"	has_biolink:GeneOrGeneProduct
10.17917	chebi:17053	HasSmallmolecule	"tabular_data;experimental_data"	has_biolink:SmallMolecule
10.17917	hgnc:28853	HasGeneorgeneproduct	"tabular_data;experimental_data"	has_biolink:GeneOrGeneProduct
10.17917	hgnc:20715	HasGeneorgeneproduct	"tabular_data;experimental_data"	has_biolink:GeneOrGeneProduct
10.17917	hgnc:15873	HasGeneorgeneproduct	"tabular_data;experimental_data"	has_biolink:GeneOrGeneProduct
10.17917	hgnc:10732	HasGeneorgeneproduct	"tabular_data;experimental_data"	has_biolink:GeneOrGeneProduct
10.17917	hgnc:30181	HasGeneorgeneproduct	"tabular_data;experimental_data"	has_biolink:GeneOrGeneProduct
10.17917	mesh:D005092	HasGeneorgeneproduct	"tabular_data;experimental_data"	has_biolink:GeneOrGeneProduct
10.17917	hgnc:7107	HasGeneorgeneproduct	"tabular_data;experimental_data"	has_biolink:GeneOrGeneProduct
10.17917	hgnc:19942	HasGeneorgeneproduct	"tabular_data;experimental_data"	has_biolink:GeneOrGeneProduct
10.17917	hgnc:4138	HasGeneorgeneproduct	"tabular_data;experimental_data"	has_biolink:GeneOrGeneProduct
10.17917	hgnc:2264	HasGeneorgeneproduct	"tabular_data;experimental_data"	has_biolink:GeneOrGeneProduct
10.17917	hgnc:24325	HasGeneorgeneproduct	"tabular_data;experimental_data"	has_biolink:GeneOrGeneProduct
10.17917	hgnc:10377	HasGeneorgeneproduct	"tabular_data;experimental_data"	has_biolink:GeneOrGeneProduct
10.17917	hgnc:9556	HasGeneorgeneproduct	"tabular_data;experimental_data"	has_biolink:GeneOrGeneProduct
10.17917	hgnc:12652	HasGeneorgeneproduct	"tabular_data;experimental_data"	has_biolink:GeneOrGeneProduct
10.17917	hgnc:25358	HasGeneorgeneproduct	"tabular_data;experimental_data"	has_biolink:GeneOrGeneProduct
10.17917	hgnc:3477	HasGeneorgeneproduct	"tabular_data;experimental_data"	has_biolink:GeneOrGeneProduct
10.17917	hgnc:6157	HasGeneorgeneproduct	"tabular_data;experimental_data"	has_biolink:GeneOrGeneProduct
10.17917	hgnc:17546	HasGeneorgeneproduct	"tabular_data;experimental_data"	has_biolink:GeneOrGeneProduct
10.17917	hgnc:18658	HasGeneorgeneproduct	"tabular_data;experimental_data"	has_biolink:GeneOrGeneProduct
10.17917	hgnc:20731	HasGeneorgeneproduct	"tabular_data;experimental_data"	has_biolink:GeneOrGeneProduct
10.17917	hgnc:2744	HasGeneorgeneproduct	"tabular_data;experimental_data"	has_biolink:GeneOrGeneProduct
10.17917	hgnc:11589	HasGeneorgeneproduct	"tabular_data;experimental_data"	has_biolink:GeneOrGeneProduct
10.17917	hgnc:9789	HasGeneorgeneproduct	"tabular_data;experimental_data"	has_biolink:GeneOrGeneProduct
10.17917	hgnc:28640	HasGeneorgeneproduct	"tabular_data;experimental_data"	has_biolink:GeneOrGeneProduct
10.17917	hgnc:4122	HasGeneorgeneproduct	"tabular_data;experimental_data"	has_biolink:GeneOrGeneProduct
10.17917	hgnc:10397	HasGeneorgeneproduct	"tabular_data;experimental_data"	has_biolink:GeneOrGeneProduct
10.17917	hgnc:17217	HasGeneorgeneproduct	"tabular_data;experimental_data"	has_biolink:GeneOrGeneProduct
10.17917	hgnc:17821	HasGeneorgeneproduct	"tabular_data;experimental_data"	has_biolink:GeneOrGeneProduct
10.17917	hgnc:13917	HasGeneorgeneproduct	"tabular_data;experimental_data"	has_biolink:GeneOrGeneProduct
10.17917	hgnc:26783	HasGeneorgeneproduct	"tabular_data;experimental_data"	has_biolink:GeneOrGeneProduct
10.17917	hgnc:25697	HasGeneorgeneproduct	"tabular_data;experimental_data"	has_biolink:GeneOrGeneProduct
10.17917	hgnc:9561	HasGeneorgeneproduct	"tabular_data;experimental_data"	has_biolink:GeneOrGeneProduct
10.17917	hgnc:10074	HasGeneorgeneproduct	"tabular_data;experimental_data"	has_biolink:GeneOrGeneProduct
10.17917	hgnc:21533	HasGeneorgeneproduct	"tabular_data;experimental_data"	has_biolink:GeneOrGeneProduct
10.17917	hgnc:9854	HasGeneorgeneproduct	"tabular_data;experimental_data"	has_biolink:GeneOrGeneProduct
10.17917	hgnc:6561	HasGeneorgeneproduct	"tabular_data;experimental_data"	has_biolink:GeneOrGeneProduct
10.17917	hgnc:11655	HasGeneorgeneproduct	"tabular_data;experimental_data"	has_biolink:GeneOrGeneProduct
10.17917	hgnc:17791	HasGeneorgeneproduct	"tabular_data;experimental_data"	has_biolink:GeneOrGeneProduct
10.17917	hgnc:27291	HasGeneorgeneproduct	"tabular_data;experimental_data"	has_biolink:GeneOrGeneProduct
10.17917	hgnc:12485	HasGeneorgeneproduct	"tabular_data;experimental_data"	has_biolink:GeneOrGeneProduct
10.17917	hgnc:9722	HasGeneorgeneproduct	"tabular_data;experimental_data"	has_biolink:GeneOrGeneProduct
10.17917	hgnc:25944	HasGeneorgeneproduct	"tabular_data;experimental_data"	has_biolink:GeneOrGeneProduct
10.17917	hgnc:6402	HasGeneorgeneproduct	"tabular_data;experimental_data"	has_biolink:GeneOrGeneProduct
10.17917	hgnc:27088	HasGeneorgeneproduct	"tabular_data;experimental_data"	has_biolink:GeneOrGeneProduct
10.17917	hgnc:16920	HasGeneorgeneproduct	"tabular_data;experimental_data"	has_biolink:GeneOrGeneProduct
10.17917	hgnc:10606	HasGeneorgeneproduct	"tabular_data;experimental_data"	has_biolink:GeneOrGeneProduct
10.17917	go:0042043	HasBiologicalprocess	"tabular_data;experimental_data"	has_biolink:BiologicalProcess
10.17917	hgnc:11619	HasGeneorgeneproduct	"tabular_data;experimental_data"	has_biolink:GeneOrGeneProduct
10.17917	hgnc:17894	HasGeneorgeneproduct	"tabular_data;experimental_data"	has_biolink:GeneOrGeneProduct
10.17917	hgnc:10975	HasGeneorgeneproduct	"tabular_data;experimental_data"	has_biolink:GeneOrGeneProduct
10.17917	hgnc:4921	HasGeneorgeneproduct	"tabular_data;experimental_data"	has_biolink:GeneOrGeneProduct
10.17917	hgnc:21237	HasGeneorgeneproduct	"tabular_data;experimental_data"	has_biolink:GeneOrGeneProduct
10.17917	go:0043687	HasBiologicalprocess	"tabular_data;experimental_data"	has_biolink:BiologicalProcess
10.17917	efo:0002158	HasExperimentalFactor	"tabular_data;experimental_data"	has_experimental_factor
10.17917	chebi:140163	HasSmallmolecule	"tabular_data;experimental_data"	has_biolink:SmallMolecule
10.17917	chebi:156296	HasSmallmolecule	"tabular_data;experimental_data"	has_biolink:SmallMolecule
10.17917	chebi:140166	HasSmallmolecule	"tabular_data;experimental_data"	has_biolink:SmallMolecule
10.17917	chebi:208399	HasSmallmolecule	"tabular_data;experimental_data"	has_biolink:SmallMolecule
10.17917	hgnc:14121	HasGeneorgeneproduct	"tabular_data;experimental_data"	has_biolink:GeneOrGeneProduct
10.17917	chebi:36825	HasSmallmolecule	"tabular_data;experimental_data"	has_biolink:SmallMolecule
10.17917	mesh:C017967	HasSmallmolecule	"tabular_data;experimental_data"	has_biolink:SmallMolecule
10.17917	hgnc:18046	HasRnaproduct	"tabular_data;experimental_data"	has_biolink:RNAProduct
10.17917	efo:0005833	HasExperimentalFactor	"tabular_data;experimental_data"	has_experimental_factor
10.17917	hgnc:6421	HasGeneorgeneproduct	"tabular_data;experimental_data"	has_biolink:GeneOrGeneProduct
10.17917	uniprot:P03129	HasGeneorgeneproduct	"tabular_data;experimental_data"	has_biolink:GeneOrGeneProduct
10.17917	hgnc:6292	HasGeneorgeneproduct	"tabular_data;experimental_data"	has_biolink:GeneOrGeneProduct
10.17917	chebi:140172	HasSmallmolecule	"tabular_data;experimental_data"	has_biolink:SmallMolecule
10.17917	hgnc:14106	HasGeneorgeneproduct	"tabular_data;experimental_data"	has_biolink:GeneOrGeneProduct
10.17917	efo:0004028	HasExperimentalFactor	"tabular_data;experimental_data"	has_experimental_factor
10.17917	efo:0002711	HasExperimentalFactor	"tabular_data;experimental_data"	has_experimental_factor
10.17917	hgnc:6446	HasGeneorgeneproduct	"tabular_data;experimental_data"	has_biolink:GeneOrGeneProduct
10.17917	hgnc:1565	HasGeneorgeneproduct	"tabular_data;experimental_data"	has_biolink:GeneOrGeneProduct
10.17917	efo:0005838	HasExperimentalFactor	"tabular_data;experimental_data"	has_experimental_factor
10.17917	hgnc:24893	HasGeneorgeneproduct	"tabular_data;experimental_data"	has_biolink:GeneOrGeneProduct
10.17917	hgnc:14417	HasGeneorgeneproduct	"tabular_data;experimental_data"	has_biolink:GeneOrGeneProduct
10.17917	mesh:C005629	HasGeneorgeneproduct	"tabular_data;experimental_data"	has_biolink:GeneOrGeneProduct
10.17917	hgnc:6441	HasGeneorgeneproduct	"tabular_data;experimental_data"	has_biolink:GeneOrGeneProduct
10.17917	hgnc:6442	HasGeneorgeneproduct	"tabular_data;experimental_data"	has_biolink:GeneOrGeneProduct
10.17917	hgnc:18527	HasGeneorgeneproduct	"tabular_data;experimental_data"	has_biolink:GeneOrGeneProduct
10.17917	hgnc:2959	HasGeneorgeneproduct	"tabular_data;experimental_data"	has_biolink:GeneOrGeneProduct
10.17917	hgnc:23088	HasGeneorgeneproduct	"tabular_data;experimental_data"	has_biolink:GeneOrGeneProduct
10.17917	hgnc:15781	HasGeneorgeneproduct	"tabular_data;experimental_data"	has_biolink:GeneOrGeneProduct
10.17917	hgnc:10489	HasGeneorgeneproduct	"tabular_data;experimental_data"	has_biolink:GeneOrGeneProduct
10.17917	efo:0003056	HasExperimentalFactor	"tabular_data;experimental_data"	has_experimental_factor
10.17917	fplx:C1	HasMacromolecularcomplexorproteinfamily	"tabular_data;experimental_data"	has_biolink:MacromolecularComplexOrProteinFamily
10.17917	efo:0007032	HasExperimentalFactor	"tabular_data;experimental_data"	has_experimental_factor
10.17917	hgnc:9969	HasGeneorgeneproduct	"tabular_data;experimental_data"	has_biolink:GeneOrGeneProduct
10.17917	chebi:34827	HasSmallmolecule	"tabular_data;experimental_data"	has_biolink:SmallMolecule
10.17917	chebi:140167	HasSmallmolecule	"tabular_data;experimental_data"	has_biolink:SmallMolecule
10.17917	hgnc:983	HasGeneorgeneproduct	"tabular_data;experimental_data"	has_biolink:GeneOrGeneProduct
10.17917	chebi:51083	HasSmallmolecule	"tabular_data;experimental_data"	has_biolink:SmallMolecule
10.17917	efo:0001230	HasExperimentalFactor	"tabular_data;experimental_data"	has_experimental_factor
10.17917	hgnc:43788	HasGene	"tabular_data;experimental_data"	has_biolink:Gene
10.17917	hgnc:21367	HasGeneorgeneproduct	"tabular_data;experimental_data"	has_biolink:GeneOrGeneProduct
10.17917	hgnc:1323	HasGeneorgeneproduct	"tabular_data;experimental_data"	has_biolink:GeneOrGeneProduct
10.17917	chebi:140154	HasSmallmolecule	"tabular_data;experimental_data"	has_biolink:SmallMolecule
10.17917	chebi:34826	HasSmallmolecule	"tabular_data;experimental_data"	has_biolink:SmallMolecule
10.17917	hgnc:18006	HasGeneorgeneproduct	"tabular_data;experimental_data"	has_biolink:GeneOrGeneProduct
10.17917	hgnc:17944	HasGeneorgeneproduct	"tabular_data;experimental_data"	has_biolink:GeneOrGeneProduct
10.17917	hgnc:26787	HasGeneorgeneproduct	"tabular_data;experimental_data"	has_biolink:GeneOrGeneProduct
10.17917	hgnc:6413	HasGeneorgeneproduct	"tabular_data;experimental_data"	has_biolink:GeneOrGeneProduct
10.17917	hgnc:6412	HasGeneorgeneproduct	"tabular_data;experimental_data"	has_biolink:GeneOrGeneProduct
10.17917	hgnc:10511	HasGene	"tabular_data;experimental_data"	has_biolink:Gene
10.17917	hgnc:14579	HasGeneorgeneproduct	"tabular_data;experimental_data"	has_biolink:GeneOrGeneProduct
10.17917	hgnc:6414	HasGeneorgeneproduct	"tabular_data;experimental_data"	has_biolink:GeneOrGeneProduct
10.17917	hgnc:5489	HasGene	"tabular_data;experimental_data"	has_biolink:Gene
10.17917	hgnc:13686	HasGene	"tabular_data;experimental_data"	has_biolink:Gene
10.17917	efo:0002078	HasExperimentalFactor	"tabular_data;experimental_data"	has_experimental_factor
10.17917	chebi:87146	HasSmallmolecule	"tabular_data;experimental_data"	has_biolink:SmallMolecule
10.17917	efo:0005824	HasExperimentalFactor	"tabular_data;experimental_data"	has_experimental_factor
10.17917	hgnc:10499	HasGeneorgeneproduct	"tabular_data;experimental_data"	has_biolink:GeneOrGeneProduct
10.17917	hgnc:12499	HasGeneorgeneproduct	"tabular_data;experimental_data"	has_biolink:GeneOrGeneProduct
10.17917	hgnc:6448	HasGeneorgeneproduct	"tabular_data;experimental_data"	has_biolink:GeneOrGeneProduct
10.17917	hgnc:6447	HasGeneorgeneproduct	"tabular_data;experimental_data"	has_biolink:GeneOrGeneProduct
10.17917	chebi:75366	HasSmallmolecule	"tabular_data;experimental_data"	has_biolink:SmallMolecule
10.17917	uniprot:P03126	HasGeneorgeneproduct	"tabular_data;experimental_data"	has_biolink:GeneOrGeneProduct
10.17917	hgnc:6647	HasGeneorgeneproduct	"tabular_data;experimental_data"	has_biolink:GeneOrGeneProduct
10.17917	hgnc:12471	HasGeneorgeneproduct	"tabular_data;experimental_data"	has_biolink:GeneOrGeneProduct
10.17917	chebi:75167	HasSmallmolecule	"tabular_data;experimental_data"	has_biolink:SmallMolecule
10.17917	hgnc:14624	HasGeneorgeneproduct	"tabular_data;experimental_data"	has_biolink:GeneOrGeneProduct
10.17917	hgnc:22979	HasGeneorgeneproduct	"tabular_data;experimental_data"	has_biolink:GeneOrGeneProduct
10.17917	hgnc:11321	HasGeneorgeneproduct	"tabular_data;experimental_data"	has_biolink:GeneOrGeneProduct
10.17917	chebi:140175	HasSmallmolecule	"tabular_data;experimental_data"	has_biolink:SmallMolecule
10.17917	chebi:87145	HasSmallmolecule	"tabular_data;experimental_data"	has_biolink:SmallMolecule
10.17917	hgnc:10506	HasGene	"tabular_data;experimental_data"	has_biolink:Gene
10.17917	chebi:28875	HasSmallmolecule	"tabular_data;experimental_data"	has_biolink:SmallMolecule
10.17917	hgnc:6427	HasGeneorgeneproduct	"tabular_data;experimental_data"	has_biolink:GeneOrGeneProduct
10.17917	chebi:79310	HasSmallmolecule	"tabular_data;experimental_data"	has_biolink:SmallMolecule
10.17917	hgnc:29521	HasGeneorgeneproduct	"tabular_data;experimental_data"	has_biolink:GeneOrGeneProduct
10.17917	hgnc:1331	HasGeneorgeneproduct	"tabular_data;experimental_data"	has_biolink:GeneOrGeneProduct
10.17917	hgnc:3263	HasGeneorgeneproduct	"tabular_data;experimental_data"	has_biolink:GeneOrGeneProduct
10.17917	hgnc:6436	HasGeneorgeneproduct	"tabular_data;experimental_data"	has_biolink:GeneOrGeneProduct
10.17917	hgnc:13546	HasGeneorgeneproduct	"tabular_data;experimental_data"	has_biolink:GeneOrGeneProduct
10.17917	chebi:140177	HasSmallmolecule	"tabular_data;experimental_data"	has_biolink:SmallMolecule
10.17917	hgnc:10510	HasGene	"tabular_data;experimental_data"	has_biolink:Gene
10.17917	hgnc:15590	HasGeneorgeneproduct	"tabular_data;experimental_data"	has_biolink:GeneOrGeneProduct
10.17917	hgnc:10115	HasRnaproduct	"tabular_data;experimental_data"	has_biolink:RNAProduct
10.17917	hgnc:10509	HasGene	"tabular_data;experimental_data"	has_biolink:Gene
10.17917	hgnc:10425	HasGeneorgeneproduct	"tabular_data;experimental_data"	has_biolink:GeneOrGeneProduct
10.17917	hgnc:19254	HasGeneorgeneproduct	"tabular_data;experimental_data"	has_biolink:GeneOrGeneProduct
10.17917	hgnc:3528	HasGeneorgeneproduct	"tabular_data;experimental_data"	has_biolink:GeneOrGeneProduct
10.17917	mesh:C064991	HasSmallmolecule	"tabular_data;experimental_data"	has_biolink:SmallMolecule
10.17917	hgnc:3688	HasGeneorgeneproduct	"tabular_data;experimental_data"	has_biolink:GeneOrGeneProduct
10.17917	hgnc:3542	HasGeneorgeneproduct	"tabular_data;experimental_data"	has_biolink:GeneOrGeneProduct
10.17917	hgnc:3535	HasGeneorgeneproduct	"tabular_data;experimental_data"	has_biolink:GeneOrGeneProduct
10.17917	hgnc:6210	HasGeneorgeneproduct	"tabular_data;experimental_data"	has_biolink:GeneOrGeneProduct
10.17917	chebi:75597	HasSmallmolecule	"tabular_data;experimental_data"	has_biolink:SmallMolecule
10.17917	hgnc:10507	HasGene	"tabular_data;experimental_data"	has_biolink:Gene
10.17917	chebi:222313	HasSmallmolecule	"tabular_data;experimental_data"	has_biolink:SmallMolecule
10.17917	efo:0005744	HasExperimentalFactor	"tabular_data;experimental_data"	has_experimental_factor
10.17917	efo:0002076	HasExperimentalFactor	"tabular_data;experimental_data"	has_experimental_factor
10.17917	fplx:E3_Ub_ligase	HasMacromolecularcomplexorproteinfamily	"tabular_data;experimental_data"	has_biolink:MacromolecularComplexOrProteinFamily
10.17917	hgnc:6438	HasGeneorgeneproduct	"tabular_data;experimental_data"	has_biolink:GeneOrGeneProduct
10.17917	hgnc:6437	HasGene	"tabular_data;experimental_data"	has_biolink:Gene
10.17917	hgnc:6445	HasGeneorgeneproduct	"tabular_data;experimental_data"	has_biolink:GeneOrGeneProduct
10.17917	hgnc:10505	HasGene	"tabular_data;experimental_data"	has_biolink:Gene
10.17917	hgnc:6416	HasGeneorgeneproduct	"tabular_data;experimental_data"	has_biolink:GeneOrGeneProduct
10.17917	chebi:87143	HasSmallmolecule	"tabular_data;experimental_data"	has_biolink:SmallMolecule
10.17917	hgnc:10369	HasGeneorgeneproduct	"tabular_data;experimental_data"	has_biolink:GeneOrGeneProduct
10.17917	efo:0001233	HasExperimentalFactor	"tabular_data;experimental_data"	has_experimental_factor
10.17917	chebi:83438	HasSmallmolecule	"tabular_data;experimental_data"	has_biolink:SmallMolecule
10.17917	hgnc:7896	HasGeneorgeneproduct	"tabular_data;experimental_data"	has_biolink:GeneOrGeneProduct
10.17917	hgnc:30842	HasGeneorgeneproduct	"tabular_data;experimental_data"	has_biolink:GeneOrGeneProduct
10.17917	chebi:35895	HasSmallmolecule	"tabular_data;experimental_data"	has_biolink:SmallMolecule
10.17917	hgnc:10508	HasGene	"tabular_data;experimental_data"	has_biolink:Gene
10.17917	fplx:Histone_H3	HasMacromolecularcomplexorproteinfamily	"tabular_data;experimental_data"	has_biolink:MacromolecularComplexOrProteinFamily
10.17917	hgnc:20412	HasGeneorgeneproduct	"tabular_data;experimental_data"	has_biolink:GeneOrGeneProduct
10.17917	hgnc:6430	HasGeneorgeneproduct	"tabular_data;experimental_data"	has_biolink:GeneOrGeneProduct
10.17917	efo:0001226	HasExperimentalFactor	"tabular_data;experimental_data"	has_experimental_factor
10.17917	hgnc:6423	HasGeneorgeneproduct	"tabular_data;experimental_data"	has_biolink:GeneOrGeneProduct
10.17917	hgnc:24599	HasGeneorgeneproduct	"tabular_data;experimental_data"	has_biolink:GeneOrGeneProduct
10.17917	chebi:76376	HasSmallmolecule	"tabular_data;experimental_data"	has_biolink:SmallMolecule
10.17917	hgnc:30840	HasGeneorgeneproduct	"tabular_data;experimental_data"	has_biolink:GeneOrGeneProduct
10.17917	hgnc:1788	HasGeneorgeneproduct	"tabular_data;experimental_data"	has_biolink:GeneOrGeneProduct
10.17917	hgnc:30841	HasGeneorgeneproduct	"tabular_data;experimental_data"	has_biolink:GeneOrGeneProduct
10.17917	hgnc:17888	HasGeneorgeneproduct	"tabular_data;experimental_data"	has_biolink:GeneOrGeneProduct
10.17917	hgnc:3551	HasGeneorgeneproduct	"tabular_data;experimental_data"	has_biolink:GeneOrGeneProduct
10.17917	mesh:C020845	HasSmallmolecule	"tabular_data;experimental_data"	has_biolink:SmallMolecule
10.17917	hgnc:6175	HasGeneorgeneproduct	"tabular_data;experimental_data"	has_biolink:GeneOrGeneProduct
10.17917	hgnc:10372	HasGeneorgeneproduct	"tabular_data;experimental_data"	has_biolink:GeneOrGeneProduct
10.17917	mesh:C040184	HasSmallmolecule	"tabular_data;experimental_data"	has_biolink:SmallMolecule
10.17917	hgnc:4471	HasGeneorgeneproduct	"tabular_data;experimental_data"	has_biolink:GeneOrGeneProduct
10.17917	fplx:IFNA	HasMacromolecularcomplexorproteinfamily	"tabular_data;experimental_data"	has_biolink:MacromolecularComplexOrProteinFamily
10.17917	mesh:D019921	HasExperimentalFactor	"tabular_data;experimental_data"	has_experimental_factor
10.17917	chebi:22733	HasSmallmolecule	"tabular_data;experimental_data"	has_biolink:SmallMolecule
10.17917	chebi:30089	HasSmallmolecule	"tabular_data;experimental_data"	has_biolink:SmallMolecule
10.17917	chebi:142593	HasSmallmolecule	"tabular_data;experimental_data"	has_biolink:SmallMolecule
10.17917	mesh:C017022	HasSmallmolecule	"tabular_data;experimental_data"	has_biolink:SmallMolecule
10.17917	chebi:30832	HasSmallmolecule	"tabular_data;experimental_data"	has_biolink:SmallMolecule
10.17917	chebi:36592	HasSmallmolecule	"tabular_data;experimental_data"	has_biolink:SmallMolecule
10.17917	chebi:45422	HasSmallmolecule	"tabular_data;experimental_data"	has_biolink:SmallMolecule
10.17917	chebi:17822	HasSmallmolecule	"tabular_data;experimental_data"	has_biolink:SmallMolecule
10.17917	chebi:41402	HasSmallmolecule	"tabular_data;experimental_data"	has_biolink:SmallMolecule
10.17917	chebi:21858	HasSmallmolecule	"tabular_data;experimental_data"	has_biolink:SmallMolecule
10.17917	go:0010133	HasBiologicalprocess	"tabular_data;experimental_data"	has_biolink:BiologicalProcess
10.17917	chebi:17153	HasSmallmolecule	"tabular_data;experimental_data"	has_biolink:SmallMolecule
10.17917	chebi:16000	HasSmallmolecule	"tabular_data;experimental_data"	has_biolink:SmallMolecule
10.17917	go:0051923	HasBiologicalprocess	"tabular_data;experimental_data"	has_biolink:BiologicalProcess
10.17917	chebi:29256	HasSmallmolecule	"tabular_data;experimental_data"	has_biolink:SmallMolecule
10.17917	chebi:15035	HasSmallmolecule	"tabular_data;experimental_data"	has_biolink:SmallMolecule
10.17917	mesh:C009054	HasSmallmolecule	"tabular_data;experimental_data"	has_biolink:SmallMolecule
10.17917	chebi:16830	HasSmallmolecule	"tabular_data;experimental_data"	has_biolink:SmallMolecule
10.17917	chebi:497734	HasSmallmolecule	"tabular_data;experimental_data"	has_biolink:SmallMolecule
10.17917	chebi:351346	HasSmallmolecule	"tabular_data;experimental_data"	has_biolink:SmallMolecule
10.17917	chebi:32952	HasSmallmolecule	"tabular_data;experimental_data"	has_biolink:SmallMolecule
10.17917	chebi:33372	HasSmallmolecule	"tabular_data;experimental_data"	has_biolink:SmallMolecule
10.17917	chebi:24712	HasSmallmolecule	"tabular_data;experimental_data"	has_biolink:SmallMolecule
10.17917	chebi:18257	HasSmallmolecule	"tabular_data;experimental_data"	has_biolink:SmallMolecule
10.17917	mesh:D008715	HasGeneorgeneproduct	"tabular_data;experimental_data"	has_biolink:GeneOrGeneProduct
10.17917	fplx:Natriuretic_peptide	HasMacromolecularcomplexorproteinfamily	"tabular_data;experimental_data"	has_biolink:MacromolecularComplexOrProteinFamily
10.17917	chebi:78014	HasSmallmolecule	"tabular_data;experimental_data"	has_biolink:SmallMolecule
10.17917	chebi:62801	HasSmallmolecule	"tabular_data;experimental_data"	has_biolink:SmallMolecule
10.17917	mesh:D001853	HasGrossanatomicalstructure	"tabular_data;experimental_data"	has_biolink:GrossAnatomicalStructure
10.17917	mesh:D007244	HasDisease	"tabular_data;experimental_data"	has_biolink:Disease
10.17917	chebi:60004	HasSmallmolecule	"tabular_data;experimental_data"	has_biolink:SmallMolecule
10.17917	fplx:STAT	HasMacromolecularcomplexorproteinfamily	"tabular_data;experimental_data"	has_biolink:MacromolecularComplexOrProteinFamily
10.17917	mesh:D007060	HasOther	"tabular_data;experimental_data"	has_other
10.17917	chebi:30704	HasSmallmolecule	"tabular_data;experimental_data"	has_biolink:SmallMolecule
10.17917	chebi:46756	HasSmallmolecule	"tabular_data;experimental_data"	has_biolink:SmallMolecule
10.17917	chebi:26833	HasSmallmolecule	"tabular_data;experimental_data"	has_biolink:SmallMolecule
10.17917	chebi:24866	HasSmallmolecule	"tabular_data;experimental_data"	has_biolink:SmallMolecule
10.17917	mesh:D000469	HasGeneorgeneproduct	"tabular_data;experimental_data"	has_biolink:GeneOrGeneProduct
10.17917	mesh:D001806	HasExperimentalFactor	"tabular_data;experimental_data"	has_experimental_factor
10.17917	mesh:D012712	HasGeneorgeneproduct	"tabular_data;experimental_data"	has_biolink:GeneOrGeneProduct
10.17917	hgnc:10909	HasGeneorgeneproduct	"tabular_data;experimental_data"	has_biolink:GeneOrGeneProduct
10.17917	fplx:VEGF	HasMacromolecularcomplexorproteinfamily	"tabular_data;experimental_data"	has_biolink:MacromolecularComplexOrProteinFamily
10.17917	efo:0002068	HasExperimentalFactor	"tabular_data;experimental_data"	has_experimental_factor
10.17917	chebi:59051	HasSmallmolecule	"tabular_data;experimental_data"	has_biolink:SmallMolecule
10.17917	mesh:D004194	HasDisease	"tabular_data;experimental_data"	has_biolink:Disease
10.17917	mesh:D053758	HasOther	"tabular_data;experimental_data"	has_other
10.17917	mesh:D009360	HasGrossanatomicalstructure	"tabular_data;experimental_data"	has_biolink:GrossAnatomicalStructure
10.17917	mesh:D014764	HasGeneorgeneproduct	"tabular_data;experimental_data"	has_biolink:GeneOrGeneProduct
10.17917	efo:0011061	HasExperimentalFactor	"tabular_data;experimental_data"	has_experimental_factor
10.17917	go:0009058	HasBiologicalprocess	"tabular_data;experimental_data"	has_biolink:BiologicalProcess
10.17917	mesh:D008722	HasExperimentalFactor	"tabular_data;experimental_data"	has_experimental_factor
10.17917	chebi:50828	HasSmallmolecule	"tabular_data;experimental_data"	has_biolink:SmallMolecule
10.17917	mesh:D049268	HasExperimentalFactor	"tabular_data;experimental_data"	has_experimental_factor
10.17917	go:0070527	HasBiologicalprocess	"tabular_data;experimental_data"	has_biolink:BiologicalProcess
10.17917	efo:0001444	HasExperimentalFactor	"tabular_data;experimental_data"	has_experimental_factor
10.17917	hgnc:22197	HasGeneorgeneproduct	"tabular_data;experimental_data"	has_biolink:GeneOrGeneProduct
10.17917	mesh:D010316	HasBiologicalprocess	"tabular_data;experimental_data"	has_biolink:BiologicalProcess
10.17917	hgnc:24456	HasGeneorgeneproduct	"tabular_data;experimental_data"	has_biolink:GeneOrGeneProduct
10.17917	efo:0008838	HasExperimentalFactor	"tabular_data;experimental_data"	has_experimental_factor
10.17917	mesh:D017550	HasExperimentalFactor	"tabular_data;experimental_data"	has_experimental_factor
10.17917	mesh:D014965	HasBiologicalprocess	"tabular_data;experimental_data"	has_biolink:BiologicalProcess
10.17917	mesh:D046529	HasExperimentalFactor	"tabular_data;experimental_data"	has_experimental_factor
10.17917	mesh:D014961	HasExperimentalFactor	"tabular_data;experimental_data"	has_experimental_factor
10.17917	mesh:D004731	HasSmallmolecule	"tabular_data;experimental_data"	has_biolink:SmallMolecule
10.17917	mesh:D016062	HasBiologicalprocess	"tabular_data;experimental_data"	has_biolink:BiologicalProcess
10.17917	mesh:D008970	HasBiologicalprocess	"tabular_data;experimental_data"	has_biolink:BiologicalProcess
10.17917	mesh:D013010	HasExperimentalFactor	"tabular_data;experimental_data"	has_experimental_factor
10.17917	mesh:D013535	HasSmallmolecule	"tabular_data;experimental_data"	has_biolink:SmallMolecule
10.17917	efo:0002326	HasExperimentalFactor	"tabular_data;experimental_data"	has_experimental_factor
10.17917	mesh:D000072078	HasExperimentalFactor	"tabular_data;experimental_data"	has_experimental_factor
10.17917	mesh:D000521	HasGeneorgeneproduct	"tabular_data;experimental_data"	has_biolink:GeneOrGeneProduct
10.17917	chebi:33342	HasSmallmolecule	"tabular_data;experimental_data"	has_biolink:SmallMolecule
10.17917	mesh:D011845	HasOther	"tabular_data;experimental_data"	has_other
10.17917	chebi:4356	HasSmallmolecule	"tabular_data;experimental_data"	has_biolink:SmallMolecule
10.17917	mesh:D007596	HasGrossanatomicalstructure	"tabular_data;experimental_data"	has_biolink:GrossAnatomicalStructure
10.17917	mesh:C038170	HasSmallmolecule	"tabular_data;experimental_data"	has_biolink:SmallMolecule
10.17917	mesh:D014116	HasOther	"tabular_data;experimental_data"	has_other
10.17917	chebi:75958	HasSmallmolecule	"tabular_data;experimental_data"	has_biolink:SmallMolecule
10.17917	go:0044546	HasBiologicalprocess	"tabular_data;experimental_data"	has_biolink:BiologicalProcess
10.17917	go:0006956	HasBiologicalprocess	"tabular_data;experimental_data"	has_biolink:BiologicalProcess
10.17917	mesh:D016207	HasGeneorgeneproduct	"tabular_data;experimental_data"	has_biolink:GeneOrGeneProduct
10.17917	go:0006914	HasBiologicalprocess	"tabular_data;experimental_data"	has_biolink:BiologicalProcess
10.17917	mesh:D014462	HasExperimentalFactor	"tabular_data;experimental_data"	has_experimental_factor
10.17917	mesh:D057446	HasBiologicalprocess	"tabular_data;experimental_data"	has_biolink:BiologicalProcess
10.17917	mesh:D018929	HasExperimentalFactor	"tabular_data;experimental_data"	has_experimental_factor
10.17917	chebi:33375	HasSmallmolecule	"tabular_data;experimental_data"	has_biolink:SmallMolecule
10.17917	chebi:18059	HasSmallmolecule	"tabular_data;experimental_data"	has_biolink:SmallMolecule
10.17917	go:0006915	HasBiologicalprocess	"tabular_data;experimental_data"	has_biolink:BiologicalProcess
10.17917	chebi:26523	HasSmallmolecule	"tabular_data;experimental_data"	has_biolink:SmallMolecule
10.17917	mesh:D015227	HasBiologicalprocess	"tabular_data;experimental_data"	has_biolink:BiologicalProcess
10.17917	mesh:D008280	HasOther	"tabular_data;experimental_data"	has_other
10.17917	mesh:D014611	HasExperimentalFactor	"tabular_data;experimental_data"	has_experimental_factor
10.17917	go:0002377	HasBiologicalprocess	"tabular_data;experimental_data"	has_biolink:BiologicalProcess
10.17917	mesh:D009362	HasDisease	"tabular_data;experimental_data"	has_biolink:Disease
10.17917	mesh:D004587	HasExperimentalFactor	"tabular_data;experimental_data"	has_experimental_factor
10.17917	efo:0010936	HasExperimentalFactor	"tabular_data;experimental_data"	has_experimental_factor
10.17917	hgnc:17757	HasGeneorgeneproduct	"tabular_data;experimental_data"	has_biolink:GeneOrGeneProduct
10.17917	mesh:D000072737	HasGrossanatomicalstructure	"tabular_data;experimental_data"	has_biolink:GrossAnatomicalStructure
10.17917	mesh:D012449	HasOther	"tabular_data;experimental_data"	has_other
10.17917	hgnc:26058	HasGeneorgeneproduct	"tabular_data;experimental_data"	has_biolink:GeneOrGeneProduct
10.17917	mesh:D016253	HasExperimentalFactor	"tabular_data;experimental_data"	has_experimental_factor
10.17917	go:0005515	HasBiologicalprocess	"tabular_data;experimental_data"	has_biolink:BiologicalProcess
10.17917	mesh:D000095485	HasSmallmolecule	"tabular_data;experimental_data"	has_biolink:SmallMolecule
10.17917	mesh:D053768	HasOther	"tabular_data;experimental_data"	has_other
10.17917	chebi:24870	HasSmallmolecule	"tabular_data;experimental_data"	has_biolink:SmallMolecule
10.17917	mesh:D002849	HasExperimentalFactor	"tabular_data;experimental_data"	has_experimental_factor
10.17917	chebi:28793	HasSmallmolecule	"tabular_data;experimental_data"	has_biolink:SmallMolecule
10.17917	go:0005622	HasCellularcomponent	"tabular_data;experimental_data"	has_biolink:CellularComponent
10.17917	mesh:D001327	HasDisease	"tabular_data;experimental_data"	has_biolink:Disease
10.17917	mesh:D011565	HasDisease	"tabular_data;experimental_data"	has_biolink:Disease
10.17917	mesh:D018384	HasBiologicalprocess	"tabular_data;experimental_data"	has_biolink:BiologicalProcess
10.17917	go:0051881	HasBiologicalprocess	"tabular_data;experimental_data"	has_biolink:BiologicalProcess
10.17917	go:0019882	HasBiologicalprocess	"tabular_data;experimental_data"	has_biolink:BiologicalProcess
10.17917	mesh:D003713	HasGrossanatomicalstructure	"tabular_data;experimental_data"	has_biolink:GrossAnatomicalStructure
10.17917	hp:0011009	HasDisease	"tabular_data;experimental_data"	has_biolink:Disease
10.17917	mesh:D016130	HasExperimentalFactor	"tabular_data;experimental_data"	has_experimental_factor
10.17917	mesh:D032882	HasOther	"tabular_data;experimental_data"	has_other
10.17917	mesh:D065546	HasBiologicalprocess	"tabular_data;experimental_data"	has_biolink:BiologicalProcess
10.17917	mesh:D050997	HasOther	"tabular_data;experimental_data"	has_other
10.17917	chebi:2511	HasSmallmolecule	"tabular_data;experimental_data"	has_biolink:SmallMolecule
10.17917	mesh:D000067493	HasExperimentalFactor	"tabular_data;experimental_data"	has_experimental_factor
10.17917	mesh:D002853	HasExperimentalFactor	"tabular_data;experimental_data"	has_experimental_factor
10.17917	mesh:D013058	HasExperimentalFactor	"tabular_data;experimental_data"	has_experimental_factor
10.17917	mesh:D005434	HasExperimentalFactor	"tabular_data;experimental_data"	has_experimental_factor
10.17917	chebi:33697	HasSmallmolecule	"tabular_data;experimental_data"	has_biolink:SmallMolecule
10.17917	mesh:D017404	HasExperimentalFactor	"tabular_data;experimental_data"	has_experimental_factor
10.17917	mesh:D058501	HasExperimentalFactor	"tabular_data;experimental_data"	has_experimental_factor
10.17917	chebi:27560	HasSmallmolecule	"tabular_data;experimental_data"	has_biolink:SmallMolecule
10.17917	chebi:25555	HasSmallmolecule	"tabular_data;experimental_data"	has_biolink:SmallMolecule
10.17917	hgnc:25676	HasGeneorgeneproduct	"tabular_data;experimental_data"	has_biolink:GeneOrGeneProduct
10.17917	mesh:D001835	HasDisease	"tabular_data;experimental_data"	has_biolink:Disease
10.17917	go:0008219	HasBiologicalprocess	"tabular_data;experimental_data"	has_biolink:BiologicalProcess
10.17917	chebi:148439	HasSmallmolecule	"tabular_data;experimental_data"	has_biolink:SmallMolecule
10.17917	mesh:D009504	HasGrossanatomicalstructure	"tabular_data;experimental_data"	has_biolink:GrossAnatomicalStructure
10.17917	mesh:D008214	HasGrossanatomicalstructure	"tabular_data;experimental_data"	has_biolink:GrossAnatomicalStructure
10.17917	mesh:D004804	HasGrossanatomicalstructure	"tabular_data;experimental_data"	has_biolink:GrossAnatomicalStructure
10.17917	mesh:D001491	HasGrossanatomicalstructure	"tabular_data;experimental_data"	has_biolink:GrossAnatomicalStructure
10.17917	mesh:D010976	HasExperimentalFactor	"tabular_data;experimental_data"	has_experimental_factor
10.17917	mesh:D004906	HasExperimentalFactor	"tabular_data;experimental_data"	has_experimental_factor
10.17917	fplx:Hemoglobin	HasMacromolecularcomplexorproteinfamily	"tabular_data;experimental_data"	has_biolink:MacromolecularComplexOrProteinFamily
10.17917	mesh:D006400	HasExperimentalFactor	"tabular_data;experimental_data"	has_experimental_factor
10.17917	efo:0004527	HasExperimentalFactor	"tabular_data;experimental_data"	has_experimental_factor
10.17917	efo:0004528	HasExperimentalFactor	"tabular_data;experimental_data"	has_experimental_factor
10.17917	efo:0009188	HasExperimentalFactor	"tabular_data;experimental_data"	has_experimental_factor
10.17917	chebi:26216	HasSmallmolecule	"tabular_data;experimental_data"	has_biolink:SmallMolecule
10.17917	mesh:D000681	HasGeneorgeneproduct	"tabular_data;experimental_data"	has_biolink:GeneOrGeneProduct
10.17917	chebi:16199	HasSmallmolecule	"tabular_data;experimental_data"	has_biolink:SmallMolecule
10.17917	mesh:D005916	HasGeneorgeneproduct	"tabular_data;experimental_data"	has_biolink:GeneOrGeneProduct
10.17917	mesh:D013921	HasDisease	"tabular_data;experimental_data"	has_biolink:Disease
10.17917	mesh:C492760	HasGeneorgeneproduct	"tabular_data;experimental_data"	has_biolink:GeneOrGeneProduct
10.17917	chebi:78059	HasSmallmolecule	"tabular_data;experimental_data"	has_biolink:SmallMolecule
10.17917	hgnc:2726	HasGeneorgeneproduct	"tabular_data;experimental_data"	has_biolink:GeneOrGeneProduct
10.17917	fplx:Chemokine	HasMacromolecularcomplexorproteinfamily	"tabular_data;experimental_data"	has_biolink:MacromolecularComplexOrProteinFamily
10.17917	mesh:D006660	HasDisease	"tabular_data;experimental_data"	has_biolink:Disease
10.17917	hgnc:12031	HasGeneorgeneproduct	"tabular_data;experimental_data"	has_biolink:GeneOrGeneProduct
10.17917	mesh:C409881	HasGeneorgeneproduct	"tabular_data;experimental_data"	has_biolink:GeneOrGeneProduct
10.17917	hgnc:16228	HasGeneorgeneproduct	"tabular_data;experimental_data"	has_biolink:GeneOrGeneProduct
10.17917	mesh:D054357	HasGeneorgeneproduct	"tabular_data;experimental_data"	has_biolink:GeneOrGeneProduct
10.17917	hgnc:16132	HasGeneorgeneproduct	"tabular_data;experimental_data"	has_biolink:GeneOrGeneProduct
10.17917	mesh:D037181	HasGeneorgeneproduct	"tabular_data;experimental_data"	has_biolink:GeneOrGeneProduct
10.17917	hgnc:14555	HasGeneorgeneproduct	"tabular_data;experimental_data"	has_biolink:GeneOrGeneProduct
10.17917	hgnc:4193	HasGeneorgeneproduct	"tabular_data;experimental_data"	has_biolink:GeneOrGeneProduct
10.17917	hgnc:10858	HasGeneorgeneproduct	"tabular_data;experimental_data"	has_biolink:GeneOrGeneProduct
10.17917	mesh:D051940	HasGeneorgeneproduct	"tabular_data;experimental_data"	has_biolink:GeneOrGeneProduct
10.17917	hgnc:5318	HasGeneorgeneproduct	"tabular_data;experimental_data"	has_biolink:GeneOrGeneProduct
10.17917	mesh:D006904	HasGeneorgeneproduct	"tabular_data;experimental_data"	has_biolink:GeneOrGeneProduct
10.17917	hgnc:5007	HasGeneorgeneproduct	"tabular_data;experimental_data"	has_biolink:GeneOrGeneProduct
10.17917	hgnc:5361	HasGeneorgeneproduct	"tabular_data;experimental_data"	has_biolink:GeneOrGeneProduct
10.17917	hgnc:5456	HasGeneorgeneproduct	"tabular_data;experimental_data"	has_biolink:GeneOrGeneProduct
10.17917	hgnc:12523	HasGeneorgeneproduct	"tabular_data;experimental_data"	has_biolink:GeneOrGeneProduct
10.17917	hgnc:14409	HasGeneorgeneproduct	"tabular_data;experimental_data"	has_biolink:GeneOrGeneProduct
10.17917	hgnc:13345	HasGeneorgeneproduct	"tabular_data;experimental_data"	has_biolink:GeneOrGeneProduct
10.17917	hgnc:18068	HasGeneorgeneproduct	"tabular_data;experimental_data"	has_biolink:GeneOrGeneProduct
10.17917	fplx:CEBP	HasMacromolecularcomplexorproteinfamily	"tabular_data;experimental_data"	has_biolink:MacromolecularComplexOrProteinFamily
10.17917	hgnc:6150	HasGeneorgeneproduct	"tabular_data;experimental_data"	has_biolink:GeneOrGeneProduct
10.17917	mesh:D016335	HasBiologicalprocess	"tabular_data;experimental_data"	has_biolink:BiologicalProcess
10.17917	hgnc:26259	HasGeneorgeneproduct	"tabular_data;experimental_data"	has_biolink:GeneOrGeneProduct
10.17917	efo:0008481	HasExperimentalFactor	"tabular_data;experimental_data"	has_experimental_factor
10.17917	hgnc:13008	HasGeneorgeneproduct	"tabular_data;experimental_data"	has_biolink:GeneOrGeneProduct
10.17917	chebi:25350	HasSmallmolecule	"tabular_data;experimental_data"	has_biolink:SmallMolecule
10.17917	hgnc:7529	HasGeneorgeneproduct	"tabular_data;experimental_data"	has_biolink:GeneOrGeneProduct
10.17917	chebi:35350	HasSmallmolecule	"tabular_data;experimental_data"	has_biolink:SmallMolecule
10.17917	mesh:D000097802	HasGeneorgeneproduct	"tabular_data;experimental_data"	has_biolink:GeneOrGeneProduct
10.17917	hgnc:7045	HasGeneorgeneproduct	"tabular_data;experimental_data"	has_biolink:GeneOrGeneProduct
10.17917	hgnc:9824	HasGeneorgeneproduct	"tabular_data;experimental_data"	has_biolink:GeneOrGeneProduct
10.17917	hgnc:19874	HasGeneorgeneproduct	"tabular_data;experimental_data"	has_biolink:GeneOrGeneProduct
10.17917	hgnc:20265	HasGeneorgeneproduct	"tabular_data;experimental_data"	has_biolink:GeneOrGeneProduct
10.17917	hgnc:29675	HasGeneorgeneproduct	"tabular_data;experimental_data"	has_biolink:GeneOrGeneProduct
10.17917	hgnc:26154	HasGeneorgeneproduct	"tabular_data;experimental_data"	has_biolink:GeneOrGeneProduct
10.17917	hgnc:20460	HasGeneorgeneproduct	"tabular_data;experimental_data"	has_biolink:GeneOrGeneProduct
10.17917	hgnc:28596	HasGeneorgeneproduct	"tabular_data;experimental_data"	has_biolink:GeneOrGeneProduct
10.17917	mesh:C438920	HasSmallmolecule	"tabular_data;experimental_data"	has_biolink:SmallMolecule
10.17917	hgnc:9106	HasGeneorgeneproduct	"tabular_data;experimental_data"	has_biolink:GeneOrGeneProduct
10.17917	hgnc:1590	HasGeneorgeneproduct	"tabular_data;experimental_data"	has_biolink:GeneOrGeneProduct
10.17917	go:0007049	HasBiologicalprocess	"tabular_data;experimental_data"	has_biolink:BiologicalProcess
10.17917	hgnc:17179	HasGeneorgeneproduct	"tabular_data;experimental_data"	has_biolink:GeneOrGeneProduct
10.17917	chebi:33250	HasSmallmolecule	"tabular_data;experimental_data"	has_biolink:SmallMolecule
10.17917	hgnc:4004	HasGeneorgeneproduct	"tabular_data;experimental_data"	has_biolink:GeneOrGeneProduct
10.17917	hgnc:9205	HasGeneorgeneproduct	"tabular_data;experimental_data"	has_biolink:GeneOrGeneProduct
10.17917	hgnc:9200	HasGeneorgeneproduct	"tabular_data;experimental_data"	has_biolink:GeneOrGeneProduct
10.17917	hgnc:10738	HasGeneorgeneproduct	"tabular_data;experimental_data"	has_biolink:GeneOrGeneProduct
10.17917	hgnc:10729	HasGeneorgeneproduct	"tabular_data;experimental_data"	has_biolink:GeneOrGeneProduct
10.17917	mesh:D013577	HasDisease	"tabular_data;experimental_data"	has_biolink:Disease
10.17917	hgnc:3042	HasGeneorgeneproduct	"tabular_data;experimental_data"	has_biolink:GeneOrGeneProduct
10.17917	hgnc:10449	HasGeneorgeneproduct	"tabular_data;experimental_data"	has_biolink:GeneOrGeneProduct
10.17917	mesh:D018911	HasBiologicalprocess	"tabular_data;experimental_data"	has_biolink:BiologicalProcess
10.17917	hgnc:11969	HasGeneorgeneproduct	"tabular_data;experimental_data"	has_biolink:GeneOrGeneProduct
10.17917	hgnc:11537	HasGeneorgeneproduct	"tabular_data;experimental_data"	has_biolink:GeneOrGeneProduct
10.17917	hgnc:2552	HasGeneorgeneproduct	"tabular_data;experimental_data"	has_biolink:GeneOrGeneProduct
10.17917	hgnc:23146	HasGeneorgeneproduct	"tabular_data;experimental_data"	has_biolink:GeneOrGeneProduct
10.17917	hgnc:6925	HasGeneorgeneproduct	"tabular_data;experimental_data"	has_biolink:GeneOrGeneProduct
10.17917	hgnc:14884	HasGeneorgeneproduct	"tabular_data;experimental_data"	has_biolink:GeneOrGeneProduct
10.17917	hgnc:24637	HasGeneorgeneproduct	"tabular_data;experimental_data"	has_biolink:GeneOrGeneProduct
10.17917	chebi:30212	HasSmallmolecule	"tabular_data;experimental_data"	has_biolink:SmallMolecule
10.17917	hgnc:437	HasGeneorgeneproduct	"tabular_data;experimental_data"	has_biolink:GeneOrGeneProduct
10.17917	hgnc:18187	HasGeneorgeneproduct	"tabular_data;experimental_data"	has_biolink:GeneOrGeneProduct
10.17917	hgnc:29217	HasGeneorgeneproduct	"tabular_data;experimental_data"	has_biolink:GeneOrGeneProduct
10.17917	hgnc:9604	HasGeneorgeneproduct	"tabular_data;experimental_data"	has_biolink:GeneOrGeneProduct
10.17917	mesh:D012441	HasOrganismtaxon	"tabular_data;experimental_data"	has_biolink:OrganismTaxon
10.17917	hgnc:16355	HasRnaproduct	"tabular_data;experimental_data"	has_biolink:RNAProduct
10.17917	hgnc:17423	HasGeneorgeneproduct	"tabular_data;experimental_data"	has_biolink:GeneOrGeneProduct
10.17917	hgnc:11115	HasGeneorgeneproduct	"tabular_data;experimental_data"	has_biolink:GeneOrGeneProduct
10.17917	go:0042169	HasBiologicalprocess	"tabular_data;experimental_data"	has_biolink:BiologicalProcess
10.17917	hgnc:16850	HasGeneorgeneproduct	"tabular_data;experimental_data"	has_biolink:GeneOrGeneProduct
10.17917	mesh:C021822	HasGeneorgeneproduct	"tabular_data;experimental_data"	has_biolink:GeneOrGeneProduct
10.17917	hgnc:26019	HasGeneorgeneproduct	"tabular_data;experimental_data"	has_biolink:GeneOrGeneProduct
10.17917	mesh:D000072260	HasGeneorgeneproduct	"tabular_data;experimental_data"	has_biolink:GeneOrGeneProduct
10.17917	hgnc:10774	HasGeneorgeneproduct	"tabular_data;experimental_data"	has_biolink:GeneOrGeneProduct
10.17917	chebi:16991	HasSmallmolecule	"tabular_data;experimental_data"	has_biolink:SmallMolecule
10.17917	hgnc:23207	HasGeneorgeneproduct	"tabular_data;experimental_data"	has_biolink:GeneOrGeneProduct
10.17917	hgnc:20920	HasGeneorgeneproduct	"tabular_data;experimental_data"	has_biolink:GeneOrGeneProduct
10.17917	hgnc:4964	HasGeneorgeneproduct	"tabular_data;experimental_data"	has_biolink:GeneOrGeneProduct
10.17917	hgnc:16878	HasGeneorgeneproduct	"tabular_data;experimental_data"	has_biolink:GeneOrGeneProduct
10.17917	hgnc:11865	HasGeneorgeneproduct	"tabular_data;experimental_data"	has_biolink:GeneOrGeneProduct
10.17917	fplx:MJD	HasMacromolecularcomplexorproteinfamily	"tabular_data;experimental_data"	has_biolink:MacromolecularComplexOrProteinFamily
10.17917	hgnc:28759	HasGeneorgeneproduct	"tabular_data;experimental_data"	has_biolink:GeneOrGeneProduct
10.17917	hgnc:20588	HasGeneorgeneproduct	"tabular_data;experimental_data"	has_biolink:GeneOrGeneProduct
10.17917	hgnc:9910	HasGeneorgeneproduct	"tabular_data;experimental_data"	has_biolink:GeneOrGeneProduct
10.17917	hgnc:14565	HasGeneorgeneproduct	"tabular_data;experimental_data"	has_biolink:GeneOrGeneProduct
10.17917	hgnc:26204	HasGeneorgeneproduct	"tabular_data;experimental_data"	has_biolink:GeneOrGeneProduct
10.17917	hgnc:29786	HasGeneorgeneproduct	"tabular_data;experimental_data"	has_biolink:GeneOrGeneProduct
10.17917	hgnc:18608	HasGeneorgeneproduct	"tabular_data;experimental_data"	has_biolink:GeneOrGeneProduct
10.17917	hgnc:18469	HasGeneorgeneproduct	"tabular_data;experimental_data"	has_biolink:GeneOrGeneProduct
10.17917	hgnc:10761	HasGeneorgeneproduct	"tabular_data;experimental_data"	has_biolink:GeneOrGeneProduct
10.17917	hgnc:9439	HasGeneorgeneproduct	"tabular_data;experimental_data"	has_biolink:GeneOrGeneProduct
10.17917	hgnc:19066	HasGeneorgeneproduct	"tabular_data;experimental_data"	has_biolink:GeneOrGeneProduct
10.17917	hgnc:13552	HasGeneorgeneproduct	"tabular_data;experimental_data"	has_biolink:GeneOrGeneProduct
10.17917	hgnc:8127	HasGeneorgeneproduct	"tabular_data;experimental_data"	has_biolink:GeneOrGeneProduct
10.17917	hgnc:9456	HasGeneorgeneproduct	"tabular_data;experimental_data"	has_biolink:GeneOrGeneProduct
10.17917	mesh:D011347	HasGeneorgeneproduct	"tabular_data;experimental_data"	has_biolink:GeneOrGeneProduct
10.17917	hgnc:2207	HasGeneorgeneproduct	"tabular_data;experimental_data"	has_biolink:GeneOrGeneProduct
10.17917	mesh:D003165	HasGeneorgeneproduct	"tabular_data;experimental_data"	has_biolink:GeneOrGeneProduct
10.17917	mesh:D004330	HasOrganismtaxon	"tabular_data;experimental_data"	has_biolink:OrganismTaxon
10.17917	hgnc:23843	HasGeneorgeneproduct	"tabular_data;experimental_data"	has_biolink:GeneOrGeneProduct
10.17917	hgnc:24227	HasGeneorgeneproduct	"tabular_data;experimental_data"	has_biolink:GeneOrGeneProduct
10.17917	hgnc:21082	HasGeneorgeneproduct	"tabular_data;experimental_data"	has_biolink:GeneOrGeneProduct
10.17917	hgnc:30138	HasGeneorgeneproduct	"tabular_data;experimental_data"	has_biolink:GeneOrGeneProduct
10.17917	chebi:29016	HasSmallmolecule	"tabular_data;experimental_data"	has_biolink:SmallMolecule
10.17917	hgnc:9965	HasGeneorgeneproduct	"tabular_data;experimental_data"	has_biolink:GeneOrGeneProduct
10.17917	hgnc:26943	HasGeneorgeneproduct	"tabular_data;experimental_data"	has_biolink:GeneOrGeneProduct
10.17917	fplx:Cation_channels	HasMacromolecularcomplexorproteinfamily	"tabular_data;experimental_data"	has_biolink:MacromolecularComplexOrProteinFamily
10.17917	hgnc:19752	HasGeneorgeneproduct	"tabular_data;experimental_data"	has_biolink:GeneOrGeneProduct
10.17917	hgnc:12998	HasGeneorgeneproduct	"tabular_data;experimental_data"	has_biolink:GeneOrGeneProduct
10.17917	chebi:16960	HasSmallmolecule	"tabular_data;experimental_data"	has_biolink:SmallMolecule
10.17917	hgnc:29232	HasGeneorgeneproduct	"tabular_data;experimental_data"	has_biolink:GeneOrGeneProduct
10.17917	hgnc:12933	HasGeneorgeneproduct	"tabular_data;experimental_data"	has_biolink:GeneOrGeneProduct
10.17917	hgnc:2295	HasGeneorgeneproduct	"tabular_data;experimental_data"	has_biolink:GeneOrGeneProduct
10.17917	hgnc:17451	HasGeneorgeneproduct	"tabular_data;experimental_data"	has_biolink:GeneOrGeneProduct
10.17917	hgnc:10333	HasGeneorgeneproduct	"tabular_data;experimental_data"	has_biolink:GeneOrGeneProduct
10.17917	hgnc:286	HasGeneorgeneproduct	"tabular_data;experimental_data"	has_biolink:GeneOrGeneProduct
10.17917	hgnc:4901	HasGeneorgeneproduct	"tabular_data;experimental_data"	has_biolink:GeneOrGeneProduct
10.17917	hgnc:1510	HasGeneorgeneproduct	"tabular_data;experimental_data"	has_biolink:GeneOrGeneProduct
10.17917	hgnc:20259	HasGeneorgeneproduct	"tabular_data;experimental_data"	has_biolink:GeneOrGeneProduct
10.17917	fplx:PI3K	HasMacromolecularcomplexorproteinfamily	"tabular_data;experimental_data"	has_biolink:MacromolecularComplexOrProteinFamily
10.17917	hgnc:8979	HasGeneorgeneproduct	"tabular_data;experimental_data"	has_biolink:GeneOrGeneProduct
10.17917	hgnc:30939	HasGeneorgeneproduct	"tabular_data;experimental_data"	has_biolink:GeneOrGeneProduct
10.17917	fplx:Cyclin	HasMacromolecularcomplexorproteinfamily	"tabular_data;experimental_data"	has_biolink:MacromolecularComplexOrProteinFamily
10.17917	hgnc:104	HasGeneorgeneproduct	"tabular_data;experimental_data"	has_biolink:GeneOrGeneProduct
10.17917	chebi:29958	HasSmallmolecule	"tabular_data;experimental_data"	has_biolink:SmallMolecule
10.17917	hgnc:19048	HasGeneorgeneproduct	"tabular_data;experimental_data"	has_biolink:GeneOrGeneProduct
10.17917	hgnc:25244	HasGeneorgeneproduct	"tabular_data;experimental_data"	has_biolink:GeneOrGeneProduct
10.17917	uniprot:P23647	HasGeneorgeneproduct	"tabular_data;experimental_data"	has_biolink:GeneOrGeneProduct
10.17917	hgnc:20314	HasGeneorgeneproduct	"tabular_data;experimental_data"	has_biolink:GeneOrGeneProduct
10.17917	hgnc:14969	HasGeneorgeneproduct	"tabular_data;experimental_data"	has_biolink:GeneOrGeneProduct
10.17917	chebi:74035	HasSmallmolecule	"tabular_data;experimental_data"	has_biolink:SmallMolecule
10.17917	hgnc:11136	HasGeneorgeneproduct	"tabular_data;experimental_data"	has_biolink:GeneOrGeneProduct
10.17917	chebi:3306	HasSmallmolecule	"tabular_data;experimental_data"	has_biolink:SmallMolecule
10.17917	hgnc:16709	HasGeneorgeneproduct	"tabular_data;experimental_data"	has_biolink:GeneOrGeneProduct
10.17917	mesh:D010641	HasBiologicalprocess	"tabular_data;experimental_data"	has_biolink:BiologicalProcess
10.17917	mesh:D013623	HasGrossanatomicalstructure	"tabular_data;experimental_data"	has_biolink:GrossAnatomicalStructure
10.17917	hgnc:15582	HasGeneorgeneproduct	"tabular_data;experimental_data"	has_biolink:GeneOrGeneProduct
10.17917	chebi:34367	HasSmallmolecule	"tabular_data;experimental_data"	has_biolink:SmallMolecule
10.17917	chebi:39026	HasSmallmolecule	"tabular_data;experimental_data"	has_biolink:SmallMolecule
10.17917	chebi:31797	HasSmallmolecule	"tabular_data;experimental_data"	has_biolink:SmallMolecule
10.17917	hgnc:2524	HasGeneorgeneproduct	"tabular_data;experimental_data"	has_biolink:GeneOrGeneProduct
10.17917	mesh:D015902	HasExperimentalFactor	"tabular_data;experimental_data"	has_experimental_factor
10.17917	mesh:D003092	HasDisease	"tabular_data;experimental_data"	has_biolink:Disease
10.17917	mesh:D008231	HasDisease	"tabular_data;experimental_data"	has_biolink:Disease
10.17917	mesh:D034141	HasDisease	"tabular_data;experimental_data"	has_biolink:Disease
10.17917	mesh:D007008	HasDisease	"tabular_data;experimental_data"	has_biolink:Disease
10.17917	mesh:D006934	HasDisease	"tabular_data;experimental_data"	has_biolink:Disease
10.17917	mesh:D017674	HasDisease	"tabular_data;experimental_data"	has_biolink:Disease
10.17917	mesh:D005221	HasDisease	"tabular_data;experimental_data"	has_biolink:Disease
10.17917	mesh:D002637	HasDisease	"tabular_data;experimental_data"	has_biolink:Disease
10.17917	mesh:D010146	HasDisease	"tabular_data;experimental_data"	has_biolink:Disease
10.17917	mesh:D006261	HasDisease	"tabular_data;experimental_data"	has_biolink:Disease
10.17917	mesh:D009325	HasDisease	"tabular_data;experimental_data"	has_biolink:Disease
10.17917	mesh:D014839	HasDisease	"tabular_data;experimental_data"	has_biolink:Disease
10.17917	mesh:D003967	HasDisease	"tabular_data;experimental_data"	has_biolink:Disease
10.17917	efo:0000544	HasExperimentalFactor	"tabular_data;experimental_data"	has_experimental_factor
10.17917	mesh:D000855	HasDisease	"tabular_data;experimental_data"	has_biolink:Disease
10.17917	hgnc:8081	HasGene	"tabular_data;experimental_data"	has_biolink:Gene
10.17917	mesh:D061986	HasGrossanatomicalstructure	"tabular_data;experimental_data"	has_biolink:GrossAnatomicalStructure
10.17917	hgnc:23692	HasGeneorgeneproduct	"tabular_data;experimental_data"	has_biolink:GeneOrGeneProduct
10.17917	chebi:45863	HasSmallmolecule	"tabular_data;experimental_data"	has_biolink:SmallMolecule
10.17917	chebi:29309	HasSmallmolecule	"tabular_data;experimental_data"	has_biolink:SmallMolecule
10.17917	chebi:87432	HasSmallmolecule	"tabular_data;experimental_data"	has_biolink:SmallMolecule
10.17917	mesh:C018672	HasSmallmolecule	"tabular_data;experimental_data"	has_biolink:SmallMolecule
10.17917	chebi:142447	HasSmallmolecule	"tabular_data;experimental_data"	has_biolink:SmallMolecule
10.17917	chebi:30245	HasSmallmolecule	"tabular_data;experimental_data"	has_biolink:SmallMolecule
10.17917	chebi:52552	HasSmallmolecule	"tabular_data;experimental_data"	has_biolink:SmallMolecule
10.17917	chebi:17087	HasSmallmolecule	"tabular_data;experimental_data"	has_biolink:SmallMolecule
10.17917	chebi:176889	HasSmallmolecule	"tabular_data;experimental_data"	has_biolink:SmallMolecule
10.17917	hgnc:32567	HasRnaproduct	"tabular_data;experimental_data"	has_biolink:RNAProduct
10.17917	chebi:16113	HasSmallmolecule	"tabular_data;experimental_data"	has_biolink:SmallMolecule
10.17917	chebi:24190	HasSmallmolecule	"tabular_data;experimental_data"	has_biolink:SmallMolecule
10.17917	chebi:28659	HasSmallmolecule	"tabular_data;experimental_data"	has_biolink:SmallMolecule
10.17917	chebi:37163	HasSmallmolecule	"tabular_data;experimental_data"	has_biolink:SmallMolecule
10.17917	chebi:17992	HasSmallmolecule	"tabular_data;experimental_data"	has_biolink:SmallMolecule
10.17917	go:0032991	HasMacromolecularcomplexorproteinfamily	"tabular_data;experimental_data"	has_biolink:MacromolecularComplexOrProteinFamily
10.17917	chebi:84997	HasSmallmolecule	"tabular_data;experimental_data"	has_biolink:SmallMolecule
10.17917	efo:0000606	HasExperimentalFactor	"tabular_data;experimental_data"	has_experimental_factor
10.17917	mesh:D003872	HasDisease	"tabular_data;experimental_data"	has_biolink:Disease
10.17917	mesh:D048430	HasBiologicalprocess	"tabular_data;experimental_data"	has_biolink:BiologicalProcess
10.17917	go:0010467	HasBiologicalprocess	"tabular_data;experimental_data"	has_biolink:BiologicalProcess
10.17917	go:0007155	HasBiologicalprocess	"tabular_data;experimental_data"	has_biolink:BiologicalProcess
10.17917	go:0008283	HasBiologicalprocess	"tabular_data;experimental_data"	has_biolink:BiologicalProcess
10.17917	go:0030154	HasBiologicalprocess	"tabular_data;experimental_data"	has_biolink:BiologicalProcess
10.17917	go:0007154	HasBiologicalprocess	"tabular_data;experimental_data"	has_biolink:BiologicalProcess
10.17917	go:0030054	HasCellularcomponent	"tabular_data;experimental_data"	has_biolink:CellularComponent
10.17917	chebi:33284	HasSmallmolecule	"tabular_data;experimental_data"	has_biolink:SmallMolecule
10.17917	mesh:D003463	HasOther	"tabular_data;experimental_data"	has_other
10.17917	mesh:D004777	HasBiologicalprocess	"tabular_data;experimental_data"	has_biolink:BiologicalProcess
10.17917	efo:0000683	HasExperimentalFactor	"tabular_data;experimental_data"	has_experimental_factor
10.17917	chebi:23888	HasSmallmolecule	"tabular_data;experimental_data"	has_biolink:SmallMolecule
10.17917	hp:0002254	HasDisease	"tabular_data;experimental_data"	has_biolink:Disease
10.17917	mesh:D005334	HasDisease	"tabular_data;experimental_data"	has_biolink:Disease
10.17917	mesh:D009120	HasDisease	"tabular_data;experimental_data"	has_biolink:Disease
10.17917	mesh:D006973	HasDisease	"tabular_data;experimental_data"	has_biolink:Disease
10.17917	mesh:D004403	HasDisease	"tabular_data;experimental_data"	has_biolink:Disease
10.17917	mesh:D004244	HasDisease	"tabular_data;experimental_data"	has_biolink:Disease
10.17917	mesh:D007970	HasDisease	"tabular_data;experimental_data"	has_biolink:Disease
10.17917	efo:0010695	HasExperimentalFactor	"tabular_data;experimental_data"	has_experimental_factor
10.17917	mesh:D007022	HasDisease	"tabular_data;experimental_data"	has_biolink:Disease
10.17917	hp:0012825	HasDisease	"tabular_data;experimental_data"	has_biolink:Disease
10.17917	mesh:D013280	HasDisease	"tabular_data;experimental_data"	has_biolink:Disease
10.17917	hp:0025145	HasDisease	"tabular_data;experimental_data"	has_biolink:Disease
10.17917	hp:0020034	HasDisease	"tabular_data;experimental_data"	has_biolink:Disease
10.17917	mesh:D023341	HasDisease	"tabular_data;experimental_data"	has_biolink:Disease
10.17917	hgnc:13533	HasGeneorgeneproduct	"tabular_data;experimental_data"	has_biolink:GeneOrGeneProduct
10.17917	chebi:15635	HasSmallmolecule	"tabular_data;experimental_data"	has_biolink:SmallMolecule
10.17917	hgnc:6903	HasGeneorgeneproduct	"tabular_data;experimental_data"	has_biolink:GeneOrGeneProduct
10.17917	hgnc:8105	HasGeneorgeneproduct	"tabular_data;experimental_data"	has_biolink:GeneOrGeneProduct
10.17917	chebi:30366	HasSmallmolecule	"tabular_data;experimental_data"	has_biolink:SmallMolecule
10.17917	fplx:THBS	HasMacromolecularcomplexorproteinfamily	"tabular_data;experimental_data"	has_biolink:MacromolecularComplexOrProteinFamily
10.17917	hgnc:4851	HasGeneorgeneproduct	"tabular_data;experimental_data"	has_biolink:GeneOrGeneProduct
10.17917	hgnc:30477	HasGeneorgeneproduct	"tabular_data;experimental_data"	has_biolink:GeneOrGeneProduct
10.17917	chebi:29917	HasSmallmolecule	"tabular_data;experimental_data"	has_biolink:SmallMolecule
10.17917	efo:0003942	HasExperimentalFactor	"tabular_data;experimental_data"	has_experimental_factor
10.17917	hgnc:8754	HasGeneorgeneproduct	"tabular_data;experimental_data"	has_biolink:GeneOrGeneProduct
10.17917	chebi:28685	HasSmallmolecule	"tabular_data;experimental_data"	has_biolink:SmallMolecule
10.17917	chebi:53407	HasSmallmolecule	"tabular_data;experimental_data"	has_biolink:SmallMolecule
10.17917	fplx:HSPA	HasMacromolecularcomplexorproteinfamily	"tabular_data;experimental_data"	has_biolink:MacromolecularComplexOrProteinFamily
10.17917	hgnc:11243	HasGeneorgeneproduct	"tabular_data;experimental_data"	has_biolink:GeneOrGeneProduct
10.17917	mesh:D001494	HasExperimentalFactor	"tabular_data;experimental_data"	has_experimental_factor
10.17917	hgnc:7158	HasGeneorgeneproduct	"tabular_data;experimental_data"	has_biolink:GeneOrGeneProduct
10.17917	chebi:32293	HasSmallmolecule	"tabular_data;experimental_data"	has_biolink:SmallMolecule
10.17917	go:0002224	HasBiologicalprocess	"tabular_data;experimental_data"	has_biolink:BiologicalProcess
10.17917	go:0007165	HasBiologicalprocess	"tabular_data;experimental_data"	has_biolink:BiologicalProcess
10.17917	hgnc:19382	HasGeneorgeneproduct	"tabular_data;experimental_data"	has_biolink:GeneOrGeneProduct
10.17917	hgnc:17857	HasGeneorgeneproduct	"tabular_data;experimental_data"	has_biolink:GeneOrGeneProduct
10.17917	go:0038023	HasBiologicalprocess	"tabular_data;experimental_data"	has_biolink:BiologicalProcess
10.17917	go:0042267	HasBiologicalprocess	"tabular_data;experimental_data"	has_biolink:BiologicalProcess
10.17917	fplx:NFkappaB	HasMacromolecularcomplexorproteinfamily	"tabular_data;experimental_data"	has_biolink:MacromolecularComplexOrProteinFamily
10.17917	mesh:D020287	HasExperimentalFactor	"tabular_data;experimental_data"	has_experimental_factor
10.17917	hgnc:7373	HasGeneorgeneproduct	"tabular_data;experimental_data"	has_biolink:GeneOrGeneProduct
10.17917	doid:8654	HasDisease	"tabular_data;experimental_data"	has_biolink:Disease
10.17917	doid:8838	HasDisease	"tabular_data;experimental_data"	has_biolink:Disease
10.17917	hgnc:12442	HasGeneorgeneproduct	"tabular_data;experimental_data"	has_biolink:GeneOrGeneProduct
10.17917	chebi:16828	HasSmallmolecule	"tabular_data;experimental_data"	has_biolink:SmallMolecule
10.17917	chebi:17295	HasSmallmolecule	"tabular_data;experimental_data"	has_biolink:SmallMolecule
10.17917	hgnc:9657	HasGeneorgeneproduct	"tabular_data;experimental_data"	has_biolink:GeneOrGeneProduct
10.17917	mesh:D006425	HasDisease	"tabular_data;experimental_data"	has_biolink:Disease
10.17917	mesh:D000740	HasDisease	"tabular_data;experimental_data"	has_biolink:Disease
10.17917	mesh:D018655	HasExperimentalFactor	"tabular_data;experimental_data"	has_experimental_factor
10.17917	efo:0004833	HasExperimentalFactor	"tabular_data;experimental_data"	has_experimental_factor
10.17917	mesh:D007958	HasExperimentalFactor	"tabular_data;experimental_data"	has_experimental_factor
10.17917	mesh:D064147	HasDisease	"tabular_data;experimental_data"	has_biolink:Disease
10.17917	chebi:3088	HasSmallmolecule	"tabular_data;experimental_data"	has_biolink:SmallMolecule
10.17917	mesh:D019934	HasExperimentalFactor	"tabular_data;experimental_data"	has_experimental_factor
10.17917	mesh:D006331	HasDisease	"tabular_data;experimental_data"	has_biolink:Disease
10.17917	mesh:D013616	HasDisease	"tabular_data;experimental_data"	has_biolink:Disease
10.17917	mesh:D010490	HasDisease	"tabular_data;experimental_data"	has_biolink:Disease
10.17917	mesh:D004066	HasDisease	"tabular_data;experimental_data"	has_biolink:Disease
10.17917	hp:0003270	HasDisease	"tabular_data;experimental_data"	has_biolink:Disease
10.17917	mesh:D015746	HasDisease	"tabular_data;experimental_data"	has_biolink:Disease
10.17917	mesh:D003248	HasDisease	"tabular_data;experimental_data"	has_biolink:Disease
10.17917	mesh:D006470	HasDisease	"tabular_data;experimental_data"	has_biolink:Disease
10.17917	doid:3118	HasDisease	"tabular_data;experimental_data"	has_biolink:Disease
10.17917	mesh:D009422	HasDisease	"tabular_data;experimental_data"	has_biolink:Disease
10.17917	mesh:D010292	HasDisease	"tabular_data;experimental_data"	has_biolink:Disease
10.17917	mesh:D018908	HasDisease	"tabular_data;experimental_data"	has_biolink:Disease
10.17917	mesh:D063806	HasDisease	"tabular_data;experimental_data"	has_biolink:Disease
10.17917	mesh:D009759	HasDisease	"tabular_data;experimental_data"	has_biolink:Disease
10.17917	mesh:D011115	HasDisease	"tabular_data;experimental_data"	has_biolink:Disease
10.17917	mesh:D009477	HasDisease	"tabular_data;experimental_data"	has_biolink:Disease
10.17917	mesh:D000077260	HasDisease	"tabular_data;experimental_data"	has_biolink:Disease
10.17917	mesh:D014202	HasDisease	"tabular_data;experimental_data"	has_biolink:Disease
10.17917	mesh:D001416	HasDisease	"tabular_data;experimental_data"	has_biolink:Disease
10.17917	hp:0002653	HasDisease	"tabular_data;experimental_data"	has_biolink:Disease
10.17917	mesh:D014987	HasDisease	"tabular_data;experimental_data"	has_biolink:Disease
10.17917	hp:0033050	HasDisease	"tabular_data;experimental_data"	has_biolink:Disease
10.17917	efo:0003843	HasExperimentalFactor	"tabular_data;experimental_data"	has_experimental_factor
10.17917	mesh:D014098	HasDisease	"tabular_data;experimental_data"	has_biolink:Disease
10.17917	mesh:D018771	HasDisease	"tabular_data;experimental_data"	has_biolink:Disease
10.17917	go:0008152	HasBiologicalprocess	"tabular_data;experimental_data"	has_biolink:BiologicalProcess
10.17917	mesh:D006955	HasDisease	"tabular_data;experimental_data"	has_biolink:Disease
10.17917	mesh:D015228	HasDisease	"tabular_data;experimental_data"	has_biolink:Disease
10.17917	mesh:D033461	HasDisease	"tabular_data;experimental_data"	has_biolink:Disease
10.17917	hp:0002917	HasDisease	"tabular_data;experimental_data"	has_biolink:Disease
10.17917	chebi:17544	HasSmallmolecule	"tabular_data;experimental_data"	has_biolink:SmallMolecule
10.17917	mesh:D011507	HasDisease	"tabular_data;experimental_data"	has_biolink:Disease
10.17917	mesh:D001526	HasOther	"tabular_data;experimental_data"	has_other
10.17917	hp:0000713	HasDisease	"tabular_data;experimental_data"	has_biolink:Disease
10.17917	mesh:D007319	HasDisease	"tabular_data;experimental_data"	has_biolink:Disease
10.17917	mesh:D012871	HasDisease	"tabular_data;experimental_data"	has_biolink:Disease
10.17917	mesh:D000505	HasDisease	"tabular_data;experimental_data"	has_biolink:Disease
10.17917	mesh:D034741	HasSmallmolecule	"tabular_data;experimental_data"	has_biolink:SmallMolecule
10.17917	chebi:60027	HasSmallmolecule	"tabular_data;experimental_data"	has_biolink:SmallMolecule
10.17917	mesh:D008571	HasOther	"tabular_data;experimental_data"	has_other
10.17917	hp:0033511	HasDisease	"tabular_data;experimental_data"	has_biolink:Disease
10.17917	mesh:D002487	HasOther	"tabular_data;experimental_data"	has_other
10.17917	hgnc:2195	HasGeneorgeneproduct	"tabular_data;experimental_data"	has_biolink:GeneOrGeneProduct
10.17917	mesh:D004487	HasDisease	"tabular_data;experimental_data"	has_biolink:Disease
10.17917	hgnc:33940	HasGeneorgeneproduct	"tabular_data;experimental_data"	has_biolink:GeneOrGeneProduct
10.17917	hgnc:9669	HasGeneorgeneproduct	"tabular_data;experimental_data"	has_biolink:GeneOrGeneProduct
10.17917	hgnc:18540	HasGeneorgeneproduct	"tabular_data;experimental_data"	has_biolink:GeneOrGeneProduct
10.17917	hgnc:1542	HasGeneorgeneproduct	"tabular_data;experimental_data"	has_biolink:GeneOrGeneProduct
10.17917	hgnc:4462	HasGeneorgeneproduct	"tabular_data;experimental_data"	has_biolink:GeneOrGeneProduct
10.17917	hgnc:43910	HasRnaproduct	"tabular_data;experimental_data"	has_biolink:RNAProduct
10.17917	hgnc:18167	HasGeneorgeneproduct	"tabular_data;experimental_data"	has_biolink:GeneOrGeneProduct
10.17917	hgnc:5951	HasGeneorgeneproduct	"tabular_data;experimental_data"	has_biolink:GeneOrGeneProduct
10.17917	hgnc:20443	HasGeneorgeneproduct	"tabular_data;experimental_data"	has_biolink:GeneOrGeneProduct
10.17917	hgnc:22140	HasGeneorgeneproduct	"tabular_data;experimental_data"	has_biolink:GeneOrGeneProduct
10.17917	hgnc:2360	HasGeneorgeneproduct	"tabular_data;experimental_data"	has_biolink:GeneOrGeneProduct
10.17917	hgnc:584	HasGeneorgeneproduct	"tabular_data;experimental_data"	has_biolink:GeneOrGeneProduct
10.17917	hgnc:16919	HasGeneorgeneproduct	"tabular_data;experimental_data"	has_biolink:GeneOrGeneProduct
10.17917	hgnc:11989	HasGeneorgeneproduct	"tabular_data;experimental_data"	has_biolink:GeneOrGeneProduct
10.17917	hgnc:28240	HasGeneorgeneproduct	"tabular_data;experimental_data"	has_biolink:GeneOrGeneProduct
10.17917	hgnc:33719	HasGeneorgeneproduct	"tabular_data;experimental_data"	has_biolink:GeneOrGeneProduct
10.17917	hgnc:23028	HasGeneorgeneproduct	"tabular_data;experimental_data"	has_biolink:GeneOrGeneProduct
10.17917	hgnc:30167	HasGeneorgeneproduct	"tabular_data;experimental_data"	has_biolink:GeneOrGeneProduct
10.17917	hgnc:12450	HasGeneorgeneproduct	"tabular_data;experimental_data"	has_biolink:GeneOrGeneProduct
10.17917	hgnc:939	HasGeneorgeneproduct	"tabular_data;experimental_data"	has_biolink:GeneOrGeneProduct
10.17917	hgnc:248	HasGeneorgeneproduct	"tabular_data;experimental_data"	has_biolink:GeneOrGeneProduct
10.17917	hgnc:15855	HasGeneorgeneproduct	"tabular_data;experimental_data"	has_biolink:GeneOrGeneProduct
10.17917	hgnc:24162	HasGeneorgeneproduct	"tabular_data;experimental_data"	has_biolink:GeneOrGeneProduct
10.17917	hgnc:14873	HasGeneorgeneproduct	"tabular_data;experimental_data"	has_biolink:GeneOrGeneProduct
10.17917	hgnc:6690	HasGeneorgeneproduct	"tabular_data;experimental_data"	has_biolink:GeneOrGeneProduct
10.17917	hgnc:20482	HasGeneorgeneproduct	"tabular_data;experimental_data"	has_biolink:GeneOrGeneProduct
10.17917	hgnc:29821	HasGeneorgeneproduct	"tabular_data;experimental_data"	has_biolink:GeneOrGeneProduct
10.17917	hgnc:1507	HasGeneorgeneproduct	"tabular_data;experimental_data"	has_biolink:GeneOrGeneProduct
10.17917	hgnc:163	HasGeneorgeneproduct	"tabular_data;experimental_data"	has_biolink:GeneOrGeneProduct
10.17917	hgnc:6945	HasGeneorgeneproduct	"tabular_data;experimental_data"	has_biolink:GeneOrGeneProduct
10.17917	hgnc:25082	HasGeneorgeneproduct	"tabular_data;experimental_data"	has_biolink:GeneOrGeneProduct
10.17917	hgnc:8749	HasGeneorgeneproduct	"tabular_data;experimental_data"	has_biolink:GeneOrGeneProduct
10.17917	hgnc:69	HasGeneorgeneproduct	"tabular_data;experimental_data"	has_biolink:GeneOrGeneProduct
10.17917	hgnc:30542	HasGeneorgeneproduct	"tabular_data;experimental_data"	has_biolink:GeneOrGeneProduct
10.17917	hgnc:14576	HasGeneorgeneproduct	"tabular_data;experimental_data"	has_biolink:GeneOrGeneProduct
10.17917	hgnc:13312	HasGeneorgeneproduct	"tabular_data;experimental_data"	has_biolink:GeneOrGeneProduct
10.17917	hgnc:5464	HasGeneorgeneproduct	"tabular_data;experimental_data"	has_biolink:GeneOrGeneProduct
10.17917	hgnc:17158	HasGeneorgeneproduct	"tabular_data;experimental_data"	has_biolink:GeneOrGeneProduct
10.17917	hgnc:30576	HasGeneorgeneproduct	"tabular_data;experimental_data"	has_biolink:GeneOrGeneProduct
10.17917	hgnc:13831	HasGeneorgeneproduct	"tabular_data;experimental_data"	has_biolink:GeneOrGeneProduct
10.17917	hgnc:21289	HasGeneorgeneproduct	"tabular_data;experimental_data"	has_biolink:GeneOrGeneProduct
10.17917	hgnc:20084	HasGeneorgeneproduct	"tabular_data;experimental_data"	has_biolink:GeneOrGeneProduct
10.17917	hgnc:11726	HasGeneorgeneproduct	"tabular_data;experimental_data"	has_biolink:GeneOrGeneProduct
10.17917	hgnc:7599	HasGeneorgeneproduct	"tabular_data;experimental_data"	has_biolink:GeneOrGeneProduct
10.17917	hgnc:29284	HasGeneorgeneproduct	"tabular_data;experimental_data"	has_biolink:GeneOrGeneProduct
10.17917	hgnc:30042	HasGeneorgeneproduct	"tabular_data;experimental_data"	has_biolink:GeneOrGeneProduct
10.17917	hgnc:2720	HasGeneorgeneproduct	"tabular_data;experimental_data"	has_biolink:GeneOrGeneProduct
10.17917	hgnc:6950	HasGeneorgeneproduct	"tabular_data;experimental_data"	has_biolink:GeneOrGeneProduct
10.17917	hgnc:12805	HasGeneorgeneproduct	"tabular_data;experimental_data"	has_biolink:GeneOrGeneProduct
10.17917	hgnc:14972	HasGeneorgeneproduct	"tabular_data;experimental_data"	has_biolink:GeneOrGeneProduct
10.17917	hgnc:17233	HasGeneorgeneproduct	"tabular_data;experimental_data"	has_biolink:GeneOrGeneProduct
10.17917	hgnc:18248	HasGeneorgeneproduct	"tabular_data;experimental_data"	has_biolink:GeneOrGeneProduct
10.17917	hgnc:24678	HasGeneorgeneproduct	"tabular_data;experimental_data"	has_biolink:GeneOrGeneProduct
10.17917	hgnc:6612	HasGeneorgeneproduct	"tabular_data;experimental_data"	has_biolink:GeneOrGeneProduct
10.17917	hgnc:3559	HasGeneorgeneproduct	"tabular_data;experimental_data"	has_biolink:GeneOrGeneProduct
10.17917	hgnc:16258	HasGeneorgeneproduct	"tabular_data;experimental_data"	has_biolink:GeneOrGeneProduct
10.17917	hgnc:7600	HasGeneorgeneproduct	"tabular_data;experimental_data"	has_biolink:GeneOrGeneProduct
10.17917	hgnc:4897	HasGeneorgeneproduct	"tabular_data;experimental_data"	has_biolink:GeneOrGeneProduct
10.17917	hgnc:469	HasGeneorgeneproduct	"tabular_data;experimental_data"	has_biolink:GeneOrGeneProduct
10.17917	hgnc:3420	HasGeneorgeneproduct	"tabular_data;experimental_data"	has_biolink:GeneOrGeneProduct
10.17917	hgnc:25523	HasGeneorgeneproduct	"tabular_data;experimental_data"	has_biolink:GeneOrGeneProduct
10.17917	hgnc:11390	HasGeneorgeneproduct	"tabular_data;experimental_data"	has_biolink:GeneOrGeneProduct
10.17917	hgnc:1911	HasGeneorgeneproduct	"tabular_data;experimental_data"	has_biolink:GeneOrGeneProduct
10.17917	hgnc:10289	HasGeneorgeneproduct	"tabular_data;experimental_data"	has_biolink:GeneOrGeneProduct
10.17917	hgnc:11524	HasGeneorgeneproduct	"tabular_data;experimental_data"	has_biolink:GeneOrGeneProduct
10.17917	hgnc:18041	HasGeneorgeneproduct	"tabular_data;experimental_data"	has_biolink:GeneOrGeneProduct
10.17917	hgnc:16064	HasGeneorgeneproduct	"tabular_data;experimental_data"	has_biolink:GeneOrGeneProduct
10.17917	hgnc:11358	HasGeneorgeneproduct	"tabular_data;experimental_data"	has_biolink:GeneOrGeneProduct
10.17917	hgnc:24891	HasGeneorgeneproduct	"tabular_data;experimental_data"	has_biolink:GeneOrGeneProduct
10.17917	hgnc:26600	HasGeneorgeneproduct	"tabular_data;experimental_data"	has_biolink:GeneOrGeneProduct
10.17917	hgnc:4881	HasGeneorgeneproduct	"tabular_data;experimental_data"	has_biolink:GeneOrGeneProduct
10.17917	hgnc:6906	HasGeneorgeneproduct	"tabular_data;experimental_data"	has_biolink:GeneOrGeneProduct
10.17917	hgnc:14082	HasGeneorgeneproduct	"tabular_data;experimental_data"	has_biolink:GeneOrGeneProduct
10.17917	hgnc:24521	HasGeneorgeneproduct	"tabular_data;experimental_data"	has_biolink:GeneOrGeneProduct
10.17917	hgnc:11016	HasGeneorgeneproduct	"tabular_data;experimental_data"	has_biolink:GeneOrGeneProduct
10.17917	hgnc:14334	HasGeneorgeneproduct	"tabular_data;experimental_data"	has_biolink:GeneOrGeneProduct
10.17917	hgnc:29554	HasGeneorgeneproduct	"tabular_data;experimental_data"	has_biolink:GeneOrGeneProduct
10.17917	hgnc:2976	HasGeneorgeneproduct	"tabular_data;experimental_data"	has_biolink:GeneOrGeneProduct
10.17917	hgnc:16991	HasGeneorgeneproduct	"tabular_data;experimental_data"	has_biolink:GeneOrGeneProduct
10.17917	hgnc:11783	HasGene	"tabular_data;experimental_data"	has_biolink:Gene
10.17917	hgnc:29098	HasGeneorgeneproduct	"tabular_data;experimental_data"	has_biolink:GeneOrGeneProduct
10.17917	hgnc:24560	HasGeneorgeneproduct	"tabular_data;experimental_data"	has_biolink:GeneOrGeneProduct
10.17917	hgnc:9711	HasGeneorgeneproduct	"tabular_data;experimental_data"	has_biolink:GeneOrGeneProduct
10.17917	hgnc:9279	HasGeneorgeneproduct	"tabular_data;experimental_data"	has_biolink:GeneOrGeneProduct
10.17917	hgnc:7734	HasGeneorgeneproduct	"tabular_data;experimental_data"	has_biolink:GeneOrGeneProduct
10.17917	hgnc:7427	HasGeneorgeneproduct	"tabular_data;experimental_data"	has_biolink:GeneOrGeneProduct
10.17917	hgnc:25986	HasGeneorgeneproduct	"tabular_data;experimental_data"	has_biolink:GeneOrGeneProduct
10.17917	hgnc:43022	HasRnaproduct	"tabular_data;experimental_data"	has_biolink:RNAProduct
10.17917	hgnc:4622	HasGeneorgeneproduct	"tabular_data;experimental_data"	has_biolink:GeneOrGeneProduct
10.17917	hgnc:8840	HasGeneorgeneproduct	"tabular_data;experimental_data"	has_biolink:GeneOrGeneProduct
10.17917	hgnc:13490	HasGeneorgeneproduct	"tabular_data;experimental_data"	has_biolink:GeneOrGeneProduct
10.17917	hgnc:16893	HasGeneorgeneproduct	"tabular_data;experimental_data"	has_biolink:GeneOrGeneProduct
10.17917	hgnc:2991	HasGeneorgeneproduct	"tabular_data;experimental_data"	has_biolink:GeneOrGeneProduct
10.17917	hgnc:21396	HasGeneorgeneproduct	"tabular_data;experimental_data"	has_biolink:GeneOrGeneProduct
10.17917	hgnc:17597	HasGeneorgeneproduct	"tabular_data;experimental_data"	has_biolink:GeneOrGeneProduct
10.17917	hgnc:14169	HasGeneorgeneproduct	"tabular_data;experimental_data"	has_biolink:GeneOrGeneProduct
10.17917	hgnc:12556	HasGeneorgeneproduct	"tabular_data;experimental_data"	has_biolink:GeneOrGeneProduct
10.17917	hgnc:14179	HasGeneorgeneproduct	"tabular_data;experimental_data"	has_biolink:GeneOrGeneProduct
10.17917	hgnc:2753	HasGeneorgeneproduct	"tabular_data;experimental_data"	has_biolink:GeneOrGeneProduct
10.17917	hgnc:9093	HasGeneorgeneproduct	"tabular_data;experimental_data"	has_biolink:GeneOrGeneProduct
10.17917	hgnc:6947	HasGeneorgeneproduct	"tabular_data;experimental_data"	has_biolink:GeneOrGeneProduct
10.17917	hgnc:12496	HasGeneorgeneproduct	"tabular_data;experimental_data"	has_biolink:GeneOrGeneProduct
10.17917	hgnc:24437	HasGeneorgeneproduct	"tabular_data;experimental_data"	has_biolink:GeneOrGeneProduct
10.17917	hgnc:72	HasGeneorgeneproduct	"tabular_data;experimental_data"	has_biolink:GeneOrGeneProduct
10.17917	hgnc:25049	HasGeneorgeneproduct	"tabular_data;experimental_data"	has_biolink:GeneOrGeneProduct
10.17917	hgnc:19319	HasGeneorgeneproduct	"tabular_data;experimental_data"	has_biolink:GeneOrGeneProduct
10.17917	hgnc:19083	HasGeneorgeneproduct	"tabular_data;experimental_data"	has_biolink:GeneOrGeneProduct
10.17917	hgnc:6993	HasGeneorgeneproduct	"tabular_data;experimental_data"	has_biolink:GeneOrGeneProduct
10.17917	hgnc:11017	HasGeneorgeneproduct	"tabular_data;experimental_data"	has_biolink:GeneOrGeneProduct
10.17917	hgnc:12500	HasGeneorgeneproduct	"tabular_data;experimental_data"	has_biolink:GeneOrGeneProduct
10.17917	hgnc:25237	HasGeneorgeneproduct	"tabular_data;experimental_data"	has_biolink:GeneOrGeneProduct
10.17917	hgnc:29027	HasGeneorgeneproduct	"tabular_data;experimental_data"	has_biolink:GeneOrGeneProduct
10.17917	hgnc:20134	HasGeneorgeneproduct	"tabular_data;experimental_data"	has_biolink:GeneOrGeneProduct
10.17917	hgnc:26101	HasGeneorgeneproduct	"tabular_data;experimental_data"	has_biolink:GeneOrGeneProduct
10.17917	hgnc:18184	HasGeneorgeneproduct	"tabular_data;experimental_data"	has_biolink:GeneOrGeneProduct
10.17917	hgnc:1511	HasGeneorgeneproduct	"tabular_data;experimental_data"	has_biolink:GeneOrGeneProduct
10.17917	hgnc:11317	HasGeneorgeneproduct	"tabular_data;experimental_data"	has_biolink:GeneOrGeneProduct
10.17917	hgnc:25386	HasGeneorgeneproduct	"tabular_data;experimental_data"	has_biolink:GeneOrGeneProduct
10.17917	hgnc:3004	HasGeneorgeneproduct	"tabular_data;experimental_data"	has_biolink:GeneOrGeneProduct
10.17917	hgnc:12744	HasGeneorgeneproduct	"tabular_data;experimental_data"	has_biolink:GeneOrGeneProduct
10.17917	hgnc:3749	HasGeneorgeneproduct	"tabular_data;experimental_data"	has_biolink:GeneOrGeneProduct
10.17917	hgnc:28905	HasGeneorgeneproduct	"tabular_data;experimental_data"	has_biolink:GeneOrGeneProduct
10.17917	hgnc:11425	HasGeneorgeneproduct	"tabular_data;experimental_data"	has_biolink:GeneOrGeneProduct
10.17917	hgnc:6477	HasGeneorgeneproduct	"tabular_data;experimental_data"	has_biolink:GeneOrGeneProduct
10.17917	hgnc:8043	HasGeneorgeneproduct	"tabular_data;experimental_data"	has_biolink:GeneOrGeneProduct
10.17917	hgnc:17340	HasGeneorgeneproduct	"tabular_data;experimental_data"	has_biolink:GeneOrGeneProduct
10.17917	hgnc:19191	HasGeneorgeneproduct	"tabular_data;experimental_data"	has_biolink:GeneOrGeneProduct
10.17917	hgnc:25462	HasGeneorgeneproduct	"tabular_data;experimental_data"	has_biolink:GeneOrGeneProduct
10.17917	hgnc:29513	HasGeneorgeneproduct	"tabular_data;experimental_data"	has_biolink:GeneOrGeneProduct
10.17917	hgnc:713	HasGeneorgeneproduct	"tabular_data;experimental_data"	has_biolink:GeneOrGeneProduct
10.17917	hgnc:11543	HasGeneorgeneproduct	"tabular_data;experimental_data"	has_biolink:GeneOrGeneProduct
10.17917	hgnc:14596	HasGeneorgeneproduct	"tabular_data;experimental_data"	has_biolink:GeneOrGeneProduct
10.17917	hgnc:7569	HasGeneorgeneproduct	"tabular_data;experimental_data"	has_biolink:GeneOrGeneProduct
10.17917	hgnc:9083	HasGeneorgeneproduct	"tabular_data;experimental_data"	has_biolink:GeneOrGeneProduct
10.17917	hgnc:9527	HasGeneorgeneproduct	"tabular_data;experimental_data"	has_biolink:GeneOrGeneProduct
10.17917	hgnc:19983	HasGeneorgeneproduct	"tabular_data;experimental_data"	has_biolink:GeneOrGeneProduct
10.17917	hgnc:10696	HasGeneorgeneproduct	"tabular_data;experimental_data"	has_biolink:GeneOrGeneProduct
10.17917	hgnc:2586	HasGeneorgeneproduct	"tabular_data;experimental_data"	has_biolink:GeneOrGeneProduct
10.17917	hgnc:16784	HasGeneorgeneproduct	"tabular_data;experimental_data"	has_biolink:GeneOrGeneProduct
10.17917	hgnc:28789	HasGeneorgeneproduct	"tabular_data;experimental_data"	has_biolink:GeneOrGeneProduct
10.17917	hgnc:18136	HasGeneorgeneproduct	"tabular_data;experimental_data"	has_biolink:GeneOrGeneProduct
10.17917	hgnc:2352	HasGeneorgeneproduct	"tabular_data;experimental_data"	has_biolink:GeneOrGeneProduct
10.17917	hgnc:19096	HasGeneorgeneproduct	"tabular_data;experimental_data"	has_biolink:GeneOrGeneProduct
10.17917	hgnc:11620	HasGeneorgeneproduct	"tabular_data;experimental_data"	has_biolink:GeneOrGeneProduct
10.17917	hgnc:4381	HasGeneorgeneproduct	"tabular_data;experimental_data"	has_biolink:GeneOrGeneProduct
10.17917	hgnc:9982	HasGeneorgeneproduct	"tabular_data;experimental_data"	has_biolink:GeneOrGeneProduct
10.17917	hgnc:15860	HasGeneorgeneproduct	"tabular_data;experimental_data"	has_biolink:GeneOrGeneProduct
10.17917	chebi:31344	HasSmallmolecule	"tabular_data;experimental_data"	has_biolink:SmallMolecule
10.17917	hgnc:7579	HasGeneorgeneproduct	"tabular_data;experimental_data"	has_biolink:GeneOrGeneProduct
10.17917	hgnc:3243	HasGeneorgeneproduct	"tabular_data;experimental_data"	has_biolink:GeneOrGeneProduct
10.17917	hgnc:23703	HasGeneorgeneproduct	"tabular_data;experimental_data"	has_biolink:GeneOrGeneProduct
10.17917	hgnc:3244	HasGeneorgeneproduct	"tabular_data;experimental_data"	has_biolink:GeneOrGeneProduct
10.17917	hgnc:8905	HasGeneorgeneproduct	"tabular_data;experimental_data"	has_biolink:GeneOrGeneProduct
10.17917	hgnc:4839	HasGeneorgeneproduct	"tabular_data;experimental_data"	has_biolink:GeneOrGeneProduct
10.17917	hgnc:10885	HasGeneorgeneproduct	"tabular_data;experimental_data"	has_biolink:GeneOrGeneProduct
10.17917	hgnc:2231	HasGeneorgeneproduct	"tabular_data;experimental_data"	has_biolink:GeneOrGeneProduct
10.17917	hgnc:5175	HasGeneorgeneproduct	"tabular_data;experimental_data"	has_biolink:GeneOrGeneProduct
10.17917	hgnc:33238	HasGeneorgeneproduct	"tabular_data;experimental_data"	has_biolink:GeneOrGeneProduct
10.17917	hgnc:14673	HasGeneorgeneproduct	"tabular_data;experimental_data"	has_biolink:GeneOrGeneProduct
10.17917	hgnc:16820	HasGeneorgeneproduct	"tabular_data;experimental_data"	has_biolink:GeneOrGeneProduct
10.17917	hgnc:9056	HasGeneorgeneproduct	"tabular_data;experimental_data"	has_biolink:GeneOrGeneProduct
10.17917	hgnc:9673	HasGeneorgeneproduct	"tabular_data;experimental_data"	has_biolink:GeneOrGeneProduct
10.17917	hgnc:2315	HasGeneorgeneproduct	"tabular_data;experimental_data"	has_biolink:GeneOrGeneProduct
10.17917	hgnc:29550	HasGeneorgeneproduct	"tabular_data;experimental_data"	has_biolink:GeneOrGeneProduct
10.17917	hgnc:8919	HasGeneorgeneproduct	"tabular_data;experimental_data"	has_biolink:GeneOrGeneProduct
10.17917	hgnc:6518	HasGeneorgeneproduct	"tabular_data;experimental_data"	has_biolink:GeneOrGeneProduct
10.17917	hgnc:1212	HasGeneorgeneproduct	"tabular_data;experimental_data"	has_biolink:GeneOrGeneProduct
10.17917	hgnc:16639	HasGeneorgeneproduct	"tabular_data;experimental_data"	has_biolink:GeneOrGeneProduct
10.17917	hgnc:17292	HasGeneorgeneproduct	"tabular_data;experimental_data"	has_biolink:GeneOrGeneProduct
10.17917	hgnc:19075	HasGeneorgeneproduct	"tabular_data;experimental_data"	has_biolink:GeneOrGeneProduct
10.17917	hgnc:24188	HasGeneorgeneproduct	"tabular_data;experimental_data"	has_biolink:GeneOrGeneProduct
10.17917	hgnc:11503	HasGeneorgeneproduct	"tabular_data;experimental_data"	has_biolink:GeneOrGeneProduct
10.17917	hgnc:16517	HasGeneorgeneproduct	"tabular_data;experimental_data"	has_biolink:GeneOrGeneProduct
10.17917	hgnc:15514	HasGeneorgeneproduct	"tabular_data;experimental_data"	has_biolink:GeneOrGeneProduct
10.17917	hgnc:18664	HasGeneorgeneproduct	"tabular_data;experimental_data"	has_biolink:GeneOrGeneProduct
10.17917	hgnc:7824	HasGeneorgeneproduct	"tabular_data;experimental_data"	has_biolink:GeneOrGeneProduct
10.17917	hgnc:23784	HasGeneorgeneproduct	"tabular_data;experimental_data"	has_biolink:GeneOrGeneProduct
10.17917	hgnc:9772	HasGeneorgeneproduct	"tabular_data;experimental_data"	has_biolink:GeneOrGeneProduct
10.17917	hgnc:17372	HasGeneorgeneproduct	"tabular_data;experimental_data"	has_biolink:GeneOrGeneProduct
10.17917	hgnc:5193	HasGeneorgeneproduct	"tabular_data;experimental_data"	has_biolink:GeneOrGeneProduct
10.17917	hgnc:3403	HasGeneorgeneproduct	"tabular_data;experimental_data"	has_biolink:GeneOrGeneProduct
10.17917	hgnc:16475	HasGeneorgeneproduct	"tabular_data;experimental_data"	has_biolink:GeneOrGeneProduct
10.17917	hgnc:21077	HasGeneorgeneproduct	"tabular_data;experimental_data"	has_biolink:GeneOrGeneProduct
10.17917	hgnc:12719	HasGeneorgeneproduct	"tabular_data;experimental_data"	has_biolink:GeneOrGeneProduct
10.17917	hgnc:2335	HasGeneorgeneproduct	"tabular_data;experimental_data"	has_biolink:GeneOrGeneProduct
10.17917	hgnc:24583	HasGeneorgeneproduct	"tabular_data;experimental_data"	has_biolink:GeneOrGeneProduct
10.17917	hgnc:6707	HasGeneorgeneproduct	"tabular_data;experimental_data"	has_biolink:GeneOrGeneProduct
10.17917	hgnc:869	HasGeneorgeneproduct	"tabular_data;experimental_data"	has_biolink:GeneOrGeneProduct
10.17917	hgnc:54	HasGeneorgeneproduct	"tabular_data;experimental_data"	has_biolink:GeneOrGeneProduct
10.17917	hgnc:28862	HasGeneorgeneproduct	"tabular_data;experimental_data"	has_biolink:GeneOrGeneProduct
10.17917	hgnc:555	HasGeneorgeneproduct	"tabular_data;experimental_data"	has_biolink:GeneOrGeneProduct
10.17917	hgnc:15909	HasGeneorgeneproduct	"tabular_data;experimental_data"	has_biolink:GeneOrGeneProduct
10.17917	hgnc:26617	HasGeneorgeneproduct	"tabular_data;experimental_data"	has_biolink:GeneOrGeneProduct
10.17917	hgnc:30313	HasGeneorgeneproduct	"tabular_data;experimental_data"	has_biolink:GeneOrGeneProduct
10.17917	hgnc:7451	HasGeneorgeneproduct	"tabular_data;experimental_data"	has_biolink:GeneOrGeneProduct
10.17917	hgnc:3495	HasGeneorgeneproduct	"tabular_data;experimental_data"	has_biolink:GeneOrGeneProduct
10.17917	hgnc:3288	HasGeneorgeneproduct	"tabular_data;experimental_data"	has_biolink:GeneOrGeneProduct
10.17917	hgnc:25550	HasGeneorgeneproduct	"tabular_data;experimental_data"	has_biolink:GeneOrGeneProduct
10.17917	hgnc:10515	HasGene	"tabular_data;experimental_data"	has_biolink:Gene
10.17917	chebi:132781	HasSmallmolecule	"tabular_data;experimental_data"	has_biolink:SmallMolecule
10.17917	hgnc:2156	HasGeneorgeneproduct	"tabular_data;experimental_data"	has_biolink:GeneOrGeneProduct
10.17917	hgnc:12767	HasGeneorgeneproduct	"tabular_data;experimental_data"	has_biolink:GeneOrGeneProduct
10.17917	hgnc:10461	HasGeneorgeneproduct	"tabular_data;experimental_data"	has_biolink:GeneOrGeneProduct
10.17917	hgnc:6205	HasGeneorgeneproduct	"tabular_data;experimental_data"	has_biolink:GeneOrGeneProduct
10.17917	hgnc:19286	HasGeneorgeneproduct	"tabular_data;experimental_data"	has_biolink:GeneOrGeneProduct
10.17917	hgnc:25782	HasGeneorgeneproduct	"tabular_data;experimental_data"	has_biolink:GeneOrGeneProduct
10.17917	hgnc:26084	HasGeneorgeneproduct	"tabular_data;experimental_data"	has_biolink:GeneOrGeneProduct
10.17917	hgnc:20261	HasGeneorgeneproduct	"tabular_data;experimental_data"	has_biolink:GeneOrGeneProduct
10.17917	hgnc:4456	HasGeneorgeneproduct	"tabular_data;experimental_data"	has_biolink:GeneOrGeneProduct
10.17917	hgnc:2324	HasGeneorgeneproduct	"tabular_data;experimental_data"	has_biolink:GeneOrGeneProduct
10.17917	hgnc:10872	HasGeneorgeneproduct	"tabular_data;experimental_data"	has_biolink:GeneOrGeneProduct
10.17917	hgnc:45089	HasRnaproduct	"tabular_data;experimental_data"	has_biolink:RNAProduct
10.17917	chebi:29830	HasSmallmolecule	"tabular_data;experimental_data"	has_biolink:SmallMolecule
10.17917	hgnc:18714	HasGeneorgeneproduct	"tabular_data;experimental_data"	has_biolink:GeneOrGeneProduct
10.17917	hgnc:352	HasGeneorgeneproduct	"tabular_data;experimental_data"	has_biolink:GeneOrGeneProduct
10.17917	hgnc:9090	HasGeneorgeneproduct	"tabular_data;experimental_data"	has_biolink:GeneOrGeneProduct
10.17917	hgnc:5164	HasGeneorgeneproduct	"tabular_data;experimental_data"	has_biolink:GeneOrGeneProduct
10.17917	hgnc:13200	HasGeneorgeneproduct	"tabular_data;experimental_data"	has_biolink:GeneOrGeneProduct
10.17917	hgnc:20309	HasGeneorgeneproduct	"tabular_data;experimental_data"	has_biolink:GeneOrGeneProduct
10.17917	hgnc:1801	HasGeneorgeneproduct	"tabular_data;experimental_data"	has_biolink:GeneOrGeneProduct
10.17917	hgnc:16944	HasGeneorgeneproduct	"tabular_data;experimental_data"	has_biolink:GeneOrGeneProduct
10.17917	hgnc:11429	HasGeneorgeneproduct	"tabular_data;experimental_data"	has_biolink:GeneOrGeneProduct
10.17917	hgnc:2025	HasGeneorgeneproduct	"tabular_data;experimental_data"	has_biolink:GeneOrGeneProduct
10.17917	hgnc:3696	HasGeneorgeneproduct	"tabular_data;experimental_data"	has_biolink:GeneOrGeneProduct
10.17917	hgnc:51	HasGeneorgeneproduct	"tabular_data;experimental_data"	has_biolink:GeneOrGeneProduct
10.17917	hgnc:712	HasGeneorgeneproduct	"tabular_data;experimental_data"	has_biolink:GeneOrGeneProduct
10.17917	hgnc:4706	HasGeneorgeneproduct	"tabular_data;experimental_data"	has_biolink:GeneOrGeneProduct
10.17917	hgnc:18007	HasGeneorgeneproduct	"tabular_data;experimental_data"	has_biolink:GeneOrGeneProduct
10.17917	hgnc:11839	HasGeneorgeneproduct	"tabular_data;experimental_data"	has_biolink:GeneOrGeneProduct
10.17917	hgnc:8546	HasGeneorgeneproduct	"tabular_data;experimental_data"	has_biolink:GeneOrGeneProduct
10.17917	hgnc:19182	HasGeneorgeneproduct	"tabular_data;experimental_data"	has_biolink:GeneOrGeneProduct
10.17917	hgnc:30465	HasGeneorgeneproduct	"tabular_data;experimental_data"	has_biolink:GeneOrGeneProduct
10.17917	hgnc:29271	HasGeneorgeneproduct	"tabular_data;experimental_data"	has_biolink:GeneOrGeneProduct
10.17917	hgnc:129	HasGeneorgeneproduct	"tabular_data;experimental_data"	has_biolink:GeneOrGeneProduct
10.17917	hgnc:7200	HasGeneorgeneproduct	"tabular_data;experimental_data"	has_biolink:GeneOrGeneProduct
10.17917	hgnc:17147	HasGeneorgeneproduct	"tabular_data;experimental_data"	has_biolink:GeneOrGeneProduct
10.17917	hgnc:3242	HasGeneorgeneproduct	"tabular_data;experimental_data"	has_biolink:GeneOrGeneProduct
10.17917	chebi:63550	HasSmallmolecule	"tabular_data;experimental_data"	has_biolink:SmallMolecule
10.17917	hgnc:29531	HasGeneorgeneproduct	"tabular_data;experimental_data"	has_biolink:GeneOrGeneProduct
10.17917	hgnc:15687	HasGeneorgeneproduct	"tabular_data;experimental_data"	has_biolink:GeneOrGeneProduct
10.17917	hgnc:15768	HasGeneorgeneproduct	"tabular_data;experimental_data"	has_biolink:GeneOrGeneProduct
10.17917	hgnc:18628	HasGeneorgeneproduct	"tabular_data;experimental_data"	has_biolink:GeneOrGeneProduct
10.17917	hgnc:29898	HasGeneorgeneproduct	"tabular_data;experimental_data"	has_biolink:GeneOrGeneProduct
10.17917	hgnc:9452	HasGeneorgeneproduct	"tabular_data;experimental_data"	has_biolink:GeneOrGeneProduct
10.17917	hgnc:28894	HasGeneorgeneproduct	"tabular_data;experimental_data"	has_biolink:GeneOrGeneProduct
10.17917	hgnc:548	HasGeneorgeneproduct	"tabular_data;experimental_data"	has_biolink:GeneOrGeneProduct
10.17917	hgnc:2704	HasGeneorgeneproduct	"tabular_data;experimental_data"	has_biolink:GeneOrGeneProduct
10.17917	hgnc:29517	HasGeneorgeneproduct	"tabular_data;experimental_data"	has_biolink:GeneOrGeneProduct
10.17917	hgnc:9265	HasGene	"tabular_data;experimental_data"	has_biolink:Gene
10.17917	hgnc:4862	HasGeneorgeneproduct	"tabular_data;experimental_data"	has_biolink:GeneOrGeneProduct
10.17917	hgnc:11312	HasGeneorgeneproduct	"tabular_data;experimental_data"	has_biolink:GeneOrGeneProduct
10.17917	hgnc:30092	HasGeneorgeneproduct	"tabular_data;experimental_data"	has_biolink:GeneOrGeneProduct
10.17917	hgnc:6529	HasGeneorgeneproduct	"tabular_data;experimental_data"	has_biolink:GeneOrGeneProduct
10.17917	hgnc:5401	HasGeneorgeneproduct	"tabular_data;experimental_data"	has_biolink:GeneOrGeneProduct
10.17917	hgnc:32594	HasGeneorgeneproduct	"tabular_data;experimental_data"	has_biolink:GeneOrGeneProduct
10.17917	hgnc:9920	HasGeneorgeneproduct	"tabular_data;experimental_data"	has_biolink:GeneOrGeneProduct
10.17917	hgnc:30021	HasGeneorgeneproduct	"tabular_data;experimental_data"	has_biolink:GeneOrGeneProduct
10.17917	hgnc:30323	HasGeneorgeneproduct	"tabular_data;experimental_data"	has_biolink:GeneOrGeneProduct
10.17917	hgnc:11869	HasGeneorgeneproduct	"tabular_data;experimental_data"	has_biolink:GeneOrGeneProduct
10.17917	hgnc:3569	HasGeneorgeneproduct	"tabular_data;experimental_data"	has_biolink:GeneOrGeneProduct
10.17917	hgnc:2157	HasGeneorgeneproduct	"tabular_data;experimental_data"	has_biolink:GeneOrGeneProduct
10.17917	hgnc:225	HasGeneorgeneproduct	"tabular_data;experimental_data"	has_biolink:GeneOrGeneProduct
10.17917	hgnc:24118	HasGeneorgeneproduct	"tabular_data;experimental_data"	has_biolink:GeneOrGeneProduct
10.17917	hgnc:2681	HasGeneorgeneproduct	"tabular_data;experimental_data"	has_biolink:GeneOrGeneProduct
10.17917	hgnc:4036	HasGeneorgeneproduct	"tabular_data;experimental_data"	has_biolink:GeneOrGeneProduct
10.17917	hgnc:4182	HasGeneorgeneproduct	"tabular_data;experimental_data"	has_biolink:GeneOrGeneProduct
10.17917	hgnc:11206	HasGeneorgeneproduct	"tabular_data;experimental_data"	has_biolink:GeneOrGeneProduct
10.17917	hgnc:9612	HasGeneorgeneproduct	"tabular_data;experimental_data"	has_biolink:GeneOrGeneProduct
10.17917	hgnc:7422	HasGeneorgeneproduct	"tabular_data;experimental_data"	has_biolink:GeneOrGeneProduct
10.17917	hgnc:28286	HasGeneorgeneproduct	"tabular_data;experimental_data"	has_biolink:GeneOrGeneProduct
10.17917	hgnc:30034	HasGeneorgeneproduct	"tabular_data;experimental_data"	has_biolink:GeneOrGeneProduct
10.17917	chebi:15554	HasSmallmolecule	"tabular_data;experimental_data"	has_biolink:SmallMolecule
10.17917	hgnc:20480	HasGeneorgeneproduct	"tabular_data;experimental_data"	has_biolink:GeneOrGeneProduct
10.17917	hgnc:8992	HasGeneorgeneproduct	"tabular_data;experimental_data"	has_biolink:GeneOrGeneProduct
10.17917	hgnc:3755	HasGeneorgeneproduct	"tabular_data;experimental_data"	has_biolink:GeneOrGeneProduct
10.17917	hgnc:4183	HasGeneorgeneproduct	"tabular_data;experimental_data"	has_biolink:GeneOrGeneProduct
10.17917	hgnc:10856	HasGeneorgeneproduct	"tabular_data;experimental_data"	has_biolink:GeneOrGeneProduct
10.17917	chebi:33376	HasSmallmolecule	"tabular_data;experimental_data"	has_biolink:SmallMolecule
10.17917	efo:0008529	HasExperimentalFactor	"tabular_data;experimental_data"	has_experimental_factor
10.17917	efo:0004509	HasExperimentalFactor	"tabular_data;experimental_data"	has_experimental_factor
10.17917	efo:0004526	HasExperimentalFactor	"tabular_data;experimental_data"	has_experimental_factor
10.17917	mesh:D004912	HasGrossanatomicalstructure	"tabular_data;experimental_data"	has_biolink:GrossAnatomicalStructure
10.17917	mesh:D015417	HasDisease	"tabular_data;experimental_data"	has_biolink:Disease
10.17917	fplx:IL2R	HasMacromolecularcomplexorproteinfamily	"tabular_data;experimental_data"	has_biolink:MacromolecularComplexOrProteinFamily
10.17917	hgnc:6025	HasGeneorgeneproduct	"tabular_data;experimental_data"	has_biolink:GeneOrGeneProduct
10.17917	hgnc:4893	HasGeneorgeneproduct	"tabular_data;experimental_data"	has_biolink:GeneOrGeneProduct
10.17917	mesh:D003582	HasOther	"tabular_data;experimental_data"	has_other
10.17917	mesh:D006630	HasOther	"tabular_data;experimental_data"	has_other
10.17917	chebi:28112	HasSmallmolecule	"tabular_data;experimental_data"	has_biolink:SmallMolecule
10.17917	go:0016049	HasBiologicalprocess	"tabular_data;experimental_data"	has_biolink:BiologicalProcess
10.17917	mesh:D012723	HasBiologicalprocess	"tabular_data;experimental_data"	has_biolink:BiologicalProcess
10.17917	mesh:D001213	HasOther	"tabular_data;experimental_data"	has_other
10.17917	mesh:D004947	HasGrossanatomicalstructure	"tabular_data;experimental_data"	has_biolink:GrossAnatomicalStructure
10.17917	mesh:D012535	HasGrossanatomicalstructure	"tabular_data;experimental_data"	has_biolink:GrossAnatomicalStructure
10.17917	mesh:D014599	HasGrossanatomicalstructure	"tabular_data;experimental_data"	has_biolink:GrossAnatomicalStructure
10.17917	chebi:46058	HasSmallmolecule	"tabular_data;experimental_data"	has_biolink:SmallMolecule
10.17917	mesh:D011878	HasExperimentalFactor	"tabular_data;experimental_data"	has_experimental_factor
10.17917	mesh:D014612	HasSmallmolecule	"tabular_data;experimental_data"	has_biolink:SmallMolecule
10.17917	mesh:D002621	HasOther	"tabular_data;experimental_data"	has_other
10.17917	efo:0009629	HasExperimentalFactor	"tabular_data;experimental_data"	has_experimental_factor
10.17917	mesh:D008107	HasDisease	"tabular_data;experimental_data"	has_biolink:Disease
10.17917	mesh:D018450	HasDisease	"tabular_data;experimental_data"	has_biolink:Disease
10.17917	chebi:192407	HasSmallmolecule	"tabular_data;experimental_data"	has_biolink:SmallMolecule
10.17917	efo:0002902	HasExperimentalFactor	"tabular_data;experimental_data"	has_experimental_factor
10.17917	mesh:C477144	HasSmallmolecule	"tabular_data;experimental_data"	has_biolink:SmallMolecule
10.17917	hgnc:32561	HasRnaproduct	"tabular_data;experimental_data"	has_biolink:RNAProduct
10.17917	chebi:31643	HasSmallmolecule	"tabular_data;experimental_data"	has_biolink:SmallMolecule
10.17917	hgnc:17941	HasGeneorgeneproduct	"tabular_data;experimental_data"	has_biolink:GeneOrGeneProduct
10.17917	hgnc:22144	HasGeneorgeneproduct	"tabular_data;experimental_data"	has_biolink:GeneOrGeneProduct
10.17917	hgnc:3603	HasGeneorgeneproduct	"tabular_data;experimental_data"	has_biolink:GeneOrGeneProduct
10.17917	mesh:D055613	HasDisease	"tabular_data;experimental_data"	has_biolink:Disease
10.17917	hp:0034388	HasDisease	"tabular_data;experimental_data"	has_biolink:Disease
10.17917	mesh:D003528	HasDisease	"tabular_data;experimental_data"	has_biolink:Disease
10.17917	mesh:D013945	HasDisease	"tabular_data;experimental_data"	has_biolink:Disease
10.17917	mesh:D012007	HasGrossanatomicalstructure	"tabular_data;experimental_data"	has_biolink:GrossAnatomicalStructure
10.17917	hgnc:7029	HasGeneorgeneproduct	"tabular_data;experimental_data"	has_biolink:GeneOrGeneProduct
10.17917	mesh:D007083	HasGrossanatomicalstructure	"tabular_data;experimental_data"	has_biolink:GrossAnatomicalStructure
10.17917	mesh:D006869	HasDisease	"tabular_data;experimental_data"	has_biolink:Disease
10.17917	mesh:D010996	HasDisease	"tabular_data;experimental_data"	has_biolink:Disease
10.17917	mesh:D002294	HasDisease	"tabular_data;experimental_data"	has_biolink:Disease
10.17917	mesh:D012809	HasGrossanatomicalstructure	"tabular_data;experimental_data"	has_biolink:GrossAnatomicalStructure
10.17917	chebi:53076	HasSmallmolecule	"tabular_data;experimental_data"	has_biolink:SmallMolecule
10.17917	chebi:49183	HasSmallmolecule	"tabular_data;experimental_data"	has_biolink:SmallMolecule
10.17917	mesh:C514459	HasSmallmolecule	"tabular_data;experimental_data"	has_biolink:SmallMolecule
10.17917	go:0035061	HasCellularcomponent	"tabular_data;experimental_data"	has_biolink:CellularComponent
10.17917	chebi:18291	HasSmallmolecule	"tabular_data;experimental_data"	has_biolink:SmallMolecule
10.17917	mesh:D015032	HasSmallmolecule	"tabular_data;experimental_data"	has_biolink:SmallMolecule
10.17917	mesh:D064886	HasOther	"tabular_data;experimental_data"	has_other
10.17917	mesh:D064591	HasGrossanatomicalstructure	"tabular_data;experimental_data"	has_biolink:GrossAnatomicalStructure
10.17917	mesh:D002584	HasGrossanatomicalstructure	"tabular_data;experimental_data"	has_biolink:GrossAnatomicalStructure
10.17917	efo:0000487	HasExperimentalFactor	"tabular_data;experimental_data"	has_experimental_factor
10.17917	hgnc:29504	HasGeneorgeneproduct	"tabular_data;experimental_data"	has_biolink:GeneOrGeneProduct
10.17917	chebi:5971	HasSmallmolecule	"tabular_data;experimental_data"	has_biolink:SmallMolecule
10.17917	mesh:D005911	HasDisease	"tabular_data;experimental_data"	has_biolink:Disease
10.17917	chebi:36159	HasSmallmolecule	"tabular_data;experimental_data"	has_biolink:SmallMolecule
10.17917	chebi:3962	HasSmallmolecule	"tabular_data;experimental_data"	has_biolink:SmallMolecule
10.17917	chebi:16236	HasSmallmolecule	"tabular_data;experimental_data"	has_biolink:SmallMolecule
10.17917	efo:1001891	HasExperimentalFactor	"tabular_data;experimental_data"	has_experimental_factor
10.17917	mesh:D004408	HasDisease	"tabular_data;experimental_data"	has_biolink:Disease
10.17917	mesh:D000637	HasGeneorgeneproduct	"tabular_data;experimental_data"	has_biolink:GeneOrGeneProduct
10.17917	efo:0009641	HasExperimentalFactor	"tabular_data;experimental_data"	has_experimental_factor
10.17917	mesh:D013542	HasGrossanatomicalstructure	"tabular_data;experimental_data"	has_biolink:GrossAnatomicalStructure
10.17917	mesh:D019584	HasDisease	"tabular_data;experimental_data"	has_biolink:Disease
10.17917	hp:0031352	HasDisease	"tabular_data;experimental_data"	has_biolink:Disease
10.17917	mesh:D017116	HasDisease	"tabular_data;experimental_data"	has_biolink:Disease
10.17917	mesh:D009503	HasDisease	"tabular_data;experimental_data"	has_biolink:Disease
10.17917	mesh:D009437	HasDisease	"tabular_data;experimental_data"	has_biolink:Disease
10.17917	hp:0031088	HasDisease	"tabular_data;experimental_data"	has_biolink:Disease
10.17917	mesh:D003556	HasDisease	"tabular_data;experimental_data"	has_biolink:Disease
10.17917	chebi:27656	HasSmallmolecule	"tabular_data;experimental_data"	has_biolink:SmallMolecule
10.17917	chebi:16973	HasSmallmolecule	"tabular_data;experimental_data"	has_biolink:SmallMolecule
10.17917	chebi:17855	HasSmallmolecule	"tabular_data;experimental_data"	has_biolink:SmallMolecule
10.17917	mesh:D009000	HasGrossanatomicalstructure	"tabular_data;experimental_data"	has_biolink:GrossAnatomicalStructure
10.17917	mesh:D002277	HasDisease	"tabular_data;experimental_data"	has_biolink:Disease
10.17917	mesh:D003536	HasDisease	"tabular_data;experimental_data"	has_biolink:Disease
10.17917	fplx:G_i	HasMacromolecularcomplexorproteinfamily	"tabular_data;experimental_data"	has_biolink:MacromolecularComplexOrProteinFamily
10.17917	efo:0002751	HasExperimentalFactor	"tabular_data;experimental_data"	has_experimental_factor
10.17917	doid:2660	HasDisease	"tabular_data;experimental_data"	has_biolink:Disease
10.17917	mesh:D062625	HasDisease	"tabular_data;experimental_data"	has_biolink:Disease
10.17917	mesh:D003338	HasGrossanatomicalstructure	"tabular_data;experimental_data"	has_biolink:GrossAnatomicalStructure
10.17917	mesh:D050378	HasGrossanatomicalstructure	"tabular_data;experimental_data"	has_biolink:GrossAnatomicalStructure
10.17917	mesh:D000818	HasOrganismtaxon	"tabular_data;experimental_data"	has_biolink:OrganismTaxon
10.17917	mesh:D015431	HasDisease	"tabular_data;experimental_data"	has_biolink:Disease
10.17917	efo:0009285	HasExperimentalFactor	"tabular_data;experimental_data"	has_experimental_factor
10.17917	hgnc:37171	HasRnaproduct	"tabular_data;experimental_data"	has_biolink:RNAProduct
10.17917	hgnc:12333	HasGeneorgeneproduct	"tabular_data;experimental_data"	has_biolink:GeneOrGeneProduct
10.17917	mesh:D014024	HasGrossanatomicalstructure	"tabular_data;experimental_data"	has_biolink:GrossAnatomicalStructure
10.17917	chebi:25367	HasSmallmolecule	"tabular_data;experimental_data"	has_biolink:SmallMolecule
10.17917	go:0009056	HasBiologicalprocess	"tabular_data;experimental_data"	has_biolink:BiologicalProcess
10.17917	go:0043226	HasCellularcomponent	"tabular_data;experimental_data"	has_biolink:CellularComponent
10.17917	mesh:D019532	HasOther	"tabular_data;experimental_data"	has_other
10.17917	mesh:D009938	HasOther	"tabular_data;experimental_data"	has_other
10.17917	mesh:D019034	HasOther	"tabular_data;experimental_data"	has_other
10.17917	mesh:D004581	HasOther	"tabular_data;experimental_data"	has_other
10.17917	hp:0031796	HasDisease	"tabular_data;experimental_data"	has_biolink:Disease
10.17917	mesh:D013610	HasDisease	"tabular_data;experimental_data"	has_biolink:Disease
10.17917	mesh:D002493	HasDisease	"tabular_data;experimental_data"	has_biolink:Disease
10.17917	mesh:D000093222	HasOther	"tabular_data;experimental_data"	has_other
10.17917	hp:0033823	HasDisease	"tabular_data;experimental_data"	has_biolink:Disease
10.17917	mesh:D006529	HasDisease	"tabular_data;experimental_data"	has_biolink:Disease
10.17917	mesh:D013163	HasDisease	"tabular_data;experimental_data"	has_biolink:Disease
10.17917	mesh:D000072281	HasDisease	"tabular_data;experimental_data"	has_biolink:Disease
10.17917	hgnc:8155	HasGeneorgeneproduct	"tabular_data;experimental_data"	has_biolink:GeneOrGeneProduct
10.17917	efo:0001236	HasExperimentalFactor	"tabular_data;experimental_data"	has_experimental_factor
10.17917	mesh:D014456	HasDisease	"tabular_data;experimental_data"	has_biolink:Disease
10.17917	chebi:33281	HasSmallmolecule	"tabular_data;experimental_data"	has_biolink:SmallMolecule
10.17917	chebi:38311	HasSmallmolecule	"tabular_data;experimental_data"	has_biolink:SmallMolecule
10.17917	chebi:3493	HasSmallmolecule	"tabular_data;experimental_data"	has_biolink:SmallMolecule
10.17917	chebi:478164	HasSmallmolecule	"tabular_data;experimental_data"	has_biolink:SmallMolecule
10.17917	chebi:204928	HasSmallmolecule	"tabular_data;experimental_data"	has_biolink:SmallMolecule
10.17917	chebi:3508	HasSmallmolecule	"tabular_data;experimental_data"	has_biolink:SmallMolecule
10.17917	chebi:46765	HasSmallmolecule	"tabular_data;experimental_data"	has_biolink:SmallMolecule
10.17917	chebi:471744	HasSmallmolecule	"tabular_data;experimental_data"	has_biolink:SmallMolecule
10.17917	chebi:50695	HasSmallmolecule	"tabular_data;experimental_data"	has_biolink:SmallMolecule
10.17917	chebi:161680	HasSmallmolecule	"tabular_data;experimental_data"	has_biolink:SmallMolecule
10.17917	chebi:2676	HasSmallmolecule	"tabular_data;experimental_data"	has_biolink:SmallMolecule
10.17917	chebi:17334	HasSmallmolecule	"tabular_data;experimental_data"	has_biolink:SmallMolecule
10.17917	chebi:7809	HasSmallmolecule	"tabular_data;experimental_data"	has_biolink:SmallMolecule
10.17917	chebi:35358	HasSmallmolecule	"tabular_data;experimental_data"	has_biolink:SmallMolecule
10.17917	chebi:3770	HasSmallmolecule	"tabular_data;experimental_data"	has_biolink:SmallMolecule
10.17917	mesh:D024841	HasSmallmolecule	"tabular_data;experimental_data"	has_biolink:SmallMolecule
10.17917	chebi:100241	HasSmallmolecule	"tabular_data;experimental_data"	has_biolink:SmallMolecule
10.17917	chebi:100246	HasSmallmolecule	"tabular_data;experimental_data"	has_biolink:SmallMolecule
10.17917	chebi:5280	HasSmallmolecule	"tabular_data;experimental_data"	has_biolink:SmallMolecule
10.17917	chebi:7731	HasSmallmolecule	"tabular_data;experimental_data"	has_biolink:SmallMolecule
10.17917	chebi:47779	HasSmallmolecule	"tabular_data;experimental_data"	has_biolink:SmallMolecule
10.17917	chebi:17833	HasSmallmolecule	"tabular_data;experimental_data"	has_biolink:SmallMolecule
10.17917	chebi:2637	HasSmallmolecule	"tabular_data;experimental_data"	has_biolink:SmallMolecule
10.17917	chebi:28864	HasSmallmolecule	"tabular_data;experimental_data"	has_biolink:SmallMolecule
10.17917	chebi:25106	HasSmallmolecule	"tabular_data;experimental_data"	has_biolink:SmallMolecule
10.17917	chebi:48923	HasSmallmolecule	"tabular_data;experimental_data"	has_biolink:SmallMolecule
10.17917	chebi:22565	HasSmallmolecule	"tabular_data;experimental_data"	has_biolink:SmallMolecule
10.17917	chebi:28077	HasSmallmolecule	"tabular_data;experimental_data"	has_biolink:SmallMolecule
10.17917	chebi:27902	HasSmallmolecule	"tabular_data;experimental_data"	has_biolink:SmallMolecule
10.17917	chebi:23765	HasSmallmolecule	"tabular_data;experimental_data"	has_biolink:SmallMolecule
10.17917	chebi:100147	HasSmallmolecule	"tabular_data;experimental_data"	has_biolink:SmallMolecule
10.17917	chebi:17698	HasSmallmolecule	"tabular_data;experimental_data"	has_biolink:SmallMolecule
10.17917	mesh:D007267	HasExperimentalFactor	"tabular_data;experimental_data"	has_experimental_factor
10.17917	hgnc:13395	HasGeneorgeneproduct	"tabular_data;experimental_data"	has_biolink:GeneOrGeneProduct
10.17917	hgnc:30227	HasGeneorgeneproduct	"tabular_data;experimental_data"	has_biolink:GeneOrGeneProduct
10.17917	hgnc:4204	HasGeneorgeneproduct	"tabular_data;experimental_data"	has_biolink:GeneOrGeneProduct
10.17917	mesh:D011827	HasBiologicalprocess	"tabular_data;experimental_data"	has_biolink:BiologicalProcess
10.17917	hgnc:9076	HasGeneorgeneproduct	"tabular_data;experimental_data"	has_biolink:GeneOrGeneProduct
10.17917	mesh:D013502	HasOther	"tabular_data;experimental_data"	has_other
10.17917	mesh:D008408	HasExperimentalFactor	"tabular_data;experimental_data"	has_experimental_factor
10.17917	efo:0004134	HasExperimentalFactor	"tabular_data;experimental_data"	has_experimental_factor
10.17917	hgnc:13152	HasGene	"tabular_data;experimental_data"	has_biolink:Gene
10.17917	hgnc:8117	HasGeneorgeneproduct	"tabular_data;experimental_data"	has_biolink:GeneOrGeneProduct
10.17917	hgnc:13918	HasGeneorgeneproduct	"tabular_data;experimental_data"	has_biolink:GeneOrGeneProduct
10.17917	hgnc:13919	HasGeneorgeneproduct	"tabular_data;experimental_data"	has_biolink:GeneOrGeneProduct
10.17917	efo:0005514	HasExperimentalFactor	"tabular_data;experimental_data"	has_experimental_factor
10.17917	fplx:ESR	HasMacromolecularcomplexorproteinfamily	"tabular_data;experimental_data"	has_biolink:MacromolecularComplexOrProteinFamily
10.17917	chebi:32594	HasSmallmolecule	"tabular_data;experimental_data"	has_biolink:SmallMolecule
10.17917	mesh:D014497	HasGrossanatomicalstructure	"tabular_data;experimental_data"	has_biolink:GrossAnatomicalStructure
10.17917	chebi:133232	HasSmallmolecule	"tabular_data;experimental_data"	has_biolink:SmallMolecule
10.17917	hgnc:3541	HasGeneorgeneproduct	"tabular_data;experimental_data"	has_biolink:GeneOrGeneProduct
10.17917	mesh:C006011	HasSmallmolecule	"tabular_data;experimental_data"	has_biolink:SmallMolecule
10.17917	mesh:D007682	HasGrossanatomicalstructure	"tabular_data;experimental_data"	has_biolink:GrossAnatomicalStructure
10.17917	chebi:4672	HasSmallmolecule	"tabular_data;experimental_data"	has_biolink:SmallMolecule
10.17917	hgnc:10539	HasGeneorgeneproduct	"tabular_data;experimental_data"	has_biolink:GeneOrGeneProduct
10.17917	hgnc:736	HasGeneorgeneproduct	"tabular_data;experimental_data"	has_biolink:GeneOrGeneProduct
10.17917	go:0005739	HasCellularcomponent	"tabular_data;experimental_data"	has_biolink:CellularComponent
10.17917	mesh:D004579	HasBiologicalprocess	"tabular_data;experimental_data"	has_biolink:BiologicalProcess
10.17917	go:0005764	HasCellularcomponent	"tabular_data;experimental_data"	has_biolink:CellularComponent
10.17917	go:0006629	HasBiologicalprocess	"tabular_data;experimental_data"	has_biolink:BiologicalProcess
10.17917	mesh:D020501	HasOther	"tabular_data;experimental_data"	has_other
10.17917	mesh:D005123	HasGrossanatomicalstructure	"tabular_data;experimental_data"	has_biolink:GrossAnatomicalStructure
10.17917	mesh:D009830	HasGrossanatomicalstructure	"tabular_data;experimental_data"	has_biolink:GrossAnatomicalStructure
10.17917	mesh:D002531	HasGrossanatomicalstructure	"tabular_data;experimental_data"	has_biolink:GrossAnatomicalStructure
10.17917	mesh:D001933	HasGrossanatomicalstructure	"tabular_data;experimental_data"	has_biolink:GrossAnatomicalStructure
10.17917	mesh:D001513	HasExperimentalFactor	"tabular_data;experimental_data"	has_experimental_factor
10.17917	mesh:D006653	HasOther	"tabular_data;experimental_data"	has_other
10.17917	hgnc:22432	HasGeneorgeneproduct	"tabular_data;experimental_data"	has_biolink:GeneOrGeneProduct
10.17917	mesh:C516370	HasSmallmolecule	"tabular_data;experimental_data"	has_biolink:SmallMolecule
phs002371_image	chebi:16991	HasSmallmolecule	"tabular_data;experimental_data"	has_biolink:SmallMolecule
phs002371_image	chebi:51232	HasSmallmolecule	"tabular_data;experimental_data"	has_biolink:SmallMolecule
phs002371_image	mesh:D051381	HasOrganismtaxon	"tabular_data;experimental_data"	has_biolink:OrganismTaxon
phs002371_image	chebi:52661	HasSmallmolecule	"tabular_data;experimental_data"	has_biolink:SmallMolecule
phs002371_image	mesh:D011817	HasOrganismtaxon	"tabular_data;experimental_data"	has_biolink:OrganismTaxon
phs002371_image	chebi:52673	HasSmallmolecule	"tabular_data;experimental_data"	has_biolink:SmallMolecule
phs002371_image	mesh:D051379	HasOrganismtaxon	"tabular_data;experimental_data"	has_biolink:OrganismTaxon
phs002371_image	chebi:137394	HasSmallmolecule	"tabular_data;experimental_data"	has_biolink:SmallMolecule
phs002371_image	fplx:CD3	HasMacromolecularcomplexorproteinfamily	"tabular_data;experimental_data"	has_biolink:MacromolecularComplexOrProteinFamily
phs002371_image	hgnc:3337	HasGeneorgeneproduct	"tabular_data;experimental_data"	has_biolink:GeneOrGeneProduct
phs002371_image	hgnc:6152	HasGeneorgeneproduct	"tabular_data;experimental_data"	has_biolink:GeneOrGeneProduct
phs002371_image	hgnc:4709	HasGeneorgeneproduct	"tabular_data;experimental_data"	has_biolink:GeneOrGeneProduct
phs002371_image	hgnc:4567	HasGeneorgeneproduct	"tabular_data;experimental_data"	has_biolink:GeneOrGeneProduct
phs002371_image	hgnc:7107	HasGeneorgeneproduct	"tabular_data;experimental_data"	has_biolink:GeneOrGeneProduct
phs002371_image	mesh:D007633	HasGeneorgeneproduct	"tabular_data;experimental_data"	has_biolink:GeneOrGeneProduct
phs002371_image	hgnc:9666	HasGeneorgeneproduct	"tabular_data;experimental_data"	has_biolink:GeneOrGeneProduct
phs002371_image	hgnc:453	HasGeneorgeneproduct	"tabular_data;experimental_data"	has_biolink:GeneOrGeneProduct
phs002371_image	hgnc:1678	HasGeneorgeneproduct	"tabular_data;experimental_data"	has_biolink:GeneOrGeneProduct
phs002371_image	hgnc:1693	HasGeneorgeneproduct	"tabular_data;experimental_data"	has_biolink:GeneOrGeneProduct
phs002371_image	hgnc:1706	HasGeneorgeneproduct	"tabular_data;experimental_data"	has_biolink:GeneOrGeneProduct
phs002371_image	hgnc:6149	HasGeneorgeneproduct	"tabular_data;experimental_data"	has_biolink:GeneOrGeneProduct
phs002371_image	hgnc:6106	HasGeneorgeneproduct	"tabular_data;experimental_data"	has_biolink:GeneOrGeneProduct
phs002371_image	hgnc:17635	HasGeneorgeneproduct	"tabular_data;experimental_data"	has_biolink:GeneOrGeneProduct
phs002371_image	hgnc:8729	HasGeneorgeneproduct	"tabular_data;experimental_data"	has_biolink:GeneOrGeneProduct
phs002371_image	efo:0002843	HasExperimentalFactor	"tabular_data;experimental_data"	has_experimental_factor
phs002371_image	fplx:ESR	HasMacromolecularcomplexorproteinfamily	"tabular_data;experimental_data"	has_biolink:MacromolecularComplexOrProteinFamily
phs002371_image	hgnc:3467	HasGeneorgeneproduct	"tabular_data;experimental_data"	has_biolink:GeneOrGeneProduct
phs002371_image	mesh:D010799	HasGeneorgeneproduct	"tabular_data;experimental_data"	has_biolink:GeneOrGeneProduct
phs002371_image	hgnc:3430	HasGeneorgeneproduct	"tabular_data;experimental_data"	has_biolink:GeneOrGeneProduct
phs002371_image	hgnc:7315	HasGeneorgeneproduct	"tabular_data;experimental_data"	has_biolink:GeneOrGeneProduct
phs002371_image	hgnc:10327	HasGeneorgeneproduct	"tabular_data;experimental_data"	has_biolink:GeneOrGeneProduct
phs002371_image	efo:0002775	HasExperimentalFactor	"tabular_data;experimental_data"	has_experimental_factor
phs002371_image	hgnc:130	HasGeneorgeneproduct	"tabular_data;experimental_data"	has_biolink:GeneOrGeneProduct
phs002371_image	hgnc:8760	HasGeneorgeneproduct	"tabular_data;experimental_data"	has_biolink:GeneOrGeneProduct
phs002371_image	hgnc:921	HasGeneorgeneproduct	"tabular_data;experimental_data"	has_biolink:GeneOrGeneProduct
phs002371_image	chebi:37926	HasSmallmolecule	"tabular_data;experimental_data"	has_biolink:SmallMolecule
phs002371_image	hgnc:17013	HasGeneorgeneproduct	"tabular_data;experimental_data"	has_biolink:GeneOrGeneProduct
phs002371_image	hgnc:1673	HasGeneorgeneproduct	"tabular_data;experimental_data"	has_biolink:GeneOrGeneProduct
phs002371_image	hgnc:1631	HasGeneorgeneproduct	"tabular_data;experimental_data"	has_biolink:GeneOrGeneProduct
phs002371_image	hgnc:4947	HasGeneorgeneproduct	"tabular_data;experimental_data"	has_biolink:GeneOrGeneProduct
phs002371_image	hgnc:3018	HasGeneorgeneproduct	"tabular_data;experimental_data"	has_biolink:GeneOrGeneProduct
phs002371_image	hgnc:4940	HasGeneorgeneproduct	"tabular_data;experimental_data"	has_biolink:GeneOrGeneProduct
phs002371_image	chebi:59294	HasSmallmolecule	"tabular_data;experimental_data"	has_biolink:SmallMolecule
phs002371_image	hgnc:1681	HasGeneorgeneproduct	"tabular_data;experimental_data"	has_biolink:GeneOrGeneProduct
phs002371_image	hgnc:29602	HasGeneorgeneproduct	"tabular_data;experimental_data"	has_biolink:GeneOrGeneProduct
phs002371_image	chebi:33252	HasSmallmolecule	"tabular_data;experimental_data"	has_biolink:SmallMolecule
phs002371_image	mesh:D006416	HasSmallmolecule	"tabular_data;experimental_data"	has_biolink:SmallMolecule
phs002371_image	hgnc:14582	HasGeneorgeneproduct	"tabular_data;experimental_data"	has_biolink:GeneOrGeneProduct
phs002371_image	hgnc:3372	HasGeneorgeneproduct	"tabular_data;experimental_data"	has_biolink:GeneOrGeneProduct
phs002371_image	hgnc:17321	HasGeneorgeneproduct	"tabular_data;experimental_data"	has_biolink:GeneOrGeneProduct
phs002371_image	hgnc:4204	HasGeneorgeneproduct	"tabular_data;experimental_data"	has_biolink:GeneOrGeneProduct
phs002371_image	fplx:CD8	HasMacromolecularcomplexorproteinfamily	"tabular_data;experimental_data"	has_biolink:MacromolecularComplexOrProteinFamily
phs002371_image	hgnc:1603	HasGeneorgeneproduct	"tabular_data;experimental_data"	has_biolink:GeneOrGeneProduct
phs002371_image	hgnc:17195	HasGeneorgeneproduct	"tabular_data;experimental_data"	has_biolink:GeneOrGeneProduct
phs002371_image	hgnc:8905	HasGeneorgeneproduct	"tabular_data;experimental_data"	has_biolink:GeneOrGeneProduct
phs002371_image	hgnc:11599	HasGeneorgeneproduct	"tabular_data;experimental_data"	has_biolink:GeneOrGeneProduct
phs002371_image	hgnc:1820	HasGeneorgeneproduct	"tabular_data;experimental_data"	has_biolink:GeneOrGeneProduct
phs002371_image	hgnc:11127	HasGeneorgeneproduct	"tabular_data;experimental_data"	has_biolink:GeneOrGeneProduct
phs002371_image	hgnc:11148	HasGeneorgeneproduct	"tabular_data;experimental_data"	has_biolink:GeneOrGeneProduct
phs002371_image	hgnc:14530	HasGeneorgeneproduct	"tabular_data;experimental_data"	has_biolink:GeneOrGeneProduct
phs002371_image	chebi:53571	HasSmallmolecule	"tabular_data;experimental_data"	has_biolink:SmallMolecule
phs002371_image	mesh:C051931	HasGeneorgeneproduct	"tabular_data;experimental_data"	has_biolink:GeneOrGeneProduct
phs002371_image	efo:0008929	HasExperimentalFactor	"tabular_data;experimental_data"	has_experimental_factor
phs002371_image	hgnc:20603	HasGeneorgeneproduct	"tabular_data;experimental_data"	has_biolink:GeneOrGeneProduct
phs002371_image	chebi:51231	HasSmallmolecule	"tabular_data;experimental_data"	has_biolink:SmallMolecule
phs002371_image	mesh:C085321	HasSmallmolecule	"tabular_data;experimental_data"	has_biolink:SmallMolecule
phs002371_image	hgnc:8823	HasGeneorgeneproduct	"tabular_data;experimental_data"	has_biolink:GeneOrGeneProduct
phs002371_image	hgnc:1748	HasGeneorgeneproduct	"tabular_data;experimental_data"	has_biolink:GeneOrGeneProduct
phs002371_image	fplx:Actin	HasMacromolecularcomplexorproteinfamily	"tabular_data;experimental_data"	has_biolink:MacromolecularComplexOrProteinFamily
phs002371_image	hgnc:2336	HasGeneorgeneproduct	"tabular_data;experimental_data"	has_biolink:GeneOrGeneProduct
phs002371_image	hgnc:1674	HasGeneorgeneproduct	"tabular_data;experimental_data"	has_biolink:GeneOrGeneProduct
phs002371_image	hgnc:6596	HasGeneorgeneproduct	"tabular_data;experimental_data"	has_biolink:GeneOrGeneProduct
phs002371_image	hgnc:12692	HasGeneorgeneproduct	"tabular_data;experimental_data"	has_biolink:GeneOrGeneProduct
phs002371_image	hgnc:6476	HasGeneorgeneproduct	"tabular_data;experimental_data"	has_biolink:GeneOrGeneProduct
phs002371_image	hgnc:5998	HasGeneorgeneproduct	"tabular_data;experimental_data"	has_biolink:GeneOrGeneProduct
phs002371_image	hgnc:18731	HasGeneorgeneproduct	"tabular_data;experimental_data"	has_biolink:GeneOrGeneProduct
phs002371_image	fplx:HLA_DR	HasMacromolecularcomplexorproteinfamily	"tabular_data;experimental_data"	has_biolink:MacromolecularComplexOrProteinFamily
phs002371_image	fplx:Histone_H3	HasMacromolecularcomplexorproteinfamily	"tabular_data;experimental_data"	has_biolink:MacromolecularComplexOrProteinFamily
phs002371_image	hgnc:11005	HasGeneorgeneproduct	"tabular_data;experimental_data"	has_biolink:GeneOrGeneProduct
phs002371_image	hgnc:6436	HasGeneorgeneproduct	"tabular_data;experimental_data"	has_biolink:GeneOrGeneProduct
phs002371_image	hgnc:7512	HasGeneorgeneproduct	"tabular_data;experimental_data"	has_biolink:GeneOrGeneProduct
phs002371_image	hgnc:11204	HasGeneorgeneproduct	"tabular_data;experimental_data"	has_biolink:GeneOrGeneProduct
phs002371_image	hgnc:1784	HasGeneorgeneproduct	"tabular_data;experimental_data"	has_biolink:GeneOrGeneProduct
phs002371_image	hgnc:6445	HasGeneorgeneproduct	"tabular_data;experimental_data"	has_biolink:GeneOrGeneProduct
phs002371_image	hgnc:1787	HasGeneorgeneproduct	"tabular_data;experimental_data"	has_biolink:GeneOrGeneProduct
phs002371_image	hgnc:10618	HasGeneorgeneproduct	"tabular_data;experimental_data"	has_biolink:GeneOrGeneProduct
phs002371_image	hgnc:8583	HasGeneorgeneproduct	"tabular_data;experimental_data"	has_biolink:GeneOrGeneProduct
phs002371_image	hgnc:12446	HasGeneorgeneproduct	"tabular_data;experimental_data"	has_biolink:GeneOrGeneProduct
phs002371_image	hgnc:6853	HasGeneorgeneproduct	"tabular_data;experimental_data"	has_biolink:GeneOrGeneProduct
phs002371_image	mesh:D009101	HasDisease	"tabular_data;experimental_data"	has_biolink:Disease
phs002371_image	mesh:D000388	HasBiologicalprocess	"tabular_data;experimental_data"	has_biolink:BiologicalProcess
phs002371_image	chebi:19227	HasSmallmolecule	"tabular_data;experimental_data"	has_biolink:SmallMolecule
phs002371_image	hgnc:2514	HasGeneorgeneproduct	"tabular_data;experimental_data"	has_biolink:GeneOrGeneProduct
phs002371_image	hgnc:15781	HasGeneorgeneproduct	"tabular_data;experimental_data"	has_biolink:GeneOrGeneProduct
phs002371_image	hgnc:1885	HasGeneorgeneproduct	"tabular_data;experimental_data"	has_biolink:GeneOrGeneProduct
phs002371_image	chebi:87146	HasSmallmolecule	"tabular_data;experimental_data"	has_biolink:SmallMolecule
phs002371_image	fplx:Collagen	HasMacromolecularcomplexorproteinfamily	"tabular_data;experimental_data"	has_biolink:MacromolecularComplexOrProteinFamily
phs002371_image	hgnc:17433	HasGeneorgeneproduct	"tabular_data;experimental_data"	has_biolink:GeneOrGeneProduct
phs002371_image	hgnc:4931	HasGeneorgeneproduct	"tabular_data;experimental_data"	has_biolink:GeneOrGeneProduct
phs002371_image	hgnc:6740	HasGeneorgeneproduct	"tabular_data;experimental_data"	has_biolink:GeneOrGeneProduct
phs002371_image	hgnc:15590	HasGeneorgeneproduct	"tabular_data;experimental_data"	has_biolink:GeneOrGeneProduct
phs002371_image	hgnc:3535	HasGeneorgeneproduct	"tabular_data;experimental_data"	has_biolink:GeneOrGeneProduct
phs002371_image	hgnc:17190	HasGeneorgeneproduct	"tabular_data;experimental_data"	has_biolink:GeneOrGeneProduct
phs002371_image	hgnc:11128	HasGeneorgeneproduct	"tabular_data;experimental_data"	has_biolink:GeneOrGeneProduct
phs002371_image	mesh:D037102	HasGeneorgeneproduct	"tabular_data;experimental_data"	has_biolink:GeneOrGeneProduct
phs002371_image	go:0071735	HasMacromolecularcomplexorproteinfamily	"tabular_data;experimental_data"	has_biolink:MacromolecularComplexOrProteinFamily
phs002371_image	hgnc:17935	HasGeneorgeneproduct	"tabular_data;experimental_data"	has_biolink:GeneOrGeneProduct
phs002371_image	hgnc:11190	HasGeneorgeneproduct	"tabular_data;experimental_data"	has_biolink:GeneOrGeneProduct
phs002371_image	fplx:ARF_GTPase_family	HasMacromolecularcomplexorproteinfamily	"tabular_data;experimental_data"	has_biolink:MacromolecularComplexOrProteinFamily
phs002371_image	hgnc:10880	HasGeneorgeneproduct	"tabular_data;experimental_data"	has_biolink:GeneOrGeneProduct
phs002371_image	hgnc:11195	HasGeneorgeneproduct	"tabular_data;experimental_data"	has_biolink:GeneOrGeneProduct
phs002371_image	hgnc:1582	HasGeneorgeneproduct	"tabular_data;experimental_data"	has_biolink:GeneOrGeneProduct
phs002371_image	hgnc:6934	HasGeneorgeneproduct	"tabular_data;experimental_data"	has_biolink:GeneOrGeneProduct
phs002371_image	hgnc:7756	HasGeneorgeneproduct	"tabular_data;experimental_data"	has_biolink:GeneOrGeneProduct
phs002371_image	hgnc:7124	HasGeneorgeneproduct	"tabular_data;experimental_data"	has_biolink:GeneOrGeneProduct
phs002371_image	hgnc:7105	HasGeneorgeneproduct	"tabular_data;experimental_data"	has_biolink:GeneOrGeneProduct
phs002371_image	hgnc:1579	HasGeneorgeneproduct	"tabular_data;experimental_data"	has_biolink:GeneOrGeneProduct
phs002371_image	hgnc:1785	HasGeneorgeneproduct	"tabular_data;experimental_data"	has_biolink:GeneOrGeneProduct
phs002371_image	mesh:C020845	HasSmallmolecule	"tabular_data;experimental_data"	has_biolink:SmallMolecule
phs002371_image	fplx:S100	HasMacromolecularcomplexorproteinfamily	"tabular_data;experimental_data"	has_biolink:MacromolecularComplexOrProteinFamily
phs002371_image	hgnc:9884	HasGeneorgeneproduct	"tabular_data;experimental_data"	has_biolink:GeneOrGeneProduct
phs002371_image	hgnc:10876	HasGeneorgeneproduct	"tabular_data;experimental_data"	has_biolink:GeneOrGeneProduct
phs002371_image	hgnc:1578	HasGeneorgeneproduct	"tabular_data;experimental_data"	has_biolink:GeneOrGeneProduct
phs002371_image	hgnc:5192	HasGeneorgeneproduct	"tabular_data;experimental_data"	has_biolink:GeneOrGeneProduct
phs002371_image	uniprot:P68431	HasGeneorgeneproduct	"tabular_data;experimental_data"	has_biolink:GeneOrGeneProduct
phs002371_image	hgnc:3778	HasGeneorgeneproduct	"tabular_data;experimental_data"	has_biolink:GeneOrGeneProduct
phs002371_image	hgnc:11801	HasGeneorgeneproduct	"tabular_data;experimental_data"	has_biolink:GeneOrGeneProduct
phs002371_image	hgnc:6776	HasGeneorgeneproduct	"tabular_data;experimental_data"	has_biolink:GeneOrGeneProduct
phs002371_image	hgnc:5013	HasGeneorgeneproduct	"tabular_data;experimental_data"	has_biolink:GeneOrGeneProduct
phs002371_image	hgnc:10500	HasGeneorgeneproduct	"tabular_data;experimental_data"	has_biolink:GeneOrGeneProduct
phs002371_image	hgnc:4172	HasGeneorgeneproduct	"tabular_data;experimental_data"	has_biolink:GeneOrGeneProduct
phs002371_image	hgnc:6342	HasGeneorgeneproduct	"tabular_data;experimental_data"	has_biolink:GeneOrGeneProduct
phs002371_image	hgnc:6416	HasGeneorgeneproduct	"tabular_data;experimental_data"	has_biolink:GeneOrGeneProduct
phs002371_image	hgnc:11755	HasGeneorgeneproduct	"tabular_data;experimental_data"	has_biolink:GeneOrGeneProduct
phs002371_image	hgnc:7060	HasGeneorgeneproduct	"tabular_data;experimental_data"	has_biolink:GeneOrGeneProduct
phs002371_image	hgnc:8910	HasGeneorgeneproduct	"tabular_data;experimental_data"	has_biolink:GeneOrGeneProduct
phs002371_image	hgnc:2285	HasGeneorgeneproduct	"tabular_data;experimental_data"	has_biolink:GeneOrGeneProduct
phs002371_image	hgnc:6442	HasGeneorgeneproduct	"tabular_data;experimental_data"	has_biolink:GeneOrGeneProduct
phs002371_image	hgnc:2505	HasGeneorgeneproduct	"tabular_data;experimental_data"	has_biolink:GeneOrGeneProduct
phs002371_image	hgnc:18607	HasGeneorgeneproduct	"tabular_data;experimental_data"	has_biolink:GeneOrGeneProduct
phs002371_image	hgnc:11621	HasGeneorgeneproduct	"tabular_data;experimental_data"	has_biolink:GeneOrGeneProduct
phs002371_image	hgnc:10639	HasGeneorgeneproduct	"tabular_data;experimental_data"	has_biolink:GeneOrGeneProduct
phs002371_image	hgnc:3363	HasGeneorgeneproduct	"tabular_data;experimental_data"	has_biolink:GeneOrGeneProduct
phs002371_image	hgnc:4910	HasGeneorgeneproduct	"tabular_data;experimental_data"	has_biolink:GeneOrGeneProduct
phs002371_image	hgnc:6731	HasGeneorgeneproduct	"tabular_data;experimental_data"	has_biolink:GeneOrGeneProduct
phs002371_image	hgnc:6949	HasGeneorgeneproduct	"tabular_data;experimental_data"	has_biolink:GeneOrGeneProduct
phs002371_image	hgnc:865	HasGeneorgeneproduct	"tabular_data;experimental_data"	has_biolink:GeneOrGeneProduct
phs002371_image	hgnc:11998	HasGeneorgeneproduct	"tabular_data;experimental_data"	has_biolink:GeneOrGeneProduct
phs002371_image	hgnc:3236	HasGeneorgeneproduct	"tabular_data;experimental_data"	has_biolink:GeneOrGeneProduct
phs002371_image	hgnc:1806	HasGeneorgeneproduct	"tabular_data;experimental_data"	has_biolink:GeneOrGeneProduct
phs002371_image	hgnc:6877	HasGeneorgeneproduct	"tabular_data;experimental_data"	has_biolink:GeneOrGeneProduct
phs002371_image	mesh:D051177	HasGeneorgeneproduct	"tabular_data;experimental_data"	has_biolink:GeneOrGeneProduct
phs002371_image	hgnc:1759	HasGeneorgeneproduct	"tabular_data;experimental_data"	has_biolink:GeneOrGeneProduct
phs002371_image	hgnc:4739	HasGeneorgeneproduct	"tabular_data;experimental_data"	has_biolink:GeneOrGeneProduct
phs002371_image	hgnc:11642	HasGeneorgeneproduct	"tabular_data;experimental_data"	has_biolink:GeneOrGeneProduct
phs002371_image	hgnc:10486	HasGeneorgeneproduct	"tabular_data;experimental_data"	has_biolink:GeneOrGeneProduct
phs002371_image	hgnc:4235	HasGeneorgeneproduct	"tabular_data;experimental_data"	has_biolink:GeneOrGeneProduct
phs002371_image	hgnc:6116	HasGeneorgeneproduct	"tabular_data;experimental_data"	has_biolink:GeneOrGeneProduct
phs002371_image	hgnc:10429	HasGeneorgeneproduct	"tabular_data;experimental_data"	has_biolink:GeneOrGeneProduct
phs002371_image	hgnc:270	HasGeneorgeneproduct	"tabular_data;experimental_data"	has_biolink:GeneOrGeneProduct
phs002371_image	hgnc:16384	HasGeneorgeneproduct	"tabular_data;experimental_data"	has_biolink:GeneOrGeneProduct
phs002371_image	chebi:51248	HasSmallmolecule	"tabular_data;experimental_data"	has_biolink:SmallMolecule
phs002371_image	hgnc:6307	HasGeneorgeneproduct	"tabular_data;experimental_data"	has_biolink:GeneOrGeneProduct
phs002371_image	hgnc:7809	HasGeneorgeneproduct	"tabular_data;experimental_data"	has_biolink:GeneOrGeneProduct
phs002371_image	hgnc:6499	HasGeneorgeneproduct	"tabular_data;experimental_data"	has_biolink:GeneOrGeneProduct
phs002371_image	hgnc:6427	HasGeneorgeneproduct	"tabular_data;experimental_data"	has_biolink:GeneOrGeneProduct
phs002371_image	hgnc:31409	HasGeneorgeneproduct	"tabular_data;experimental_data"	has_biolink:GeneOrGeneProduct
phs002371_image	hgnc:4504	HasGeneorgeneproduct	"tabular_data;experimental_data"	has_biolink:GeneOrGeneProduct
phs002371_image	hgnc:6551	HasGeneorgeneproduct	"tabular_data;experimental_data"	has_biolink:GeneOrGeneProduct
phs002371_image	hgnc:19658	HasGeneorgeneproduct	"tabular_data;experimental_data"	has_biolink:GeneOrGeneProduct
phs002371_image	hgnc:20323	HasGeneorgeneproduct	"tabular_data;experimental_data"	has_biolink:GeneOrGeneProduct
phs002371_image	hgnc:22977	HasGeneorgeneproduct	"tabular_data;experimental_data"	has_biolink:GeneOrGeneProduct
phs002371_image	hgnc:2211	HasGeneorgeneproduct	"tabular_data;experimental_data"	has_biolink:GeneOrGeneProduct
phs002371_image	hgnc:7569	HasGeneorgeneproduct	"tabular_data;experimental_data"	has_biolink:GeneOrGeneProduct
phs002371_image	hgnc:1698	HasGeneorgeneproduct	"tabular_data;experimental_data"	has_biolink:GeneOrGeneProduct
phs002371_image	hgnc:2212	HasGeneorgeneproduct	"tabular_data;experimental_data"	has_biolink:GeneOrGeneProduct
phs002371_image	hgnc:20388	HasGeneorgeneproduct	"tabular_data;experimental_data"	has_biolink:GeneOrGeneProduct
phs002371_image	hgnc:1628	HasGeneorgeneproduct	"tabular_data;experimental_data"	has_biolink:GeneOrGeneProduct
phs002371_image	hgnc:11553	HasGeneorgeneproduct	"tabular_data;experimental_data"	has_biolink:GeneOrGeneProduct
phs002371_image	hgnc:8634	HasGeneorgeneproduct	"tabular_data;experimental_data"	has_biolink:GeneOrGeneProduct
phs002371_image	hgnc:7761	HasGeneorgeneproduct	"tabular_data;experimental_data"	has_biolink:GeneOrGeneProduct
phs002371_image	hgnc:16265	HasGeneorgeneproduct	"tabular_data;experimental_data"	has_biolink:GeneOrGeneProduct
phs002371_image	hgnc:38476	HasGeneorgeneproduct	"tabular_data;experimental_data"	has_biolink:GeneOrGeneProduct
phs002371_image	hgnc:1659	HasGeneorgeneproduct	"tabular_data;experimental_data"	has_biolink:GeneOrGeneProduct
phs002371_image	hgnc:8619	HasGeneorgeneproduct	"tabular_data;experimental_data"	has_biolink:GeneOrGeneProduct
phs002371_image	hgnc:18122	HasGeneorgeneproduct	"tabular_data;experimental_data"	has_biolink:GeneOrGeneProduct
phs002371_image	hgnc:20866	HasGeneorgeneproduct	"tabular_data;experimental_data"	has_biolink:GeneOrGeneProduct
phs002371_image	hgnc:14902	HasGeneorgeneproduct	"tabular_data;experimental_data"	has_biolink:GeneOrGeneProduct
phs002371_image	hgnc:12781	HasGeneorgeneproduct	"tabular_data;experimental_data"	has_biolink:GeneOrGeneProduct
phs002371_image	hgnc:4855	HasGeneorgeneproduct	"tabular_data;experimental_data"	has_biolink:GeneOrGeneProduct
phs002371_image	hgnc:7887	HasGeneorgeneproduct	"tabular_data;experimental_data"	has_biolink:GeneOrGeneProduct
phs002371_image	hgnc:739	HasGeneorgeneproduct	"tabular_data;experimental_data"	has_biolink:GeneOrGeneProduct
phs002371_image	hgnc:1805	HasGeneorgeneproduct	"tabular_data;experimental_data"	has_biolink:GeneOrGeneProduct
phs002371_image	hgnc:1368	HasGeneorgeneproduct	"tabular_data;experimental_data"	has_biolink:GeneOrGeneProduct
phs002371_image	hgnc:17106	HasGeneorgeneproduct	"tabular_data;experimental_data"	has_biolink:GeneOrGeneProduct
phs002371_image	hgnc:1346	HasGeneorgeneproduct	"tabular_data;experimental_data"	has_biolink:GeneOrGeneProduct
phs002371_image	efo:0002849	HasExperimentalFactor	"tabular_data;experimental_data"	has_experimental_factor
phs002371_image	hgnc:4471	HasGeneorgeneproduct	"tabular_data;experimental_data"	has_biolink:GeneOrGeneProduct
phs002371_image	hgnc:20772	HasGeneorgeneproduct	"tabular_data;experimental_data"	has_biolink:GeneOrGeneProduct
phs002371_image	chebi:79310	HasSmallmolecule	"tabular_data;experimental_data"	has_biolink:SmallMolecule
phs002371_image	hgnc:11999	HasGeneorgeneproduct	"tabular_data;experimental_data"	has_biolink:GeneOrGeneProduct
phs002371_image	chebi:140422	HasSmallmolecule	"tabular_data;experimental_data"	has_biolink:SmallMolecule
phs002371_image	hgnc:16637	HasGeneorgeneproduct	"tabular_data;experimental_data"	has_biolink:GeneOrGeneProduct
phs002371_image	hgnc:23627	HasGeneorgeneproduct	"tabular_data;experimental_data"	has_biolink:GeneOrGeneProduct
phs002371_image	hgnc:1069	HasGeneorgeneproduct	"tabular_data;experimental_data"	has_biolink:GeneOrGeneProduct
phs002371_image	efo:0001228	HasExperimentalFactor	"tabular_data;experimental_data"	has_experimental_factor
phs002371_image	hgnc:3255	HasGeneorgeneproduct	"tabular_data;experimental_data"	has_biolink:GeneOrGeneProduct
phs002371_image	hgnc:6486	HasGeneorgeneproduct	"tabular_data;experimental_data"	has_biolink:GeneOrGeneProduct
phs002371_image	hgnc:8988	HasGeneorgeneproduct	"tabular_data;experimental_data"	has_biolink:GeneOrGeneProduct
phs002371_image	hgnc:7325	HasGeneorgeneproduct	"tabular_data;experimental_data"	has_biolink:GeneOrGeneProduct
phs002371_image	hgnc:1663	HasGeneorgeneproduct	"tabular_data;experimental_data"	has_biolink:GeneOrGeneProduct
phs002371_image	hgnc:29938	HasGeneorgeneproduct	"tabular_data;experimental_data"	has_biolink:GeneOrGeneProduct
phs002371_image	hgnc:5414	HasGeneorgeneproduct	"tabular_data;experimental_data"	has_biolink:GeneOrGeneProduct
phs002371_image	hgnc:2097	HasGeneorgeneproduct	"tabular_data;experimental_data"	has_biolink:GeneOrGeneProduct
phs002371_image	hgnc:5438	HasGeneorgeneproduct	"tabular_data;experimental_data"	has_biolink:GeneOrGeneProduct
phs002371_image	hgnc:5395	HasGeneorgeneproduct	"tabular_data;experimental_data"	has_biolink:GeneOrGeneProduct
phs002371_image	hgnc:7532	HasGeneorgeneproduct	"tabular_data;experimental_data"	has_biolink:GeneOrGeneProduct
phs002371_image	hgnc:11362	HasGeneorgeneproduct	"tabular_data;experimental_data"	has_biolink:GeneOrGeneProduct
phs002371_image	hgnc:11584	HasGeneorgeneproduct	"tabular_data;experimental_data"	has_biolink:GeneOrGeneProduct
phs002371_image	hgnc:6119	HasGeneorgeneproduct	"tabular_data;experimental_data"	has_biolink:GeneOrGeneProduct
phs002371_image	hgnc:27962	HasGeneorgeneproduct	"tabular_data;experimental_data"	has_biolink:GeneOrGeneProduct
phs002371_image	hgnc:6120	HasGeneorgeneproduct	"tabular_data;experimental_data"	has_biolink:GeneOrGeneProduct
phs002371_image	hgnc:11289	HasGeneorgeneproduct	"tabular_data;experimental_data"	has_biolink:GeneOrGeneProduct
phs002371_image	hgnc:11364	HasGeneorgeneproduct	"tabular_data;experimental_data"	has_biolink:GeneOrGeneProduct
phs002371_image	hgnc:1689	HasGeneorgeneproduct	"tabular_data;experimental_data"	has_biolink:GeneOrGeneProduct
phs002371_image	hgnc:6953	HasGeneorgeneproduct	"tabular_data;experimental_data"	has_biolink:GeneOrGeneProduct
phs002371_image	hgnc:2665	HasGeneorgeneproduct	"tabular_data;experimental_data"	has_biolink:GeneOrGeneProduct
phs002371_image	hgnc:6767	HasGeneorgeneproduct	"tabular_data;experimental_data"	has_biolink:GeneOrGeneProduct
phs002371_image	hgnc:2328	HasGeneorgeneproduct	"tabular_data;experimental_data"	has_biolink:GeneOrGeneProduct
phs002371_image	hgnc:6771	HasGeneorgeneproduct	"tabular_data;experimental_data"	has_biolink:GeneOrGeneProduct
phs002371_image	hgnc:6768	HasGeneorgeneproduct	"tabular_data;experimental_data"	has_biolink:GeneOrGeneProduct
phs002371_image	hgnc:6769	HasGeneorgeneproduct	"tabular_data;experimental_data"	has_biolink:GeneOrGeneProduct
phs002371_image	hgnc:1079	HasGeneorgeneproduct	"tabular_data;experimental_data"	has_biolink:GeneOrGeneProduct
phs002371_image	hgnc:1381	HasGeneorgeneproduct	"tabular_data;experimental_data"	has_biolink:GeneOrGeneProduct
phs002371_image	hgnc:1633	HasGeneorgeneproduct	"tabular_data;experimental_data"	has_biolink:GeneOrGeneProduct
phs002371_image	hgnc:328	HasGeneorgeneproduct	"tabular_data;experimental_data"	has_biolink:GeneOrGeneProduct
phs002371_image	hgnc:1694	HasGeneorgeneproduct	"tabular_data;experimental_data"	has_biolink:GeneOrGeneProduct
phs002371_image	hgnc:1929	HasGeneorgeneproduct	"tabular_data;experimental_data"	has_biolink:GeneOrGeneProduct
phs002371_image	hgnc:11506	HasGeneorgeneproduct	"tabular_data;experimental_data"	has_biolink:GeneOrGeneProduct
phs002371_image	hgnc:6430	HasGeneorgeneproduct	"tabular_data;experimental_data"	has_biolink:GeneOrGeneProduct
phs002371_image	hgnc:18171	HasGeneorgeneproduct	"tabular_data;experimental_data"	has_biolink:GeneOrGeneProduct
phs002371_image	hgnc:7228	HasGeneorgeneproduct	"tabular_data;experimental_data"	has_biolink:GeneOrGeneProduct
phs002371_image	hgnc:2510	HasGeneorgeneproduct	"tabular_data;experimental_data"	has_biolink:GeneOrGeneProduct
phs002371_image	fplx:Tryptase	HasMacromolecularcomplexorproteinfamily	"tabular_data;experimental_data"	has_biolink:MacromolecularComplexOrProteinFamily
phs002371_image	hgnc:2433	HasGeneorgeneproduct	"tabular_data;experimental_data"	has_biolink:GeneOrGeneProduct
phs002371_image	hgnc:1641	HasGeneorgeneproduct	"tabular_data;experimental_data"	has_biolink:GeneOrGeneProduct
phs002371_image	hgnc:4948	HasGeneorgeneproduct	"tabular_data;experimental_data"	has_biolink:GeneOrGeneProduct
phs002371_image	hgnc:9817	HasGeneorgeneproduct	"tabular_data;experimental_data"	has_biolink:GeneOrGeneProduct
phs002371_image	hgnc:644	HasGeneorgeneproduct	"tabular_data;experimental_data"	has_biolink:GeneOrGeneProduct
phs002371_image	go:0007165	HasBiologicalprocess	"tabular_data;experimental_data"	has_biolink:BiologicalProcess
phs002371_image	hgnc:16429	HasGeneorgeneproduct	"tabular_data;experimental_data"	has_biolink:GeneOrGeneProduct
phs002371_image	mesh:D020466	HasOther	"tabular_data;experimental_data"	has_other
phs002371_image	hgnc:1817	HasGeneorgeneproduct	"tabular_data;experimental_data"	has_biolink:GeneOrGeneProduct
phs002371_image	hgnc:10938	HasGeneorgeneproduct	"tabular_data;experimental_data"	has_biolink:GeneOrGeneProduct
phs002371_image	mesh:D037161	HasGeneorgeneproduct	"tabular_data;experimental_data"	has_biolink:GeneOrGeneProduct
phs002371_image	hgnc:10471	HasGeneorgeneproduct	"tabular_data;experimental_data"	has_biolink:GeneOrGeneProduct
phs002371_image	hgnc:2464	HasGeneorgeneproduct	"tabular_data;experimental_data"	has_biolink:GeneOrGeneProduct
phs002371_image	hgnc:7508	HasGeneorgeneproduct	"tabular_data;experimental_data"	has_biolink:GeneOrGeneProduct
phs002371_image	hgnc:6008	HasGeneorgeneproduct	"tabular_data;experimental_data"	has_biolink:GeneOrGeneProduct
phs002371_image	hgnc:5024	HasGeneorgeneproduct	"tabular_data;experimental_data"	has_biolink:GeneOrGeneProduct
phs002371_image	hgnc:20412	HasGeneorgeneproduct	"tabular_data;experimental_data"	has_biolink:GeneOrGeneProduct
phs002371_image	hgnc:804	HasGeneorgeneproduct	"tabular_data;experimental_data"	has_biolink:GeneOrGeneProduct
phs002371_image	hgnc:935	HasGeneorgeneproduct	"tabular_data;experimental_data"	has_biolink:GeneOrGeneProduct
phs002371_image	hgnc:11104	HasGeneorgeneproduct	"tabular_data;experimental_data"	has_biolink:GeneOrGeneProduct
phs002371_image	hgnc:2032	HasGeneorgeneproduct	"tabular_data;experimental_data"	has_biolink:GeneOrGeneProduct
phs002371_image	hgnc:2770	HasGeneorgeneproduct	"tabular_data;experimental_data"	has_biolink:GeneOrGeneProduct
phs002371_image	hgnc:1697	HasGeneorgeneproduct	"tabular_data;experimental_data"	has_biolink:GeneOrGeneProduct
phs002371_image	hgnc:950	HasGeneorgeneproduct	"tabular_data;experimental_data"	has_biolink:GeneOrGeneProduct
phs002371_image	hgnc:8803	HasGeneorgeneproduct	"tabular_data;experimental_data"	has_biolink:GeneOrGeneProduct
phs002371_image	hgnc:6944	HasGeneorgeneproduct	"tabular_data;experimental_data"	has_biolink:GeneOrGeneProduct
phs002371_image	hgnc:11919	HasGeneorgeneproduct	"tabular_data;experimental_data"	has_biolink:GeneOrGeneProduct
phs002371_image	hgnc:1589	HasGeneorgeneproduct	"tabular_data;experimental_data"	has_biolink:GeneOrGeneProduct
phs002371_image	hgnc:4425	HasGeneorgeneproduct	"tabular_data;experimental_data"	has_biolink:GeneOrGeneProduct
phs002371_image	hgnc:17493	HasGeneorgeneproduct	"tabular_data;experimental_data"	has_biolink:GeneOrGeneProduct
phs002371_image	fplx:COX4	HasMacromolecularcomplexorproteinfamily	"tabular_data;experimental_data"	has_biolink:MacromolecularComplexOrProteinFamily
phs002371_image	hgnc:1103	HasGeneorgeneproduct	"tabular_data;experimental_data"	has_biolink:GeneOrGeneProduct
phs002371_image	hgnc:4335	HasGeneorgeneproduct	"tabular_data;experimental_data"	has_biolink:GeneOrGeneProduct
phs002371_image	hgnc:4141	HasGeneorgeneproduct	"tabular_data;experimental_data"	has_biolink:GeneOrGeneProduct
phs002371_image	hgnc:11200	HasGeneorgeneproduct	"tabular_data;experimental_data"	has_biolink:GeneOrGeneProduct
phs002371_image	hgnc:11784	HasGeneorgeneproduct	"tabular_data;experimental_data"	has_biolink:GeneOrGeneProduct
phs002371_image	hgnc:3431	HasGeneorgeneproduct	"tabular_data;experimental_data"	has_biolink:GeneOrGeneProduct
phs002371_image	hgnc:54217	HasRnaproduct	"tabular_data;experimental_data"	has_biolink:RNAProduct
phs002371_image	mesh:D007834	HasExperimentalFactor	"tabular_data;experimental_data"	has_experimental_factor
phs002371_image	hgnc:10658	HasGeneorgeneproduct	"tabular_data;experimental_data"	has_biolink:GeneOrGeneProduct
phs002371_image	hgnc:2714	HasGeneorgeneproduct	"tabular_data;experimental_data"	has_biolink:GeneOrGeneProduct
phs002371_image	hgnc:12513	HasGeneorgeneproduct	"tabular_data;experimental_data"	has_biolink:GeneOrGeneProduct
phs002371_image	hgnc:8831	HasGeneorgeneproduct	"tabular_data;experimental_data"	has_biolink:GeneOrGeneProduct
phs002371_image	hgnc:6636	HasGeneorgeneproduct	"tabular_data;experimental_data"	has_biolink:GeneOrGeneProduct
phs002371_image	hgnc:6637	HasGeneorgeneproduct	"tabular_data;experimental_data"	has_biolink:GeneOrGeneProduct
phs002371_image	chebi:31051	HasSmallmolecule	"tabular_data;experimental_data"	has_biolink:SmallMolecule
phs002371_image	hgnc:4905	HasGeneorgeneproduct	"tabular_data;experimental_data"	has_biolink:GeneOrGeneProduct
phs002371_image	hgnc:1634	HasGeneorgeneproduct	"tabular_data;experimental_data"	has_biolink:GeneOrGeneProduct
phs002371_image	hgnc:18437	HasGeneorgeneproduct	"tabular_data;experimental_data"	has_biolink:GeneOrGeneProduct
phs002371_image	fplx:LDH	HasMacromolecularcomplexorproteinfamily	"tabular_data;experimental_data"	has_biolink:MacromolecularComplexOrProteinFamily
phs002371_image	hgnc:1692	HasGeneorgeneproduct	"tabular_data;experimental_data"	has_biolink:GeneOrGeneProduct
phs002371_image	hgnc:5351	HasGeneorgeneproduct	"tabular_data;experimental_data"	has_biolink:GeneOrGeneProduct
phs002371_image	hgnc:11918	HasGeneorgeneproduct	"tabular_data;experimental_data"	has_biolink:GeneOrGeneProduct
phs002371_image	hgnc:11935	HasGeneorgeneproduct	"tabular_data;experimental_data"	has_biolink:GeneOrGeneProduct
phs002371_image	mesh:D053804	HasGeneorgeneproduct	"tabular_data;experimental_data"	has_biolink:GeneOrGeneProduct
phs002371_image	hgnc:11914	HasGeneorgeneproduct	"tabular_data;experimental_data"	has_biolink:GeneOrGeneProduct
phs002371_image	chebi:24061	HasSmallmolecule	"tabular_data;experimental_data"	has_biolink:SmallMolecule
phs002371_image	hgnc:7553	HasGeneorgeneproduct	"tabular_data;experimental_data"	has_biolink:GeneOrGeneProduct
phs002371_image	hgnc:7656	HasGeneorgeneproduct	"tabular_data;experimental_data"	has_biolink:GeneOrGeneProduct
phs002371_image	chebi:51766	HasSmallmolecule	"tabular_data;experimental_data"	has_biolink:SmallMolecule
phs002371_image	hgnc:7873	HasGeneorgeneproduct	"tabular_data;experimental_data"	has_biolink:GeneOrGeneProduct
phs002371_image	fplx:CD16	HasMacromolecularcomplexorproteinfamily	"tabular_data;experimental_data"	has_biolink:MacromolecularComplexOrProteinFamily
phs002371_image	mesh:D006801	HasOrganismtaxon	"tabular_data;experimental_data"	has_biolink:OrganismTaxon
phs002371_image	hgnc:6059	HasGeneorgeneproduct	"tabular_data;experimental_data"	has_biolink:GeneOrGeneProduct
phs002371_image	chebi:29287	HasSmallmolecule	"tabular_data;experimental_data"	has_biolink:SmallMolecule
phs002371_image	chebi:33375	HasSmallmolecule	"tabular_data;experimental_data"	has_biolink:SmallMolecule
phs002371_image	chebi:33381	HasSmallmolecule	"tabular_data;experimental_data"	has_biolink:SmallMolecule
phs002371_image	hgnc:1662	HasGeneorgeneproduct	"tabular_data;experimental_data"	has_biolink:GeneOrGeneProduct
phs002371_image	hgnc:1667	HasGeneorgeneproduct	"tabular_data;experimental_data"	has_biolink:GeneOrGeneProduct
phs002371_image	chebi:33372	HasSmallmolecule	"tabular_data;experimental_data"	has_biolink:SmallMolecule
phs002371_image	hgnc:4439	HasGeneorgeneproduct	"tabular_data;experimental_data"	has_biolink:GeneOrGeneProduct
phs002371_image	chebi:33377	HasSmallmolecule	"tabular_data;experimental_data"	has_biolink:SmallMolecule
phs002371_image	chebi:33380	HasSmallmolecule	"tabular_data;experimental_data"	has_biolink:SmallMolecule
phs002371_image	chebi:30314	HasSmallmolecule	"tabular_data;experimental_data"	has_biolink:SmallMolecule
phs002371_image	chebi:33374	HasSmallmolecule	"tabular_data;experimental_data"	has_biolink:SmallMolecule
phs002371_image	chebi:18248	HasSmallmolecule	"tabular_data;experimental_data"	has_biolink:SmallMolecule
phs002371_image	hgnc:3819	HasGeneorgeneproduct	"tabular_data;experimental_data"	has_biolink:GeneOrGeneProduct
phs002371_image	chebi:85044	HasSmallmolecule	"tabular_data;experimental_data"	has_biolink:SmallMolecule
phs002371_image	chebi:85045	HasSmallmolecule	"tabular_data;experimental_data"	has_biolink:SmallMolecule
phs002371_image	chebi:32999	HasSmallmolecule	"tabular_data;experimental_data"	has_biolink:SmallMolecule
phs002371_image	chebi:49648	HasSmallmolecule	"tabular_data;experimental_data"	has_biolink:SmallMolecule
phs002371_image	hgnc:7218	HasGeneorgeneproduct	"tabular_data;experimental_data"	has_biolink:GeneOrGeneProduct
phs002371_image	go:0035282	HasBiologicalprocess	"tabular_data;experimental_data"	has_biolink:BiologicalProcess
phs002371_image	chebi:33348	HasSmallmolecule	"tabular_data;experimental_data"	has_biolink:SmallMolecule
phs002371_image	hgnc:30085	HasGeneorgeneproduct	"tabular_data;experimental_data"	has_biolink:GeneOrGeneProduct
phs002371_image	chebi:33369	HasSmallmolecule	"tabular_data;experimental_data"	has_biolink:SmallMolecule
phs002371_image	hgnc:6722	HasGeneorgeneproduct	"tabular_data;experimental_data"	has_biolink:GeneOrGeneProduct
phs002371_image	hgnc:5962	HasGeneorgeneproduct	"tabular_data;experimental_data"	has_biolink:GeneOrGeneProduct
phs002371_image	hgnc:15979	HasGeneorgeneproduct	"tabular_data;experimental_data"	has_biolink:GeneOrGeneProduct
phs002371_image	hgnc:29643	HasGeneorgeneproduct	"tabular_data;experimental_data"	has_biolink:GeneOrGeneProduct
phs002371_image	hgnc:8949	HasGeneorgeneproduct	"tabular_data;experimental_data"	has_biolink:GeneOrGeneProduct
phs002371_image	hgnc:7176	HasGeneorgeneproduct	"tabular_data;experimental_data"	has_biolink:GeneOrGeneProduct
phs002371_image	hgnc:4441	HasGeneorgeneproduct	"tabular_data;experimental_data"	has_biolink:GeneOrGeneProduct
phs002371_image	hgnc:9605	HasGeneorgeneproduct	"tabular_data;experimental_data"	has_biolink:GeneOrGeneProduct
phs002371_image	hgnc:14687	HasGeneorgeneproduct	"tabular_data;experimental_data"	has_biolink:GeneOrGeneProduct
phs002371_image	fplx:ERK	HasMacromolecularcomplexorproteinfamily	"tabular_data;experimental_data"	has_biolink:MacromolecularComplexOrProteinFamily
phs002371_image	fplx:MYH	HasMacromolecularcomplexorproteinfamily	"tabular_data;experimental_data"	has_biolink:MacromolecularComplexOrProteinFamily
phs002371_image	mesh:C091704	HasSmallmolecule	"tabular_data;experimental_data"	has_biolink:SmallMolecule
phs002371_image	hgnc:2202	HasGeneorgeneproduct	"tabular_data;experimental_data"	has_biolink:GeneOrGeneProduct
phs002371_image	mesh:D010750	HasGeneorgeneproduct	"tabular_data;experimental_data"	has_biolink:GeneOrGeneProduct
phs002371_image	mesh:D019000	HasGeneorgeneproduct	"tabular_data;experimental_data"	has_biolink:GeneOrGeneProduct
phs002371_image	hgnc:3113	HasGeneorgeneproduct	"tabular_data;experimental_data"	has_biolink:GeneOrGeneProduct
phs002371_image	hgnc:5258	HasGeneorgeneproduct	"tabular_data;experimental_data"	has_biolink:GeneOrGeneProduct
phs002371_image	mesh:D010770	HasGeneorgeneproduct	"tabular_data;experimental_data"	has_biolink:GeneOrGeneProduct
phs002371_image	hgnc:9360	HasGeneorgeneproduct	"tabular_data;experimental_data"	has_biolink:GeneOrGeneProduct
phs002371_image	hgnc:6839	HasGeneorgeneproduct	"tabular_data;experimental_data"	has_biolink:GeneOrGeneProduct
phs002371_image	mesh:C502599	HasSmallmolecule	"tabular_data;experimental_data"	has_biolink:SmallMolecule
phs002371_image	hgnc:738	HasGeneorgeneproduct	"tabular_data;experimental_data"	has_biolink:GeneOrGeneProduct
phs002371_image	chebi:33376	HasSmallmolecule	"tabular_data;experimental_data"	has_biolink:SmallMolecule
phs002371_image	hgnc:1701	HasGeneorgeneproduct	"tabular_data;experimental_data"	has_biolink:GeneOrGeneProduct
phs002371_image	hgnc:5253	HasGeneorgeneproduct	"tabular_data;experimental_data"	has_biolink:GeneOrGeneProduct
phs002371_image	hgnc:7762	HasGeneorgeneproduct	"tabular_data;experimental_data"	has_biolink:GeneOrGeneProduct
phs002371_image	hgnc:9066	HasGeneorgeneproduct	"tabular_data;experimental_data"	has_biolink:GeneOrGeneProduct
phs002371_image	hgnc:10448	HasGeneorgeneproduct	"tabular_data;experimental_data"	has_biolink:GeneOrGeneProduct
phs002371_image	hgnc:10489	HasGeneorgeneproduct	"tabular_data;experimental_data"	has_biolink:GeneOrGeneProduct
phs002371_image	fplx:RNApo_II	HasMacromolecularcomplexorproteinfamily	"tabular_data;experimental_data"	has_biolink:MacromolecularComplexOrProteinFamily
phs002371_image	chebi:30413	HasSmallmolecule	"tabular_data;experimental_data"	has_biolink:SmallMolecule
phs002371_image	efo:0004042	HasExperimentalFactor	"tabular_data;experimental_data"	has_experimental_factor
phs002371_image	efo:0002076	HasExperimentalFactor	"tabular_data;experimental_data"	has_experimental_factor
phs002371_image	hgnc:1248	HasGeneorgeneproduct	"tabular_data;experimental_data"	has_biolink:GeneOrGeneProduct
phs002371_image	hgnc:1318	HasGeneorgeneproduct	"tabular_data;experimental_data"	has_biolink:GeneOrGeneProduct
phs002371_image	hgnc:1323	HasGeneorgeneproduct	"tabular_data;experimental_data"	has_biolink:GeneOrGeneProduct
phs002371_image	hgnc:1331	HasGeneorgeneproduct	"tabular_data;experimental_data"	has_biolink:GeneOrGeneProduct
phs002371_image	hgnc:6210	HasGeneorgeneproduct	"tabular_data;experimental_data"	has_biolink:GeneOrGeneProduct
phs002371_image	efo:0001230	HasExperimentalFactor	"tabular_data;experimental_data"	has_experimental_factor
phs002371_image	fplx:COL4	HasMacromolecularcomplexorproteinfamily	"tabular_data;experimental_data"	has_biolink:MacromolecularComplexOrProteinFamily
phs002371_image	hgnc:3690	HasGeneorgeneproduct	"tabular_data;experimental_data"	has_biolink:GeneOrGeneProduct
phs002371_image	hgnc:634	HasGeneorgeneproduct	"tabular_data;experimental_data"	has_biolink:GeneOrGeneProduct
phs002371_image	hgnc:6694	HasGeneorgeneproduct	"tabular_data;experimental_data"	has_biolink:GeneOrGeneProduct
phs002371_image	hgnc:12559	HasGeneorgeneproduct	"tabular_data;experimental_data"	has_biolink:GeneOrGeneProduct
phs002371_image	hgnc:1434	HasGeneorgeneproduct	"tabular_data;experimental_data"	has_biolink:GeneOrGeneProduct
phs002371_image	hgnc:633	HasGeneorgeneproduct	"tabular_data;experimental_data"	has_biolink:GeneOrGeneProduct
phs002371_image	hgnc:2295	HasGeneorgeneproduct	"tabular_data;experimental_data"	has_biolink:GeneOrGeneProduct
phs002371_image	hgnc:1383	HasGeneorgeneproduct	"tabular_data;experimental_data"	has_biolink:GeneOrGeneProduct
phs002371_image	hgnc:8068	HasGeneorgeneproduct	"tabular_data;experimental_data"	has_biolink:GeneOrGeneProduct
phs002371_image	hgnc:6446	HasGeneorgeneproduct	"tabular_data;experimental_data"	has_biolink:GeneOrGeneProduct
phs002371_image	hgnc:18809	HasGeneorgeneproduct	"tabular_data;experimental_data"	has_biolink:GeneOrGeneProduct
phs002371_image	hgnc:11280	HasGeneorgeneproduct	"tabular_data;experimental_data"	has_biolink:GeneOrGeneProduct
phs002371_image	hgnc:352	HasGeneorgeneproduct	"tabular_data;experimental_data"	has_biolink:GeneOrGeneProduct
phs002371_image	hgnc:6148	HasGeneorgeneproduct	"tabular_data;experimental_data"	has_biolink:GeneOrGeneProduct
phs002371_image	fplx:TUBB	HasMacromolecularcomplexorproteinfamily	"tabular_data;experimental_data"	has_biolink:MacromolecularComplexOrProteinFamily
phs002371_image	hgnc:8622	HasGeneorgeneproduct	"tabular_data;experimental_data"	has_biolink:GeneOrGeneProduct
phs002371_image	hgnc:9187	HasGeneorgeneproduct	"tabular_data;experimental_data"	has_biolink:GeneOrGeneProduct
phs002371_image	hgnc:7775	HasGeneorgeneproduct	"tabular_data;experimental_data"	has_biolink:GeneOrGeneProduct
phs002371_image	hgnc:990	HasGeneorgeneproduct	"tabular_data;experimental_data"	has_biolink:GeneOrGeneProduct
phs002371_image	hgnc:1527	HasGeneorgeneproduct	"tabular_data;experimental_data"	has_biolink:GeneOrGeneProduct
phs002371_image	chebi:33696	HasSmallmolecule	"tabular_data;experimental_data"	has_biolink:SmallMolecule
phs002371_image	chebi:37958	HasSmallmolecule	"tabular_data;experimental_data"	has_biolink:SmallMolecule
phs002371_image	chebi:51756	HasSmallmolecule	"tabular_data;experimental_data"	has_biolink:SmallMolecule
phs002371_image	hgnc:1682	HasGeneorgeneproduct	"tabular_data;experimental_data"	has_biolink:GeneOrGeneProduct
phs002371_image	hgnc:886	HasGeneorgeneproduct	"tabular_data;experimental_data"	has_biolink:GeneOrGeneProduct
phs002371_image	hgnc:613	HasGeneorgeneproduct	"tabular_data;experimental_data"	has_biolink:GeneOrGeneProduct
phs002371_image	hgnc:16983	HasGeneorgeneproduct	"tabular_data;experimental_data"	has_biolink:GeneOrGeneProduct
phs002371_image	hgnc:9454	HasGeneorgeneproduct	"tabular_data;experimental_data"	has_biolink:GeneOrGeneProduct
phs002371_image	hgnc:18124	HasGeneorgeneproduct	"tabular_data;experimental_data"	has_biolink:GeneOrGeneProduct
phs002371_image	hgnc:27097	HasGeneorgeneproduct	"tabular_data;experimental_data"	has_biolink:GeneOrGeneProduct
phs002371_image	hgnc:2558	HasGeneorgeneproduct	"tabular_data;experimental_data"	has_biolink:GeneOrGeneProduct
phs002371_image	hgnc:7197	HasGeneorgeneproduct	"tabular_data;experimental_data"	has_biolink:GeneOrGeneProduct
phs002371_image	hgnc:11255	HasGeneorgeneproduct	"tabular_data;experimental_data"	has_biolink:GeneOrGeneProduct
phs002371_image	hgnc:13718	HasGeneorgeneproduct	"tabular_data;experimental_data"	has_biolink:GeneOrGeneProduct
phs002371_image	hgnc:27884	HasGeneorgeneproduct	"tabular_data;experimental_data"	has_biolink:GeneOrGeneProduct
phs002371_image	hgnc:9398	HasGeneorgeneproduct	"tabular_data;experimental_data"	has_biolink:GeneOrGeneProduct
phs002371_image	chebi:17026	HasSmallmolecule	"tabular_data;experimental_data"	has_biolink:SmallMolecule
phs002371_image	chebi:50113	HasSmallmolecule	"tabular_data;experimental_data"	has_biolink:SmallMolecule
phs002371_image	fplx:Histone	HasMacromolecularcomplexorproteinfamily	"tabular_data;experimental_data"	has_biolink:MacromolecularComplexOrProteinFamily
phs002371_image	hgnc:1645	HasGeneorgeneproduct	"tabular_data;experimental_data"	has_biolink:GeneOrGeneProduct
phs002371_image	hgnc:1066	HasGeneorgeneproduct	"tabular_data;experimental_data"	has_biolink:GeneOrGeneProduct
phs002371_image	hgnc:8778	HasGeneorgeneproduct	"tabular_data;experimental_data"	has_biolink:GeneOrGeneProduct
phs002371_image	hgnc:11326	HasGeneorgeneproduct	"tabular_data;experimental_data"	has_biolink:GeneOrGeneProduct
phs002371_image	hgnc:2265	HasGeneorgeneproduct	"tabular_data;experimental_data"	has_biolink:GeneOrGeneProduct
phs002371_image	hgnc:10290	HasGeneorgeneproduct	"tabular_data;experimental_data"	has_biolink:GeneOrGeneProduct
phs002371_image	hgnc:10681	HasGeneorgeneproduct	"tabular_data;experimental_data"	has_biolink:GeneOrGeneProduct
phs002371_image	hgnc:10494	HasGeneorgeneproduct	"tabular_data;experimental_data"	has_biolink:GeneOrGeneProduct
phs002371_image	hgnc:7881	HasGeneorgeneproduct	"tabular_data;experimental_data"	has_biolink:GeneOrGeneProduct
phs002371_image	hgnc:1504	HasGeneorgeneproduct	"tabular_data;experimental_data"	has_biolink:GeneOrGeneProduct
phs002371_image	hgnc:959	HasGeneorgeneproduct	"tabular_data;experimental_data"	has_biolink:GeneOrGeneProduct
phs002371_image	hgnc:4768	HasGeneorgeneproduct	"tabular_data;experimental_data"	has_biolink:GeneOrGeneProduct
phs002371_image	hgnc:593	HasGeneorgeneproduct	"tabular_data;experimental_data"	has_biolink:GeneOrGeneProduct
phs002371_image	mesh:D055271	HasGeneorgeneproduct	"tabular_data;experimental_data"	has_biolink:GeneOrGeneProduct
phs002371_image	hgnc:6204	HasGeneorgeneproduct	"tabular_data;experimental_data"	has_biolink:GeneOrGeneProduct
phs002371_image	hgnc:3527	HasGeneorgeneproduct	"tabular_data;experimental_data"	has_biolink:GeneOrGeneProduct
phs002371_image	mesh:D019793	HasSmallmolecule	"tabular_data;experimental_data"	has_biolink:SmallMolecule
phs002371_image	hgnc:3942	HasGeneorgeneproduct	"tabular_data;experimental_data"	has_biolink:GeneOrGeneProduct
phs002371_image	hgnc:1097	HasGeneorgeneproduct	"tabular_data;experimental_data"	has_biolink:GeneOrGeneProduct
phs002371_image	hgnc:5022	HasGeneorgeneproduct	"tabular_data;experimental_data"	has_biolink:GeneOrGeneProduct
phs002371_image	hgnc:5434	HasGeneorgeneproduct	"tabular_data;experimental_data"	has_biolink:GeneOrGeneProduct
phs002371_image	hgnc:11283	HasGeneorgeneproduct	"tabular_data;experimental_data"	has_biolink:GeneOrGeneProduct
phs002371_image	hgnc:6487	HasGeneorgeneproduct	"tabular_data;experimental_data"	has_biolink:GeneOrGeneProduct
phs002371_image	efo:0005838	HasExperimentalFactor	"tabular_data;experimental_data"	has_experimental_factor
phs002371_image	mesh:C102513	HasGeneorgeneproduct	"tabular_data;experimental_data"	has_biolink:GeneOrGeneProduct
phs002371_image	hgnc:11730	HasGeneorgeneproduct	"tabular_data;experimental_data"	has_biolink:GeneOrGeneProduct
phs002371_image	hgnc:29393	HasGeneorgeneproduct	"tabular_data;experimental_data"	has_biolink:GeneOrGeneProduct
phs002371_image	hgnc:7515	HasGeneorgeneproduct	"tabular_data;experimental_data"	has_biolink:GeneOrGeneProduct
phs002371_image	efo:0005149	HasExperimentalFactor	"tabular_data;experimental_data"	has_experimental_factor
phs002371_image	efo:0003317	HasExperimentalFactor	"tabular_data;experimental_data"	has_experimental_factor
phs002371_image	chebi:24853	HasSmallmolecule	"tabular_data;experimental_data"	has_biolink:SmallMolecule
phs002371_image	hgnc:2939	HasGeneorgeneproduct	"tabular_data;experimental_data"	has_biolink:GeneOrGeneProduct
phs002371_image	chebi:27594	HasSmallmolecule	"tabular_data;experimental_data"	has_biolink:SmallMolecule
phs002371_image	mesh:D053552	HasGeneorgeneproduct	"tabular_data;experimental_data"	has_biolink:GeneOrGeneProduct
phs002371_image	chebi:29108	HasSmallmolecule	"tabular_data;experimental_data"	has_biolink:SmallMolecule
phs002371_image	fplx:Cadherin	HasMacromolecularcomplexorproteinfamily	"tabular_data;experimental_data"	has_biolink:MacromolecularComplexOrProteinFamily
phs002371_image	hgnc:3590	HasGeneorgeneproduct	"tabular_data;experimental_data"	has_biolink:GeneOrGeneProduct
phs002371_image	chebi:33792	HasSmallmolecule	"tabular_data;experimental_data"	has_biolink:SmallMolecule
phs002371_image	go:0005634	HasCellularcomponent	"tabular_data;experimental_data"	has_biolink:CellularComponent
phs002371_image	mesh:D009130	HasGrossanatomicalstructure	"tabular_data;experimental_data"	has_biolink:GrossAnatomicalStructure
phs002371_image	chebi:81038	HasSmallmolecule	"tabular_data;experimental_data"	has_biolink:SmallMolecule
phs002371_image	chebi:48108	HasSmallmolecule	"tabular_data;experimental_data"	has_biolink:SmallMolecule
phs002371_image	mesh:D004077	HasSmallmolecule	"tabular_data;experimental_data"	has_biolink:SmallMolecule
phs002371_image	chebi:201453	HasSmallmolecule	"tabular_data;experimental_data"	has_biolink:SmallMolecule
phs002371_image	hgnc:7097	HasGeneorgeneproduct	"tabular_data;experimental_data"	has_biolink:GeneOrGeneProduct
phs002371_image	hgnc:1608	HasGeneorgeneproduct	"tabular_data;experimental_data"	has_biolink:GeneOrGeneProduct
phs002371_image	mesh:D010300	HasDisease	"tabular_data;experimental_data"	has_biolink:Disease
