:START_ID	:END_ID	:TYPE	source:string[]	jacquard_score	score_cutoff	intersection_score	union_score	shared_edges:string[]	head_only_edges:string[]	tail_only_edges:string[]	edge_weights:string[]
syn11374354	hgnc:1662	has_biolink:GeneOrGeneProduct	"experimental_data;tabular_data"								
syn11374354	hgnc:6342	has_biolink:GeneOrGeneProduct	"experimental_data;tabular_data"								
syn11374354	fplx:S100	has_biolink:MacromolecularComplexOrProteinFamily	"experimental_data;tabular_data"								
syn11374354	chebi:33364	has_biolink:SmallMolecule	"experimental_data;tabular_data"								
syn11374354	chebi:34342	has_biolink:SmallMolecule	"experimental_data;tabular_data"								
syn11374354	hgnc:2714	has_biolink:GeneOrGeneProduct	"experimental_data;tabular_data"								
syn11374354	efo:0007029	has_experimental_factor	"experimental_data;tabular_data"								
syn11374354	hgnc:6343	has_biolink:GeneOrGeneProduct	"experimental_data;tabular_data"								
syn11374354	mesh:D016207	has_biolink:GeneOrGeneProduct	"experimental_data;tabular_data"								
syn11374354	chebi:15373	has_biolink:SmallMolecule	"experimental_data;tabular_data"								
syn11374354	go:0000184	has_biolink:BiologicalProcess	"experimental_data;tabular_data"								
syn11374354	chebi:28940	has_biolink:SmallMolecule	"experimental_data;tabular_data"								
syn11374354	go:0000313	has_biolink:CellularComponent	"experimental_data;tabular_data"								
syn11374354	go:0000956	has_biolink:BiologicalProcess	"experimental_data;tabular_data"								
syn11374354	go:0001503	has_biolink:BiologicalProcess	"experimental_data;tabular_data"								
syn11374354	go:0001525	has_biolink:BiologicalProcess	"experimental_data;tabular_data"								
syn11374354	go:0001666	has_biolink:BiologicalProcess	"experimental_data;tabular_data"								
syn11374354	go:0001667	has_biolink:BiologicalProcess	"experimental_data;tabular_data"								
syn11374354	go:0001952	has_biolink:BiologicalProcess	"experimental_data;tabular_data"								
syn11374354	go:0002181	has_biolink:BiologicalProcess	"experimental_data;tabular_data"								
syn11374354	go:0002683	has_biolink:BiologicalProcess	"experimental_data;tabular_data"								
syn11374354	go:0003158	has_biolink:BiologicalProcess	"experimental_data;tabular_data"								
syn11374354	mesh:D009182	has_biolink:Disease	"experimental_data;tabular_data"								
syn11374354	go:0003735	has_biolink:BiologicalProcess	"experimental_data;tabular_data"								
syn11374354	go:0003779	has_biolink:BiologicalProcess	"experimental_data;tabular_data"								
syn11374354	go:0004984	has_biolink:BiologicalProcess	"experimental_data;tabular_data"								
syn11374354	go:0005743	has_biolink:CellularComponent	"experimental_data;tabular_data"								
syn11374354	go:0005759	has_biolink:CellularComponent	"experimental_data;tabular_data"								
syn11374354	fplx:Mitochondrial_Ribosome	has_biolink:MacromolecularComplexOrProteinFamily	"experimental_data;tabular_data"								
syn11374354	go:0005840	has_biolink:CellularComponent	"experimental_data;tabular_data"								
syn11374354	go:0005925	has_biolink:CellularComponent	"experimental_data;tabular_data"								
syn11374354	go:0006399	has_biolink:BiologicalProcess	"experimental_data;tabular_data"								
syn11374354	go:0006401	has_biolink:BiologicalProcess	"experimental_data;tabular_data"								
syn11374354	go:0006402	has_biolink:BiologicalProcess	"experimental_data;tabular_data"								
syn11374354	go:0006413	has_biolink:BiologicalProcess	"experimental_data;tabular_data"								
syn11374354	go:0006415	has_biolink:BiologicalProcess	"experimental_data;tabular_data"								
syn11374354	go:0006612	has_biolink:BiologicalProcess	"experimental_data;tabular_data"								
syn11374354	go:0006613	has_biolink:BiologicalProcess	"experimental_data;tabular_data"								
syn11374354	go:0006614	has_biolink:BiologicalProcess	"experimental_data;tabular_data"								
syn11374354	go:0006695	has_biolink:BiologicalProcess	"experimental_data;tabular_data"								
syn11374354	go:0007015	has_biolink:BiologicalProcess	"experimental_data;tabular_data"								
syn11374354	go:0007044	has_biolink:BiologicalProcess	"experimental_data;tabular_data"								
syn11374354	go:0007159	has_biolink:BiologicalProcess	"experimental_data;tabular_data"								
syn11374354	go:0007160	has_biolink:BiologicalProcess	"experimental_data;tabular_data"								
syn11374354	go:0007265	has_biolink:BiologicalProcess	"experimental_data;tabular_data"								
syn11374354	go:0007409	has_biolink:BiologicalProcess	"experimental_data;tabular_data"								
syn11374354	go:0007411	has_biolink:BiologicalProcess	"experimental_data;tabular_data"								
syn11374354	go:0007606	has_biolink:BiologicalProcess	"experimental_data;tabular_data"								
syn11374354	go:0007608	has_biolink:BiologicalProcess	"experimental_data;tabular_data"								
syn11374354	go:0008033	has_biolink:BiologicalProcess	"experimental_data;tabular_data"								
syn11374354	go:0009593	has_biolink:BiologicalProcess	"experimental_data;tabular_data"								
syn11374354	go:0009896	has_biolink:BiologicalProcess	"experimental_data;tabular_data"								
syn11374354	go:0010594	has_biolink:BiologicalProcess	"experimental_data;tabular_data"								
syn11374354	go:0010631	has_biolink:BiologicalProcess	"experimental_data;tabular_data"								
syn11374354	go:0010632	has_biolink:BiologicalProcess	"experimental_data;tabular_data"								
syn11374354	go:0010634	has_biolink:BiologicalProcess	"experimental_data;tabular_data"								
syn11374354	go:0010810	has_biolink:BiologicalProcess	"experimental_data;tabular_data"								
syn11374354	go:0015629	has_biolink:CellularComponent	"experimental_data;tabular_data"								
syn11374354	go:0016049	has_biolink:BiologicalProcess	"experimental_data;tabular_data"								
syn11374354	go:0016607	has_biolink:CellularComponent	"experimental_data;tabular_data"								
syn11374354	go:0019080	has_biolink:BiologicalProcess	"experimental_data;tabular_data"								
syn11374354	go:0019083	has_biolink:BiologicalProcess	"experimental_data;tabular_data"								
syn11374354	go:0022407	has_biolink:BiologicalProcess	"experimental_data;tabular_data"								
syn11374354	go:0022409	has_biolink:BiologicalProcess	"experimental_data;tabular_data"								
syn11374354	go:0022604	has_biolink:BiologicalProcess	"experimental_data;tabular_data"								
syn11374354	go:0022625	has_biolink:CellularComponent	"experimental_data;tabular_data"								
syn11374354	go:0022626	has_biolink:CellularComponent	"experimental_data;tabular_data"								
syn11374354	go:0022627	has_biolink:CellularComponent	"experimental_data;tabular_data"								
syn11374354	go:0030055	has_biolink:CellularComponent	"experimental_data;tabular_data"								
syn11374354	go:0030099	has_biolink:BiologicalProcess	"experimental_data;tabular_data"								
syn11374354	go:0030111	has_biolink:BiologicalProcess	"experimental_data;tabular_data"								
syn11374354	go:0030198	has_biolink:BiologicalProcess	"experimental_data;tabular_data"								
syn11374354	go:0030278	has_biolink:BiologicalProcess	"experimental_data;tabular_data"								
syn11374354	go:0030336	has_biolink:BiologicalProcess	"experimental_data;tabular_data"								
syn11374354	go:0030900	has_biolink:BiologicalProcess	"experimental_data;tabular_data"								
syn11374354	go:0031252	has_biolink:CellularComponent	"experimental_data;tabular_data"								
syn11374354	go:0031589	has_biolink:BiologicalProcess	"experimental_data;tabular_data"								
syn11374354	go:0032432	has_biolink:CellularComponent	"experimental_data;tabular_data"								
syn11374354	go:0032535	has_biolink:BiologicalProcess	"experimental_data;tabular_data"								
syn11374354	go:0032543	has_biolink:BiologicalProcess	"experimental_data;tabular_data"								
syn11374354	go:0032956	has_biolink:BiologicalProcess	"experimental_data;tabular_data"								
syn11374354	go:0032970	has_biolink:BiologicalProcess	"experimental_data;tabular_data"								
syn11374354	go:0033002	has_biolink:BiologicalProcess	"experimental_data;tabular_data"								
syn11374354	go:0034248	has_biolink:BiologicalProcess	"experimental_data;tabular_data"								
syn11374354	go:0034470	has_biolink:BiologicalProcess	"experimental_data;tabular_data"								
syn11374354	go:0034660	has_biolink:BiologicalProcess	"experimental_data;tabular_data"								
syn11374354	go:0036293	has_biolink:BiologicalProcess	"experimental_data;tabular_data"								
syn11374354	go:0040013	has_biolink:BiologicalProcess	"experimental_data;tabular_data"								
syn11374354	go:0042063	has_biolink:BiologicalProcess	"experimental_data;tabular_data"								
syn11374354	go:0043062	has_biolink:BiologicalProcess	"experimental_data;tabular_data"								
syn11374354	go:0043087	has_biolink:BiologicalProcess	"experimental_data;tabular_data"								
syn11374354	go:0043484	has_biolink:BiologicalProcess	"experimental_data;tabular_data"								
syn11374354	go:0043534	has_biolink:BiologicalProcess	"experimental_data;tabular_data"								
syn11374354	go:0043535	has_biolink:BiologicalProcess	"experimental_data;tabular_data"								
syn11374354	go:0043542	has_biolink:BiologicalProcess	"experimental_data;tabular_data"								
syn11374354	go:0044391	has_biolink:CellularComponent	"experimental_data;tabular_data"								
syn11374354	go:0044843	has_biolink:BiologicalProcess	"experimental_data;tabular_data"								
syn11374354	go:0045047	has_biolink:BiologicalProcess	"experimental_data;tabular_data"								
syn11374354	go:0045296	has_biolink:BiologicalProcess	"experimental_data;tabular_data"								
syn11374354	go:0045540	has_biolink:BiologicalProcess	"experimental_data;tabular_data"								
syn11374354	go:0045637	has_biolink:BiologicalProcess	"experimental_data;tabular_data"								
syn11374354	go:0045765	has_biolink:BiologicalProcess	"experimental_data;tabular_data"								
syn11374354	go:0045785	has_biolink:BiologicalProcess	"experimental_data;tabular_data"								
syn11374354	go:0048024	has_biolink:BiologicalProcess	"experimental_data;tabular_data"								
syn11374354	go:0048511	has_biolink:BiologicalProcess	"experimental_data;tabular_data"								
syn11374354	go:0048545	has_biolink:BiologicalProcess	"experimental_data;tabular_data"								
syn11374354	go:0048762	has_biolink:BiologicalProcess	"experimental_data;tabular_data"								
syn11374354	go:0050673	has_biolink:BiologicalProcess	"experimental_data;tabular_data"								
syn11374354	go:0050678	has_biolink:BiologicalProcess	"experimental_data;tabular_data"								
syn11374354	go:0050684	has_biolink:BiologicalProcess	"experimental_data;tabular_data"								
syn11374354	go:0050863	has_biolink:BiologicalProcess	"experimental_data;tabular_data"								
syn11374354	go:0050906	has_biolink:BiologicalProcess	"experimental_data;tabular_data"								
syn11374354	go:0050907	has_biolink:BiologicalProcess	"experimental_data;tabular_data"								
syn11374354	go:0050911	has_biolink:BiologicalProcess	"experimental_data;tabular_data"								
syn11374354	go:0051017	has_biolink:BiologicalProcess	"experimental_data;tabular_data"								
syn11374354	go:0051056	has_biolink:BiologicalProcess	"experimental_data;tabular_data"								
syn11374354	go:0005575	has_biolink:CellularComponent	"experimental_data;tabular_data"								
syn11374354	go:0060537	has_biolink:BiologicalProcess	"experimental_data;tabular_data"								
syn11374354	go:0061572	has_biolink:BiologicalProcess	"experimental_data;tabular_data"								
syn11374354	go:0062023	has_biolink:CellularComponent	"experimental_data;tabular_data"								
syn11374354	go:0070125	has_biolink:BiologicalProcess	"experimental_data;tabular_data"								
syn11374354	go:0070126	has_biolink:BiologicalProcess	"experimental_data;tabular_data"								
syn11374354	go:0070482	has_biolink:BiologicalProcess	"experimental_data;tabular_data"								
syn11374354	go:0070972	has_biolink:BiologicalProcess	"experimental_data;tabular_data"								
syn11374354	go:0071559	has_biolink:BiologicalProcess	"experimental_data;tabular_data"								
syn11374354	go:0071560	has_biolink:BiologicalProcess	"experimental_data;tabular_data"								
syn11374354	go:0072599	has_biolink:BiologicalProcess	"experimental_data;tabular_data"								
syn11374354	go:0090130	has_biolink:BiologicalProcess	"experimental_data;tabular_data"								
syn11374354	go:0090132	has_biolink:BiologicalProcess	"experimental_data;tabular_data"								
syn11374354	go:0090150	has_biolink:BiologicalProcess	"experimental_data;tabular_data"								
syn11374354	go:0097485	has_biolink:BiologicalProcess	"experimental_data;tabular_data"								
syn11374354	go:0098798	has_biolink:MacromolecularComplexOrProteinFamily	"experimental_data;tabular_data"								
syn11374354	go:0106118	has_biolink:BiologicalProcess	"experimental_data;tabular_data"								
syn11374354	go:0110053	has_biolink:BiologicalProcess	"experimental_data;tabular_data"								
syn11374354	go:0140053	has_biolink:BiologicalProcess	"experimental_data;tabular_data"								
syn11374354	go:0140101	has_biolink:BiologicalProcess	"experimental_data;tabular_data"								
syn11374354	go:0140297	has_biolink:BiologicalProcess	"experimental_data;tabular_data"								
syn11374354	go:0150115	has_biolink:BiologicalProcess	"experimental_data;tabular_data"								
syn11374354	go:1901342	has_biolink:BiologicalProcess	"experimental_data;tabular_data"								
syn11374354	go:1902105	has_biolink:BiologicalProcess	"experimental_data;tabular_data"								
syn11374354	go:1902532	has_biolink:BiologicalProcess	"experimental_data;tabular_data"								
syn11374354	go:1902653	has_biolink:BiologicalProcess	"experimental_data;tabular_data"								
syn11374354	go:1902903	has_biolink:BiologicalProcess	"experimental_data;tabular_data"								
syn11374354	go:1902905	has_biolink:BiologicalProcess	"experimental_data;tabular_data"								
syn11374354	go:1903037	has_biolink:BiologicalProcess	"experimental_data;tabular_data"								
syn11374354	go:1903311	has_biolink:BiologicalProcess	"experimental_data;tabular_data"								
syn11374354	go:1903706	has_biolink:BiologicalProcess	"experimental_data;tabular_data"								
syn11374354	go:1903708	has_biolink:BiologicalProcess	"experimental_data;tabular_data"								
syn11374354	go:1990823	has_biolink:BiologicalProcess	"experimental_data;tabular_data"								
syn11374354	go:1990830	has_biolink:BiologicalProcess	"experimental_data;tabular_data"								
syn11374354	go:2000146	has_biolink:BiologicalProcess	"experimental_data;tabular_data"								
syn11374354	go:0061629	has_biolink:BiologicalProcess	"experimental_data;tabular_data"								
syn11374354	go:0000302	has_biolink:BiologicalProcess	"experimental_data;tabular_data"								
syn11374354	go:0000082	has_biolink:BiologicalProcess	"experimental_data;tabular_data"								
syn11374354	go:0090181	has_biolink:BiologicalProcess	"experimental_data;tabular_data"								
syn11374354	go:0050679	has_biolink:BiologicalProcess	"experimental_data;tabular_data"								
syn11374354	go:0006417	has_biolink:BiologicalProcess	"experimental_data;tabular_data"								
syn11374354	go:0002064	has_biolink:BiologicalProcess	"experimental_data;tabular_data"								
syn11374354	go:0001775	has_biolink:BiologicalProcess	"experimental_data;tabular_data"								
syn11374354	go:0030522	has_biolink:BiologicalProcess	"experimental_data;tabular_data"								
syn11374354	go:0001933	has_biolink:BiologicalProcess	"experimental_data;tabular_data"								
syn11374354	go:0007162	has_biolink:BiologicalProcess	"experimental_data;tabular_data"								
syn11374354	go:0014706	has_biolink:BiologicalProcess	"experimental_data;tabular_data"								
syn11374354	go:1903039	has_biolink:BiologicalProcess	"experimental_data;tabular_data"								
syn11374354	go:0000315	has_biolink:CellularComponent	"experimental_data;tabular_data"								
syn11374354	go:0005762	has_biolink:CellularComponent	"experimental_data;tabular_data"								
syn11374354	go:0016126	has_biolink:BiologicalProcess	"experimental_data;tabular_data"								
syn11374354	go:0150116	has_biolink:BiologicalProcess	"experimental_data;tabular_data"								
syn11374354	go:0031331	has_biolink:BiologicalProcess	"experimental_data;tabular_data"								
syn11374354	go:1901343	has_biolink:BiologicalProcess	"experimental_data;tabular_data"								
syn11374354	go:0008360	has_biolink:BiologicalProcess	"experimental_data;tabular_data"								
syn11374354	go:0048041	has_biolink:BiologicalProcess	"experimental_data;tabular_data"								
syn11374354	go:0048659	has_biolink:BiologicalProcess	"experimental_data;tabular_data"								
syn11374354	go:0045926	has_biolink:BiologicalProcess	"experimental_data;tabular_data"								
syn11374354	go:0006605	has_biolink:BiologicalProcess	"experimental_data;tabular_data"								
syn11374354	go:0010721	has_biolink:BiologicalProcess	"experimental_data;tabular_data"								
syn11374354	go:1902652	has_biolink:BiologicalProcess	"experimental_data;tabular_data"								
syn11374354	mesh:D020741	has_biolink:GeneOrGeneProduct	"experimental_data;tabular_data"								
syn11374354	go:0048660	has_biolink:BiologicalProcess	"experimental_data;tabular_data"								
syn11374354	hgnc:5438	has_biolink:GeneOrGeneProduct	"experimental_data;tabular_data"								
syn11374354	go:0043547	has_biolink:BiologicalProcess	"experimental_data;tabular_data"								
syn11374354	go:0090287	has_biolink:BiologicalProcess	"experimental_data;tabular_data"								
syn11374354	go:1901888	has_biolink:BiologicalProcess	"experimental_data;tabular_data"								
syn11374354	go:1901653	has_biolink:BiologicalProcess	"experimental_data;tabular_data"								
syn11374354	go:0051893	has_biolink:BiologicalProcess	"experimental_data;tabular_data"								
syn11374354	go:0090109	has_biolink:BiologicalProcess	"experimental_data;tabular_data"								
syn11374354	go:0042326	has_biolink:BiologicalProcess	"experimental_data;tabular_data"								
syn11374354	go:0001725	has_biolink:CellularComponent	"experimental_data;tabular_data"								
syn11374354	go:0097517	has_biolink:CellularComponent	"experimental_data;tabular_data"								
syn11374354	go:0003012	has_biolink:BiologicalProcess	"experimental_data;tabular_data"								
syn11374354	go:0005938	has_biolink:CellularComponent	"experimental_data;tabular_data"								
syn11374354	go:0045444	has_biolink:BiologicalProcess	"experimental_data;tabular_data"								
syn11374354	go:0060485	has_biolink:BiologicalProcess	"experimental_data;tabular_data"								
syn11374354	go:0045446	has_biolink:BiologicalProcess	"experimental_data;tabular_data"								
syn11374354	go:0007163	has_biolink:BiologicalProcess	"experimental_data;tabular_data"								
syn11374354	go:2001233	has_biolink:BiologicalProcess	"experimental_data;tabular_data"								
syn11374354	go:0001558	has_biolink:BiologicalProcess	"experimental_data;tabular_data"								
syn11374354	go:1902806	has_biolink:BiologicalProcess	"experimental_data;tabular_data"								
syn11374354	go:0002040	has_biolink:BiologicalProcess	"experimental_data;tabular_data"								
syn11374354	go:0006400	has_biolink:BiologicalProcess	"experimental_data;tabular_data"								
syn11374354	go:0021537	has_biolink:BiologicalProcess	"experimental_data;tabular_data"								
syn11374354	go:0000959	has_biolink:BiologicalProcess	"experimental_data;tabular_data"								
syn11374354	go:0031032	has_biolink:BiologicalProcess	"experimental_data;tabular_data"								
syn11374354	mesh:D011132	has_biolink:GrossAnatomicalStructure	"experimental_data;tabular_data"								
syn11374354	go:0034329	has_biolink:BiologicalProcess	"experimental_data;tabular_data"								
syn11374354	go:0003714	has_biolink:BiologicalProcess	"experimental_data;tabular_data"								
syn11374354	go:0010595	has_biolink:BiologicalProcess	"experimental_data;tabular_data"								
syn11374354	go:0003729	has_biolink:BiologicalProcess	"experimental_data;tabular_data"								
syn11374354	go:0016125	has_biolink:BiologicalProcess	"experimental_data;tabular_data"								
syn11374354	go:0042641	has_biolink:CellularComponent	"experimental_data;tabular_data"								
syn11374354	go:0007517	has_biolink:BiologicalProcess	"experimental_data;tabular_data"								
syn11374354	go:0048638	has_biolink:BiologicalProcess	"experimental_data;tabular_data"								
syn11374354	go:0071383	has_biolink:BiologicalProcess	"experimental_data;tabular_data"								
syn11374354	go:0062197	has_biolink:BiologicalProcess	"experimental_data;tabular_data"								
syn11374354	go:0140098	has_biolink:BiologicalProcess	"experimental_data;tabular_data"								
syn11374354	go:0090257	has_biolink:BiologicalProcess	"experimental_data;tabular_data"								
syn11374354	go:0006355	has_biolink:BiologicalProcess	"experimental_data;tabular_data"								
syn11374354	go:0051249	has_biolink:BiologicalProcess	"experimental_data;tabular_data"								
syn11374354	go:0030027	has_biolink:CellularComponent	"experimental_data;tabular_data"								
syn11374354	go:0032496	has_biolink:BiologicalProcess	"experimental_data;tabular_data"								
syn11374354	go:0007266	has_biolink:BiologicalProcess	"experimental_data;tabular_data"								
syn11374354	go:0000381	has_biolink:BiologicalProcess	"experimental_data;tabular_data"								
syn11374354	go:0001935	has_biolink:BiologicalProcess	"experimental_data;tabular_data"								
syn11374354	go:0010811	has_biolink:BiologicalProcess	"experimental_data;tabular_data"								
syn11374354	go:0097191	has_biolink:BiologicalProcess	"experimental_data;tabular_data"								
syn11374354	go:0051495	has_biolink:BiologicalProcess	"experimental_data;tabular_data"								
syn11374354	go:0030010	has_biolink:BiologicalProcess	"experimental_data;tabular_data"								
syn11374354	go:0010001	has_biolink:BiologicalProcess	"experimental_data;tabular_data"								
syn11374354	go:0044282	has_biolink:BiologicalProcess	"experimental_data;tabular_data"								
syn11374354	go:2000045	has_biolink:BiologicalProcess	"experimental_data;tabular_data"								
syn11374354	go:0030488	has_biolink:BiologicalProcess	"experimental_data;tabular_data"								
syn11374354	go:0045121	has_biolink:CellularComponent	"experimental_data;tabular_data"								
syn11374354	go:0042692	has_biolink:BiologicalProcess	"experimental_data;tabular_data"								
syn11374354	go:0030323	has_biolink:BiologicalProcess	"experimental_data;tabular_data"								
syn11374354	go:0060828	has_biolink:BiologicalProcess	"experimental_data;tabular_data"								
syn11374354	go:0051090	has_biolink:BiologicalProcess	"experimental_data;tabular_data"								
syn11374354	go:0003712	has_biolink:BiologicalProcess	"experimental_data;tabular_data"								
syn11374354	go:0014897	has_biolink:BiologicalProcess	"experimental_data;tabular_data"								
syn11374354	go:0031090	has_biolink:CellularComponent	"experimental_data;tabular_data"								
syn11374354	fplx:RAS	has_biolink:MacromolecularComplexOrProteinFamily	"experimental_data;tabular_data"								
syn11374354	go:0060070	has_biolink:BiologicalProcess	"experimental_data;tabular_data"								
syn11374354	go:0098857	has_biolink:CellularComponent	"experimental_data;tabular_data"								
syn11374354	go:0007623	has_biolink:BiologicalProcess	"experimental_data;tabular_data"								
syn11374354	go:0071453	has_biolink:BiologicalProcess	"experimental_data;tabular_data"								
syn11374354	go:1904018	has_biolink:BiologicalProcess	"experimental_data;tabular_data"								
syn11374354	go:0051258	has_biolink:BiologicalProcess	"experimental_data;tabular_data"								
syn11374354	go:0071013	has_biolink:CellularComponent	"experimental_data;tabular_data"								
syn11374354	go:0055024	has_biolink:BiologicalProcess	"experimental_data;tabular_data"								
syn11374354	go:0031267	has_biolink:BiologicalProcess	"experimental_data;tabular_data"								
syn11374354	go:0002237	has_biolink:BiologicalProcess	"experimental_data;tabular_data"								
syn11374354	go:0060055	has_biolink:BiologicalProcess	"experimental_data;tabular_data"								
syn11374354	go:0050870	has_biolink:BiologicalProcess	"experimental_data;tabular_data"								
syn11374354	chebi:24848	has_biolink:SmallMolecule	"experimental_data;tabular_data"								
syn11374354	go:0044389	has_biolink:BiologicalProcess	"experimental_data;tabular_data"								
syn11374354	go:0016525	has_biolink:BiologicalProcess	"experimental_data;tabular_data"								
syn11374354	go:1903313	has_biolink:BiologicalProcess	"experimental_data;tabular_data"								
syn11374354	go:0005911	has_biolink:CellularComponent	"experimental_data;tabular_data"								
syn11374354	go:0070555	has_biolink:BiologicalProcess	"experimental_data;tabular_data"								
syn11374354	go:0000377	has_biolink:BiologicalProcess	"experimental_data;tabular_data"								
syn11374354	go:0000398	has_biolink:BiologicalProcess	"experimental_data;tabular_data"								
syn11374354	go:0070371	has_biolink:BiologicalProcess	"experimental_data;tabular_data"								
syn11374354	go:0051961	has_biolink:BiologicalProcess	"experimental_data;tabular_data"								
syn11374354	go:0046165	has_biolink:BiologicalProcess	"experimental_data;tabular_data"								
syn11374354	go:0031625	has_biolink:BiologicalProcess	"experimental_data;tabular_data"								
syn11374354	go:0008203	has_biolink:BiologicalProcess	"experimental_data;tabular_data"								
syn11374354	go:0006357	has_biolink:BiologicalProcess	"experimental_data;tabular_data"								
syn11374354	go:0030856	has_biolink:BiologicalProcess	"experimental_data;tabular_data"								
syn11374354	go:0043254	has_biolink:BiologicalProcess	"experimental_data;tabular_data"								
syn11374354	go:0071456	has_biolink:BiologicalProcess	"experimental_data;tabular_data"								
syn11374354	go:0006979	has_biolink:BiologicalProcess	"experimental_data;tabular_data"								
syn11374354	go:0009451	has_biolink:BiologicalProcess	"experimental_data;tabular_data"								
syn11374354	go:0110020	has_biolink:BiologicalProcess	"experimental_data;tabular_data"								
syn11374354	go:0031099	has_biolink:BiologicalProcess	"experimental_data;tabular_data"								
syn11374354	go:0014896	has_biolink:BiologicalProcess	"experimental_data;tabular_data"								
syn11374354	go:0050900	has_biolink:BiologicalProcess	"experimental_data;tabular_data"								
syn11374354	go:0048872	has_biolink:BiologicalProcess	"experimental_data;tabular_data"								
syn11374354	go:0048588	has_biolink:BiologicalProcess	"experimental_data;tabular_data"								
syn11374354	go:0048675	has_biolink:BiologicalProcess	"experimental_data;tabular_data"								
syn11374354	go:2000181	has_biolink:BiologicalProcess	"experimental_data;tabular_data"								
syn11374354	go:0046578	has_biolink:BiologicalProcess	"experimental_data;tabular_data"								
syn11374354	go:0048015	has_biolink:BiologicalProcess	"experimental_data;tabular_data"								
syn11374354	go:0008154	has_biolink:BiologicalProcess	"experimental_data;tabular_data"								
syn11374354	go:0071347	has_biolink:BiologicalProcess	"experimental_data;tabular_data"								
syn11374354	go:0010812	has_biolink:BiologicalProcess	"experimental_data;tabular_data"								
syn11374354	go:1903034	has_biolink:BiologicalProcess	"experimental_data;tabular_data"								
syn11374354	go:0001819	has_biolink:BiologicalProcess	"experimental_data;tabular_data"								
syn11374354	go:0038127	has_biolink:BiologicalProcess	"experimental_data;tabular_data"								
syn11374354	go:0000380	has_biolink:BiologicalProcess	"experimental_data;tabular_data"								
syn11374354	go:0042542	has_biolink:BiologicalProcess	"experimental_data;tabular_data"								
syn11374354	go:0015935	has_biolink:CellularComponent	"experimental_data;tabular_data"								
syn11374354	go:0000375	has_biolink:BiologicalProcess	"experimental_data;tabular_data"								
syn11374354	go:0001655	has_biolink:BiologicalProcess	"experimental_data;tabular_data"								
syn11374354	go:2001236	has_biolink:BiologicalProcess	"experimental_data;tabular_data"								
syn11374354	go:0042611	has_biolink:MacromolecularComplexOrProteinFamily	"experimental_data;tabular_data"								
syn11374354	go:0043409	has_biolink:BiologicalProcess	"experimental_data;tabular_data"								
syn11374354	go:0032271	has_biolink:BiologicalProcess	"experimental_data;tabular_data"								
syn11374354	go:0055025	has_biolink:BiologicalProcess	"experimental_data;tabular_data"								
syn11374354	go:0071385	has_biolink:BiologicalProcess	"experimental_data;tabular_data"								
syn11374354	go:0050768	has_biolink:BiologicalProcess	"experimental_data;tabular_data"								
syn11374354	go:0005178	has_biolink:BiologicalProcess	"experimental_data;tabular_data"								
syn11374354	go:0043434	has_biolink:BiologicalProcess	"experimental_data;tabular_data"								
syn11374354	go:0036464	has_biolink:CellularComponent	"experimental_data;tabular_data"								
syn11374354	hgnc:7978	has_biolink:GeneOrGeneProduct	"experimental_data;tabular_data"								
syn11374354	go:0002262	has_biolink:BiologicalProcess	"experimental_data;tabular_data"								
syn11374354	go:0006066	has_biolink:BiologicalProcess	"experimental_data;tabular_data"								
syn11374354	go:0032231	has_biolink:BiologicalProcess	"experimental_data;tabular_data"								
syn11374354	go:0071709	has_biolink:BiologicalProcess	"experimental_data;tabular_data"								
syn11374354	go:0071384	has_biolink:BiologicalProcess	"experimental_data;tabular_data"								
syn11374354	go:0022612	has_biolink:BiologicalProcess	"experimental_data;tabular_data"								
syn11374354	go:0045732	has_biolink:BiologicalProcess	"experimental_data;tabular_data"								
syn11374354	go:0072001	has_biolink:BiologicalProcess	"experimental_data;tabular_data"								
syn11374354	go:0042176	has_biolink:BiologicalProcess	"experimental_data;tabular_data"								
syn11374354	go:0001726	has_biolink:CellularComponent	"experimental_data;tabular_data"								
syn11374354	go:1901654	has_biolink:BiologicalProcess	"experimental_data;tabular_data"								
syn11374354	go:0001936	has_biolink:BiologicalProcess	"experimental_data;tabular_data"								
syn11374354	go:0031960	has_biolink:BiologicalProcess	"experimental_data;tabular_data"								
syn11374354	go:0031424	has_biolink:BiologicalProcess	"experimental_data;tabular_data"								
syn11374354	go:0060411	has_biolink:BiologicalProcess	"experimental_data;tabular_data"								
syn11374354	go:0036294	has_biolink:BiologicalProcess	"experimental_data;tabular_data"								
syn11374354	go:1902904	has_biolink:BiologicalProcess	"experimental_data;tabular_data"								
syn11374354	go:0034249	has_biolink:BiologicalProcess	"experimental_data;tabular_data"								
syn11374354	go:0048863	has_biolink:BiologicalProcess	"experimental_data;tabular_data"								
syn11374354	go:0070663	has_biolink:BiologicalProcess	"experimental_data;tabular_data"								
syn11374354	go:0016740	has_biolink:BiologicalProcess	"experimental_data;tabular_data"								
syn11374354	go:0060541	has_biolink:BiologicalProcess	"experimental_data;tabular_data"								
syn11374354	go:1901861	has_biolink:BiologicalProcess	"experimental_data;tabular_data"								
syn11374354	go:0005774	has_biolink:CellularComponent	"experimental_data;tabular_data"								
syn11374354	go:0043500	has_biolink:BiologicalProcess	"experimental_data;tabular_data"								
syn11374354	go:0016054	has_biolink:BiologicalProcess	"experimental_data;tabular_data"								
syn11374354	go:0046395	has_biolink:BiologicalProcess	"experimental_data;tabular_data"								
syn11374354	go:0043405	has_biolink:BiologicalProcess	"experimental_data;tabular_data"								
syn11374354	go:0090288	has_biolink:BiologicalProcess	"experimental_data;tabular_data"								
syn11374354	go:0005539	has_biolink:BiologicalProcess	"experimental_data;tabular_data"								
syn11374354	go:0061614	has_biolink:BiologicalProcess	"experimental_data;tabular_data"								
syn11374354	go:1903707	has_biolink:BiologicalProcess	"experimental_data;tabular_data"								
syn11374354	go:0003300	has_biolink:BiologicalProcess	"experimental_data;tabular_data"								
syn11374354	go:1902107	has_biolink:BiologicalProcess	"experimental_data;tabular_data"								
syn11374354	go:0030154	has_biolink:BiologicalProcess	"experimental_data;tabular_data"								
syn11374354	go:0071902	has_biolink:BiologicalProcess	"experimental_data;tabular_data"								
syn11374354	go:0048634	has_biolink:BiologicalProcess	"experimental_data;tabular_data"								
syn11374354	go:1903320	has_biolink:BiologicalProcess	"experimental_data;tabular_data"								
syn11374354	go:0048732	has_biolink:BiologicalProcess	"experimental_data;tabular_data"								
syn11374354	go:0016627	has_biolink:BiologicalProcess	"experimental_data;tabular_data"								
syn11374354	go:0030832	has_biolink:BiologicalProcess	"experimental_data;tabular_data"								
syn11374354	go:0045639	has_biolink:BiologicalProcess	"experimental_data;tabular_data"								
syn11374354	go:0005912	has_biolink:CellularComponent	"experimental_data;tabular_data"								
syn11374354	go:0051384	has_biolink:BiologicalProcess	"experimental_data;tabular_data"								
syn11374354	go:0030324	has_biolink:BiologicalProcess	"experimental_data;tabular_data"								
syn11374354	go:0005549	has_biolink:BiologicalProcess	"experimental_data;tabular_data"								
syn11374354	go:0090092	has_biolink:BiologicalProcess	"experimental_data;tabular_data"								
syn11374354	go:0019693	has_biolink:BiologicalProcess	"experimental_data;tabular_data"								
syn11374354	go:0008064	has_biolink:BiologicalProcess	"experimental_data;tabular_data"								
syn11374354	go:0005201	has_biolink:BiologicalProcess	"experimental_data;tabular_data"								
syn11374354	go:0061013	has_biolink:BiologicalProcess	"experimental_data;tabular_data"								
syn11374354	go:0034599	has_biolink:BiologicalProcess	"experimental_data;tabular_data"								
syn11374354	go:0001510	has_biolink:BiologicalProcess	"experimental_data;tabular_data"								
syn11374354	go:0008175	has_biolink:BiologicalProcess	"experimental_data;tabular_data"								
syn11374354	go:0034612	has_biolink:BiologicalProcess	"experimental_data;tabular_data"								
syn11374354	go:0014033	has_biolink:BiologicalProcess	"experimental_data;tabular_data"								
syn11374354	go:0035770	has_biolink:CellularComponent	"experimental_data;tabular_data"								
syn11374354	go:0005681	has_biolink:MacromolecularComplexOrProteinFamily	"experimental_data;tabular_data"								
syn11374354	go:0030038	has_biolink:BiologicalProcess	"experimental_data;tabular_data"								
syn11374354	go:0043149	has_biolink:BiologicalProcess	"experimental_data;tabular_data"								
syn11374354	go:0016202	has_biolink:BiologicalProcess	"experimental_data;tabular_data"								
syn11374354	go:0035265	has_biolink:BiologicalProcess	"experimental_data;tabular_data"								
syn11374354	go:0002696	has_biolink:BiologicalProcess	"experimental_data;tabular_data"								
syn11374354	go:0007178	has_biolink:BiologicalProcess	"experimental_data;tabular_data"								
syn11374354	go:0051251	has_biolink:BiologicalProcess	"experimental_data;tabular_data"								
syn11374354	go:0061041	has_biolink:BiologicalProcess	"experimental_data;tabular_data"								
syn11374354	go:0033108	has_biolink:BiologicalProcess	"experimental_data;tabular_data"								
syn11374354	go:0014812	has_biolink:BiologicalProcess	"experimental_data;tabular_data"								
syn11374354	go:0002042	has_biolink:BiologicalProcess	"experimental_data;tabular_data"								
syn11374354	go:0030728	has_biolink:BiologicalProcess	"experimental_data;tabular_data"								
syn11374354	go:0005604	has_biolink:CellularComponent	"experimental_data;tabular_data"								
syn11374354	go:0016853	has_biolink:BiologicalProcess	"experimental_data;tabular_data"								
syn11374354	go:0001885	has_biolink:BiologicalProcess	"experimental_data;tabular_data"								
syn11374354	go:0060589	has_biolink:BiologicalProcess	"experimental_data;tabular_data"								
syn11374354	go:0001822	has_biolink:BiologicalProcess	"experimental_data;tabular_data"								
syn11374354	go:0050670	has_biolink:BiologicalProcess	"experimental_data;tabular_data"								
syn11374354	go:0050680	has_biolink:BiologicalProcess	"experimental_data;tabular_data"								
syn11374354	go:0043491	has_biolink:BiologicalProcess	"experimental_data;tabular_data"								
syn11374354	go:0001221	has_biolink:BiologicalProcess	"experimental_data;tabular_data"								
syn11374354	go:0030041	has_biolink:BiologicalProcess	"experimental_data;tabular_data"								
syn11374354	go:0050769	has_biolink:BiologicalProcess	"experimental_data;tabular_data"								
syn11374354	go:0010611	has_biolink:BiologicalProcess	"experimental_data;tabular_data"								
syn11374354	go:0021543	has_biolink:BiologicalProcess	"experimental_data;tabular_data"								
syn11374354	go:0060419	has_biolink:BiologicalProcess	"experimental_data;tabular_data"								
syn11374354	go:0008380	has_biolink:BiologicalProcess	"experimental_data;tabular_data"								
syn11374354	go:0055017	has_biolink:BiologicalProcess	"experimental_data;tabular_data"								
syn11374354	go:0034446	has_biolink:BiologicalProcess	"experimental_data;tabular_data"								
syn11374354	go:0010717	has_biolink:BiologicalProcess	"experimental_data;tabular_data"								
syn11374354	go:0051403	has_biolink:BiologicalProcess	"experimental_data;tabular_data"								
syn11374354	go:0048608	has_biolink:BiologicalProcess	"experimental_data;tabular_data"								
syn11374354	go:0055021	has_biolink:BiologicalProcess	"experimental_data;tabular_data"								
syn11374354	go:0090646	has_biolink:BiologicalProcess	"experimental_data;tabular_data"								
syn11374354	go:0043502	has_biolink:BiologicalProcess	"experimental_data;tabular_data"								
syn11374354	go:0048640	has_biolink:BiologicalProcess	"experimental_data;tabular_data"								
syn11374354	go:0032944	has_biolink:BiologicalProcess	"experimental_data;tabular_data"								
syn11374354	go:0045665	has_biolink:BiologicalProcess	"experimental_data;tabular_data"								
syn11374354	go:0050770	has_biolink:BiologicalProcess	"experimental_data;tabular_data"								
syn11374354	go:0005667	has_biolink:MacromolecularComplexOrProteinFamily	"experimental_data;tabular_data"								
syn11374354	go:0014743	has_biolink:BiologicalProcess	"experimental_data;tabular_data"								
syn11374354	go:1900151	has_biolink:BiologicalProcess	"experimental_data;tabular_data"								
syn11374354	go:0030308	has_biolink:BiologicalProcess	"experimental_data;tabular_data"								
syn11374354	go:0002764	has_biolink:BiologicalProcess	"experimental_data;tabular_data"								
syn11374354	go:0003007	has_biolink:BiologicalProcess	"experimental_data;tabular_data"								
syn11374354	go:0061008	has_biolink:BiologicalProcess	"experimental_data;tabular_data"								
syn11374354	go:0071356	has_biolink:BiologicalProcess	"experimental_data;tabular_data"								
syn11374354	go:1902930	has_biolink:BiologicalProcess	"experimental_data;tabular_data"								
syn11374354	go:0060412	has_biolink:BiologicalProcess	"experimental_data;tabular_data"								
syn11374354	go:0014031	has_biolink:BiologicalProcess	"experimental_data;tabular_data"								
syn11374354	hgnc:667	has_biolink:GeneOrGeneProduct	"experimental_data;tabular_data"								
syn11374354	go:0034101	has_biolink:BiologicalProcess	"experimental_data;tabular_data"								
syn11374354	go:0098984	has_biolink:CellularComponent	"experimental_data;tabular_data"								
syn11374354	go:0042826	has_biolink:BiologicalProcess	"experimental_data;tabular_data"								
syn11374354	go:0061458	has_biolink:BiologicalProcess	"experimental_data;tabular_data"								
syn11374354	go:0060333	has_biolink:BiologicalProcess	"experimental_data;tabular_data"								
syn11374354	go:0001953	has_biolink:BiologicalProcess	"experimental_data;tabular_data"								
syn11374354	go:0035023	has_biolink:BiologicalProcess	"experimental_data;tabular_data"								
syn11374354	go:0061042	has_biolink:BiologicalProcess	"experimental_data;tabular_data"								
syn11374354	go:0008173	has_biolink:BiologicalProcess	"experimental_data;tabular_data"								
syn11374354	go:0000963	has_biolink:BiologicalProcess	"experimental_data;tabular_data"								
syn11374354	go:0097421	has_biolink:BiologicalProcess	"experimental_data;tabular_data"								
syn11374354	go:0071496	has_biolink:BiologicalProcess	"experimental_data;tabular_data"								
syn11374354	fplx:PI3K	has_biolink:MacromolecularComplexOrProteinFamily	"experimental_data;tabular_data"								
syn11374354	go:0005765	has_biolink:CellularComponent	"experimental_data;tabular_data"								
syn11374354	go:0098852	has_biolink:CellularComponent	"experimental_data;tabular_data"								
syn11374354	go:0030178	has_biolink:BiologicalProcess	"experimental_data;tabular_data"								
syn11374354	go:0031098	has_biolink:BiologicalProcess	"experimental_data;tabular_data"								
syn11374354	go:0008013	has_biolink:BiologicalProcess	"experimental_data;tabular_data"								
syn11374354	go:0032946	has_biolink:BiologicalProcess	"experimental_data;tabular_data"								
syn11374354	go:2000134	has_biolink:BiologicalProcess	"experimental_data;tabular_data"								
syn11374354	go:0010596	has_biolink:BiologicalProcess	"experimental_data;tabular_data"								
syn11374354	go:0009165	has_biolink:BiologicalProcess	"experimental_data;tabular_data"								
syn11374354	go:0009259	has_biolink:BiologicalProcess	"experimental_data;tabular_data"								
syn11374354	go:1902893	has_biolink:BiologicalProcess	"experimental_data;tabular_data"								
syn11374354	go:0048661	has_biolink:BiologicalProcess	"experimental_data;tabular_data"								
syn11374354	go:0034614	has_biolink:BiologicalProcess	"experimental_data;tabular_data"								
syn11374354	go:0051492	has_biolink:BiologicalProcess	"experimental_data;tabular_data"								
syn11374354	go:0099572	has_biolink:CellularComponent	"experimental_data;tabular_data"								
syn11374354	go:1901293	has_biolink:BiologicalProcess	"experimental_data;tabular_data"								
syn11374354	go:0046390	has_biolink:BiologicalProcess	"experimental_data;tabular_data"								
syn11374354	go:0007173	has_biolink:BiologicalProcess	"experimental_data;tabular_data"								
syn11374354	go:0015934	has_biolink:CellularComponent	"experimental_data;tabular_data"								
syn11374354	go:0044091	has_biolink:BiologicalProcess	"experimental_data;tabular_data"								
syn11374354	go:0030098	has_biolink:BiologicalProcess	"experimental_data;tabular_data"								
syn11374354	go:0070665	has_biolink:BiologicalProcess	"experimental_data;tabular_data"								
syn11374354	go:0031346	has_biolink:BiologicalProcess	"experimental_data;tabular_data"								
syn11374354	go:0008168	has_biolink:BiologicalProcess	"experimental_data;tabular_data"								
syn11374354	go:0006790	has_biolink:BiologicalProcess	"experimental_data;tabular_data"								
syn11374354	go:0044295	has_biolink:CellularComponent	"experimental_data;tabular_data"								
syn11374354	go:0043536	has_biolink:BiologicalProcess	"experimental_data;tabular_data"								
syn11374354	go:0070661	has_biolink:BiologicalProcess	"experimental_data;tabular_data"								
syn11374354	go:0045619	has_biolink:BiologicalProcess	"experimental_data;tabular_data"								
syn11374354	go:0008757	has_biolink:BiologicalProcess	"experimental_data;tabular_data"								
syn11374354	go:0009152	has_biolink:BiologicalProcess	"experimental_data;tabular_data"								
syn11374354	go:0038066	has_biolink:BiologicalProcess	"experimental_data;tabular_data"								
syn11374354	go:0019058	has_biolink:BiologicalProcess	"experimental_data;tabular_data"								
syn11374354	go:0016874	has_biolink:BiologicalProcess	"experimental_data;tabular_data"								
syn11374354	go:0043537	has_biolink:BiologicalProcess	"experimental_data;tabular_data"								
syn11374354	go:0035051	has_biolink:BiologicalProcess	"experimental_data;tabular_data"								
syn11374354	go:0003170	has_biolink:BiologicalProcess	"experimental_data;tabular_data"								
syn11374354	go:0003151	has_biolink:BiologicalProcess	"experimental_data;tabular_data"								
syn11374354	go:0001938	has_biolink:BiologicalProcess	"experimental_data;tabular_data"								
syn11374354	go:0048008	has_biolink:BiologicalProcess	"experimental_data;tabular_data"								
syn11374354	go:0042698	has_biolink:BiologicalProcess	"experimental_data;tabular_data"								
syn11374354	go:2000736	has_biolink:BiologicalProcess	"experimental_data;tabular_data"								
syn11374354	go:0009260	has_biolink:BiologicalProcess	"experimental_data;tabular_data"								
syn11374354	go:0050920	has_biolink:BiologicalProcess	"experimental_data;tabular_data"								
syn11374354	go:0071364	has_biolink:BiologicalProcess	"experimental_data;tabular_data"								
syn11374354	go:0016236	has_biolink:BiologicalProcess	"experimental_data;tabular_data"								
syn11374354	go:1901991	has_biolink:BiologicalProcess	"experimental_data;tabular_data"								
syn11374354	go:0070372	has_biolink:BiologicalProcess	"experimental_data;tabular_data"								
syn11374354	go:0032279	has_biolink:CellularComponent	"experimental_data;tabular_data"								
syn11374354	go:0045580	has_biolink:BiologicalProcess	"experimental_data;tabular_data"								
syn11374354	go:0071216	has_biolink:BiologicalProcess	"experimental_data;tabular_data"								
syn11374354	go:1903265	has_biolink:BiologicalProcess	"experimental_data;tabular_data"								
syn11374354	go:0043292	has_biolink:CellularComponent	"experimental_data;tabular_data"								
syn11374354	go:0014069	has_biolink:CellularComponent	"experimental_data;tabular_data"								
syn11374354	go:0050671	has_biolink:BiologicalProcess	"experimental_data;tabular_data"								
syn11374354	go:0001954	has_biolink:BiologicalProcess	"experimental_data;tabular_data"								
syn11374354	go:0003179	has_biolink:BiologicalProcess	"experimental_data;tabular_data"								
syn11374354	go:0045787	has_biolink:BiologicalProcess	"experimental_data;tabular_data"								
syn11374354	go:0043488	has_biolink:BiologicalProcess	"experimental_data;tabular_data"								
syn11374354	go:0090090	has_biolink:BiologicalProcess	"experimental_data;tabular_data"								
syn11374354	go:0045766	has_biolink:BiologicalProcess	"experimental_data;tabular_data"								
syn11374354	go:0017148	has_biolink:BiologicalProcess	"experimental_data;tabular_data"								
syn11374354	go:0008347	has_biolink:BiologicalProcess	"experimental_data;tabular_data"								
syn11374354	go:0032922	has_biolink:BiologicalProcess	"experimental_data;tabular_data"								
syn11374354	go:0030016	has_biolink:CellularComponent	"experimental_data;tabular_data"								
syn11374354	go:0071222	has_biolink:BiologicalProcess	"experimental_data;tabular_data"								
syn11374354	go:0032273	has_biolink:BiologicalProcess	"experimental_data;tabular_data"								
syn11374354	go:0002768	has_biolink:BiologicalProcess	"experimental_data;tabular_data"								
syn11374354	go:0070849	has_biolink:BiologicalProcess	"experimental_data;tabular_data"								
syn11374354	go:0007009	has_biolink:BiologicalProcess	"experimental_data;tabular_data"								
syn11374354	go:0002253	has_biolink:BiologicalProcess	"experimental_data;tabular_data"								
syn11374354	go:0032102	has_biolink:BiologicalProcess	"experimental_data;tabular_data"								
syn11374354	go:0045862	has_biolink:BiologicalProcess	"experimental_data;tabular_data"								
syn11374354	go:0060211	has_biolink:BiologicalProcess	"experimental_data;tabular_data"								
syn11374354	go:0001889	has_biolink:BiologicalProcess	"experimental_data;tabular_data"								
syn11374354	go:0009612	has_biolink:BiologicalProcess	"experimental_data;tabular_data"								
syn11374354	go:1902807	has_biolink:BiologicalProcess	"experimental_data;tabular_data"								
syn11374354	go:0050867	has_biolink:BiologicalProcess	"experimental_data;tabular_data"								
syn11374354	mesh:D009474	has_biolink:GrossAnatomicalStructure	"experimental_data;tabular_data"								
syn11374354	go:0030218	has_biolink:BiologicalProcess	"experimental_data;tabular_data"								
syn11374354	go:0038093	has_biolink:BiologicalProcess	"experimental_data;tabular_data"								
syn11374354	go:0045995	has_biolink:BiologicalProcess	"experimental_data;tabular_data"								
syn11374354	go:0008287	has_biolink:MacromolecularComplexOrProteinFamily	"experimental_data;tabular_data"								
syn11374354	go:1903293	has_biolink:MacromolecularComplexOrProteinFamily	"experimental_data;tabular_data"								
syn11374354	go:0007369	has_biolink:BiologicalProcess	"experimental_data;tabular_data"								
syn11374354	go:0061014	has_biolink:BiologicalProcess	"experimental_data;tabular_data"								
syn11374354	go:0071375	has_biolink:BiologicalProcess	"experimental_data;tabular_data"								
syn11374354	go:0001755	has_biolink:BiologicalProcess	"experimental_data;tabular_data"								
syn11374354	go:0060326	has_biolink:BiologicalProcess	"experimental_data;tabular_data"								
syn11374354	go:0060420	has_biolink:BiologicalProcess	"experimental_data;tabular_data"								
syn11374354	go:0097581	has_biolink:BiologicalProcess	"experimental_data;tabular_data"								
syn11374354	go:2000637	has_biolink:BiologicalProcess	"experimental_data;tabular_data"								
syn11374354	go:0030032	has_biolink:BiologicalProcess	"experimental_data;tabular_data"								
syn11374354	go:0050921	has_biolink:BiologicalProcess	"experimental_data;tabular_data"								
syn11374354	go:0051147	has_biolink:BiologicalProcess	"experimental_data;tabular_data"								
syn11374354	go:0030833	has_biolink:BiologicalProcess	"experimental_data;tabular_data"								
syn11374354	go:0048864	has_biolink:BiologicalProcess	"experimental_data;tabular_data"								
syn11374354	go:0002576	has_biolink:BiologicalProcess	"experimental_data;tabular_data"								
syn11374354	go:0002685	has_biolink:BiologicalProcess	"experimental_data;tabular_data"								
syn11374354	go:0014909	has_biolink:BiologicalProcess	"experimental_data;tabular_data"								
syn11374354	go:0007179	has_biolink:BiologicalProcess	"experimental_data;tabular_data"								
syn11374354	go:0009150	has_biolink:BiologicalProcess	"experimental_data;tabular_data"								
syn11374354	go:0002573	has_biolink:BiologicalProcess	"experimental_data;tabular_data"								
syn11374354	go:0001764	has_biolink:BiologicalProcess	"experimental_data;tabular_data"								
syn11374354	go:1900153	has_biolink:BiologicalProcess	"experimental_data;tabular_data"								
syn11374354	go:0085029	has_biolink:BiologicalProcess	"experimental_data;tabular_data"								
syn11374354	go:0030139	has_biolink:CellularComponent	"experimental_data;tabular_data"								
syn11374354	go:0030426	has_biolink:CellularComponent	"experimental_data;tabular_data"								
syn11374354	go:0048639	has_biolink:BiologicalProcess	"experimental_data;tabular_data"								
syn11374354	go:0003279	has_biolink:BiologicalProcess	"experimental_data;tabular_data"								
syn11374354	go:0035578	has_biolink:CellularComponent	"experimental_data;tabular_data"								
syn11374354	go:0017053	has_biolink:MacromolecularComplexOrProteinFamily	"experimental_data;tabular_data"								
syn11374354	go:0030177	has_biolink:BiologicalProcess	"experimental_data;tabular_data"								
syn11374354	go:0055023	has_biolink:BiologicalProcess	"experimental_data;tabular_data"								
syn11374354	go:0010718	has_biolink:BiologicalProcess	"experimental_data;tabular_data"								
syn11374354	go:0002761	has_biolink:BiologicalProcess	"experimental_data;tabular_data"								
syn11374354	go:0001570	has_biolink:BiologicalProcess	"experimental_data;tabular_data"								
syn11374354	go:0014910	has_biolink:BiologicalProcess	"experimental_data;tabular_data"								
syn11374354	go:0006164	has_biolink:BiologicalProcess	"experimental_data;tabular_data"								
syn11374354	go:0060148	has_biolink:BiologicalProcess	"experimental_data;tabular_data"								
syn11374354	go:1901987	has_biolink:BiologicalProcess	"experimental_data;tabular_data"								
syn11374354	go:1904705	has_biolink:BiologicalProcess	"experimental_data;tabular_data"								
syn11374354	go:1990874	has_biolink:BiologicalProcess	"experimental_data;tabular_data"								
syn11374354	go:0031396	has_biolink:BiologicalProcess	"experimental_data;tabular_data"								
syn11374354	go:0001818	has_biolink:BiologicalProcess	"experimental_data;tabular_data"								
syn11374354	go:0070373	has_biolink:BiologicalProcess	"experimental_data;tabular_data"								
syn11374354	go:0010977	has_biolink:BiologicalProcess	"experimental_data;tabular_data"								
syn11374354	go:1905207	has_biolink:BiologicalProcess	"experimental_data;tabular_data"								
syn11374354	go:0051494	has_biolink:BiologicalProcess	"experimental_data;tabular_data"								
syn11374354	go:0071241	has_biolink:BiologicalProcess	"experimental_data;tabular_data"								
syn11374354	go:0032835	has_biolink:BiologicalProcess	"experimental_data;tabular_data"								
syn11374354	go:0060560	has_biolink:BiologicalProcess	"experimental_data;tabular_data"								
syn11374354	go:0005085	has_biolink:BiologicalProcess	"experimental_data;tabular_data"								
syn11374354	go:0001837	has_biolink:BiologicalProcess	"experimental_data;tabular_data"								
syn11374354	go:0042129	has_biolink:BiologicalProcess	"experimental_data;tabular_data"								
syn11374354	go:0048738	has_biolink:BiologicalProcess	"experimental_data;tabular_data"								
syn11374354	go:1903670	has_biolink:BiologicalProcess	"experimental_data;tabular_data"								
syn11374354	go:0030018	has_biolink:CellularComponent	"experimental_data;tabular_data"								
syn11374354	go:0010633	has_biolink:BiologicalProcess	"experimental_data;tabular_data"								
syn11374354	go:0030695	has_biolink:BiologicalProcess	"experimental_data;tabular_data"								
syn11374354	go:0030017	has_biolink:CellularComponent	"experimental_data;tabular_data"								
syn11374354	chebi:33696	has_biolink:SmallMolecule	"experimental_data;tabular_data"								
syn11374354	go:0043487	has_biolink:BiologicalProcess	"experimental_data;tabular_data"								
syn11374354	go:0008654	has_biolink:BiologicalProcess	"experimental_data;tabular_data"								
syn11374354	go:0007040	has_biolink:BiologicalProcess	"experimental_data;tabular_data"								
syn11374354	go:0080171	has_biolink:BiologicalProcess	"experimental_data;tabular_data"								
syn11374354	go:1901203	has_biolink:BiologicalProcess	"experimental_data;tabular_data"								
syn11374354	go:0070085	has_biolink:BiologicalProcess	"experimental_data;tabular_data"								
syn11374354	go:0015297	has_biolink:BiologicalProcess	"experimental_data;tabular_data"								
syn11374354	go:0140097	has_biolink:BiologicalProcess	"experimental_data;tabular_data"								
syn11374354	go:0009649	has_biolink:BiologicalProcess	"experimental_data;tabular_data"								
syn11374354	go:0017004	has_biolink:BiologicalProcess	"experimental_data;tabular_data"								
syn11374354	go:0031647	has_biolink:BiologicalProcess	"experimental_data;tabular_data"								
syn11374354	go:1903844	has_biolink:BiologicalProcess	"experimental_data;tabular_data"								
syn11374354	go:0036499	has_biolink:BiologicalProcess	"experimental_data;tabular_data"								
syn11374354	go:0140467	has_biolink:BiologicalProcess	"experimental_data;tabular_data"								
syn11374354	go:0016922	has_biolink:BiologicalProcess	"experimental_data;tabular_data"								
syn11374354	go:1903312	has_biolink:BiologicalProcess	"experimental_data;tabular_data"								
syn11374354	go:0045655	has_biolink:BiologicalProcess	"experimental_data;tabular_data"								
syn11374354	go:0030427	has_biolink:CellularComponent	"experimental_data;tabular_data"								
syn11374354	go:0003180	has_biolink:BiologicalProcess	"experimental_data;tabular_data"								
syn11374354	go:0048027	has_biolink:BiologicalProcess	"experimental_data;tabular_data"								
syn11374354	go:0014032	has_biolink:BiologicalProcess	"experimental_data;tabular_data"								
syn11374354	go:0010613	has_biolink:BiologicalProcess	"experimental_data;tabular_data"								
syn11374354	go:0006970	has_biolink:BiologicalProcess	"experimental_data;tabular_data"								
syn11374354	go:0014037	has_biolink:BiologicalProcess	"experimental_data;tabular_data"								
syn11374354	go:0051222	has_biolink:BiologicalProcess	"experimental_data;tabular_data"								
syn11374354	go:0010771	has_biolink:BiologicalProcess	"experimental_data;tabular_data"								
syn11374354	go:0046620	has_biolink:BiologicalProcess	"experimental_data;tabular_data"								
syn11374354	go:0005766	has_biolink:CellularComponent	"experimental_data;tabular_data"								
syn11374354	go:0042582	has_biolink:CellularComponent	"experimental_data;tabular_data"								
syn11374354	go:0008201	has_biolink:BiologicalProcess	"experimental_data;tabular_data"								
syn11374354	go:2001235	has_biolink:BiologicalProcess	"experimental_data;tabular_data"								
syn11374354	go:0010256	has_biolink:BiologicalProcess	"experimental_data;tabular_data"								
syn11374354	go:0017015	has_biolink:BiologicalProcess	"experimental_data;tabular_data"								
syn11374354	go:0071826	has_biolink:BiologicalProcess	"experimental_data;tabular_data"								
syn11374354	go:0032006	has_biolink:BiologicalProcess	"experimental_data;tabular_data"								
syn11374354	go:0032868	has_biolink:BiologicalProcess	"experimental_data;tabular_data"								
syn11374354	go:0050878	has_biolink:BiologicalProcess	"experimental_data;tabular_data"								
syn11374354	go:0031333	has_biolink:BiologicalProcess	"experimental_data;tabular_data"								
syn11374354	go:0045666	has_biolink:BiologicalProcess	"experimental_data;tabular_data"								
syn11374354	go:0071219	has_biolink:BiologicalProcess	"experimental_data;tabular_data"								
syn11374354	go:0071887	has_biolink:BiologicalProcess	"experimental_data;tabular_data"								
syn11374354	go:0061448	has_biolink:BiologicalProcess	"experimental_data;tabular_data"								
syn11374354	go:0008283	has_biolink:BiologicalProcess	"experimental_data;tabular_data"								
syn11374354	go:2001234	has_biolink:BiologicalProcess	"experimental_data;tabular_data"								
syn11374354	go:0018108	has_biolink:BiologicalProcess	"experimental_data;tabular_data"								
syn11374354	go:1905898	has_biolink:BiologicalProcess	"experimental_data;tabular_data"								
syn11374354	go:0032386	has_biolink:BiologicalProcess	"experimental_data;tabular_data"								
syn11374354	go:0036002	has_biolink:BiologicalProcess	"experimental_data;tabular_data"								
syn11374354	go:0120032	has_biolink:BiologicalProcess	"experimental_data;tabular_data"								
syn11374354	go:0045667	has_biolink:BiologicalProcess	"experimental_data;tabular_data"								
syn11374354	go:1902041	has_biolink:BiologicalProcess	"experimental_data;tabular_data"								
syn11374354	go:0006631	has_biolink:BiologicalProcess	"experimental_data;tabular_data"								
syn11374354	go:0003184	has_biolink:BiologicalProcess	"experimental_data;tabular_data"								
syn11374354	go:0001959	has_biolink:BiologicalProcess	"experimental_data;tabular_data"								
syn11374354	go:0042171	has_biolink:BiologicalProcess	"experimental_data;tabular_data"								
syn11374354	go:0005775	has_biolink:CellularComponent	"experimental_data;tabular_data"								
syn11374354	go:0008625	has_biolink:BiologicalProcess	"experimental_data;tabular_data"								
syn11374354	go:2000027	has_biolink:BiologicalProcess	"experimental_data;tabular_data"								
syn11374354	go:1902106	has_biolink:BiologicalProcess	"experimental_data;tabular_data"								
syn11374354	go:0071901	has_biolink:BiologicalProcess	"experimental_data;tabular_data"								
syn11374354	go:0003730	has_biolink:BiologicalProcess	"experimental_data;tabular_data"								
syn11374354	go:0043406	has_biolink:BiologicalProcess	"experimental_data;tabular_data"								
syn11374354	go:0048010	has_biolink:BiologicalProcess	"experimental_data;tabular_data"								
syn11374354	go:0035925	has_biolink:BiologicalProcess	"experimental_data;tabular_data"								
syn11374354	go:0043153	has_biolink:BiologicalProcess	"experimental_data;tabular_data"								
syn11374354	go:0060491	has_biolink:BiologicalProcess	"experimental_data;tabular_data"								
syn11374354	go:0070301	has_biolink:BiologicalProcess	"experimental_data;tabular_data"								
syn11374354	go:0016605	has_biolink:CellularComponent	"experimental_data;tabular_data"								
syn11374354	go:2001238	has_biolink:BiologicalProcess	"experimental_data;tabular_data"								
syn11374354	go:0006303	has_biolink:BiologicalProcess	"experimental_data;tabular_data"								
syn11374354	go:0006664	has_biolink:BiologicalProcess	"experimental_data;tabular_data"								
syn11374354	go:0060043	has_biolink:BiologicalProcess	"experimental_data;tabular_data"								
syn11374354	go:0060045	has_biolink:BiologicalProcess	"experimental_data;tabular_data"								
syn11374354	go:0001649	has_biolink:BiologicalProcess	"experimental_data;tabular_data"								
syn11374354	go:0048846	has_biolink:BiologicalProcess	"experimental_data;tabular_data"								
syn11374354	go:0060421	has_biolink:BiologicalProcess	"experimental_data;tabular_data"								
syn11374354	go:1902284	has_biolink:BiologicalProcess	"experimental_data;tabular_data"								
syn11374354	go:0070402	has_biolink:BiologicalProcess	"experimental_data;tabular_data"								
syn11374354	go:0110110	has_biolink:BiologicalProcess	"experimental_data;tabular_data"								
syn11374354	go:0018212	has_biolink:BiologicalProcess	"experimental_data;tabular_data"								
syn11374354	go:0097193	has_biolink:BiologicalProcess	"experimental_data;tabular_data"								
syn11374354	go:0008535	has_biolink:BiologicalProcess	"experimental_data;tabular_data"								
syn11374354	go:0033119	has_biolink:BiologicalProcess	"experimental_data;tabular_data"								
syn11374354	go:0072659	has_biolink:BiologicalProcess	"experimental_data;tabular_data"								
syn11374354	go:0050840	has_biolink:BiologicalProcess	"experimental_data;tabular_data"								
syn11374354	go:0051099	has_biolink:BiologicalProcess	"experimental_data;tabular_data"								
syn11374354	go:0002221	has_biolink:BiologicalProcess	"experimental_data;tabular_data"								
syn11374354	go:0032233	has_biolink:BiologicalProcess	"experimental_data;tabular_data"								
syn11374354	go:0004812	has_biolink:BiologicalProcess	"experimental_data;tabular_data"								
syn11374354	go:0016875	has_biolink:BiologicalProcess	"experimental_data;tabular_data"								
syn11374354	go:0044242	has_biolink:BiologicalProcess	"experimental_data;tabular_data"								
syn11374354	go:1990138	has_biolink:BiologicalProcess	"experimental_data;tabular_data"								
syn11374354	go:0045778	has_biolink:BiologicalProcess	"experimental_data;tabular_data"								
syn11374354	go:0060759	has_biolink:BiologicalProcess	"experimental_data;tabular_data"								
syn11374354	go:0051491	has_biolink:BiologicalProcess	"experimental_data;tabular_data"								
syn11374354	go:0033865	has_biolink:BiologicalProcess	"experimental_data;tabular_data"								
syn11374354	go:0033875	has_biolink:BiologicalProcess	"experimental_data;tabular_data"								
syn11374354	go:0034032	has_biolink:BiologicalProcess	"experimental_data;tabular_data"								
syn11374354	go:0043433	has_biolink:BiologicalProcess	"experimental_data;tabular_data"								
syn11374354	go:0031091	has_biolink:CellularComponent	"experimental_data;tabular_data"								
syn11374354	go:0043039	has_biolink:BiologicalProcess	"experimental_data;tabular_data"								
syn11374354	go:1902003	has_biolink:BiologicalProcess	"experimental_data;tabular_data"								
syn11374354	go:0043038	has_biolink:BiologicalProcess	"experimental_data;tabular_data"								
syn11374354	go:0045927	has_biolink:BiologicalProcess	"experimental_data;tabular_data"								
syn11374354	go:0072329	has_biolink:BiologicalProcess	"experimental_data;tabular_data"								
syn11374354	go:0014855	has_biolink:BiologicalProcess	"experimental_data;tabular_data"								
syn11374354	go:0060038	has_biolink:BiologicalProcess	"experimental_data;tabular_data"								
syn11374354	go:0042752	has_biolink:BiologicalProcess	"experimental_data;tabular_data"								
syn11374354	go:0072522	has_biolink:BiologicalProcess	"experimental_data;tabular_data"								
syn11374354	go:0042551	has_biolink:BiologicalProcess	"experimental_data;tabular_data"								
syn11374354	go:0030510	has_biolink:BiologicalProcess	"experimental_data;tabular_data"								
syn11374354	go:0006644	has_biolink:BiologicalProcess	"experimental_data;tabular_data"								
syn11374354	go:0003841	has_biolink:BiologicalProcess	"experimental_data;tabular_data"								
syn11374354	go:0030330	has_biolink:BiologicalProcess	"experimental_data;tabular_data"								
syn11374354	go:0031345	has_biolink:BiologicalProcess	"experimental_data;tabular_data"								
syn11374354	go:0001709	has_biolink:BiologicalProcess	"experimental_data;tabular_data"								
syn11374354	go:0098727	has_biolink:BiologicalProcess	"experimental_data;tabular_data"								
syn11374354	go:0046847	has_biolink:BiologicalProcess	"experimental_data;tabular_data"								
syn11374354	go:0006414	has_biolink:BiologicalProcess	"experimental_data;tabular_data"								
syn11374354	go:0045638	has_biolink:BiologicalProcess	"experimental_data;tabular_data"								
syn11374354	go:0031669	has_biolink:BiologicalProcess	"experimental_data;tabular_data"								
syn11374354	go:0051497	has_biolink:BiologicalProcess	"experimental_data;tabular_data"								
syn11374354	go:0007033	has_biolink:BiologicalProcess	"experimental_data;tabular_data"								
syn11374354	go:1902895	has_biolink:BiologicalProcess	"experimental_data;tabular_data"								
syn11374354	go:0016322	has_biolink:BiologicalProcess	"experimental_data;tabular_data"								
syn11374354	go:0005096	has_biolink:BiologicalProcess	"experimental_data;tabular_data"								
syn11374354	go:0031668	has_biolink:BiologicalProcess	"experimental_data;tabular_data"								
syn11374354	go:0042613	has_biolink:MacromolecularComplexOrProteinFamily	"experimental_data;tabular_data"								
syn11374354	go:0060213	has_biolink:BiologicalProcess	"experimental_data;tabular_data"								
syn11374354	go:0021954	has_biolink:BiologicalProcess	"experimental_data;tabular_data"								
syn11374354	go:0014009	has_biolink:BiologicalProcess	"experimental_data;tabular_data"								
syn11374354	go:0035914	has_biolink:BiologicalProcess	"experimental_data;tabular_data"								
syn11374354	go:0046982	has_biolink:BiologicalProcess	"experimental_data;tabular_data"								
syn11374354	go:0008361	has_biolink:BiologicalProcess	"experimental_data;tabular_data"								
syn11374354	go:0051895	has_biolink:BiologicalProcess	"experimental_data;tabular_data"								
syn11374354	go:0150118	has_biolink:BiologicalProcess	"experimental_data;tabular_data"								
syn11374354	go:0046622	has_biolink:BiologicalProcess	"experimental_data;tabular_data"								
syn11374354	go:2001242	has_biolink:BiologicalProcess	"experimental_data;tabular_data"								
syn11374354	go:0038061	has_biolink:BiologicalProcess	"experimental_data;tabular_data"								
syn11374354	go:0007422	has_biolink:BiologicalProcess	"experimental_data;tabular_data"								
syn11374354	go:0006486	has_biolink:BiologicalProcess	"experimental_data;tabular_data"								
syn11374354	go:0043413	has_biolink:BiologicalProcess	"experimental_data;tabular_data"								
syn11374354	go:0050810	has_biolink:BiologicalProcess	"experimental_data;tabular_data"								
syn11374354	go:0032869	has_biolink:BiologicalProcess	"experimental_data;tabular_data"								
syn11374354	go:1901617	has_biolink:BiologicalProcess	"experimental_data;tabular_data"								
syn11374354	go:0045931	has_biolink:BiologicalProcess	"experimental_data;tabular_data"								
syn11374354	go:0062125	has_biolink:BiologicalProcess	"experimental_data;tabular_data"								
syn11374354	go:0009615	has_biolink:BiologicalProcess	"experimental_data;tabular_data"								
syn11374354	go:0030282	has_biolink:BiologicalProcess	"experimental_data;tabular_data"								
syn11374354	go:0006163	has_biolink:BiologicalProcess	"experimental_data;tabular_data"								
syn11374354	go:0004519	has_biolink:BiologicalProcess	"experimental_data;tabular_data"								
syn11374354	go:0042102	has_biolink:BiologicalProcess	"experimental_data;tabular_data"								
syn11374354	go:0060546	has_biolink:BiologicalProcess	"experimental_data;tabular_data"								
syn11374354	go:0062099	has_biolink:BiologicalProcess	"experimental_data;tabular_data"								
syn11374354	go:0043202	has_biolink:CellularComponent	"experimental_data;tabular_data"								
syn11374354	go:0035633	has_biolink:BiologicalProcess	"experimental_data;tabular_data"								
syn11374354	go:0007596	has_biolink:BiologicalProcess	"experimental_data;tabular_data"								
syn11374354	go:0051348	has_biolink:BiologicalProcess	"experimental_data;tabular_data"								
syn11374354	go:0022029	has_biolink:BiologicalProcess	"experimental_data;tabular_data"								
syn11374354	go:0005882	has_biolink:CellularComponent	"experimental_data;tabular_data"								
syn11374354	go:0032232	has_biolink:BiologicalProcess	"experimental_data;tabular_data"								
syn11374354	go:1901990	has_biolink:BiologicalProcess	"experimental_data;tabular_data"								
syn11374354	go:0048286	has_biolink:BiologicalProcess	"experimental_data;tabular_data"								
syn11374354	go:0035035	has_biolink:BiologicalProcess	"experimental_data;tabular_data"								
syn11374354	go:0010948	has_biolink:BiologicalProcess	"experimental_data;tabular_data"								
syn11374354	go:0060544	has_biolink:BiologicalProcess	"experimental_data;tabular_data"								
syn11374354	go:0062098	has_biolink:BiologicalProcess	"experimental_data;tabular_data"								
syn11374354	go:0016226	has_biolink:BiologicalProcess	"experimental_data;tabular_data"								
syn11374354	go:0031163	has_biolink:BiologicalProcess	"experimental_data;tabular_data"								
syn11374354	go:0050821	has_biolink:BiologicalProcess	"experimental_data;tabular_data"								
syn11374354	go:0009101	has_biolink:BiologicalProcess	"experimental_data;tabular_data"								
syn11374354	go:0038128	has_biolink:BiologicalProcess	"experimental_data;tabular_data"								
syn11374354	go:0023052	has_biolink:BiologicalProcess	"experimental_data;tabular_data"								
syn11374354	go:0002460	has_biolink:BiologicalProcess	"experimental_data;tabular_data"								
syn11374354	go:0043407	has_biolink:BiologicalProcess	"experimental_data;tabular_data"								
syn11374354	go:0000151	has_biolink:MacromolecularComplexOrProteinFamily	"experimental_data;tabular_data"								
syn11374354	go:0030850	has_biolink:BiologicalProcess	"experimental_data;tabular_data"								
syn11374354	go:0072576	has_biolink:BiologicalProcess	"experimental_data;tabular_data"								
syn11374354	go:0051650	has_biolink:BiologicalProcess	"experimental_data;tabular_data"								
syn11374354	go:1904019	has_biolink:BiologicalProcess	"experimental_data;tabular_data"								
syn11374354	go:0006839	has_biolink:BiologicalProcess	"experimental_data;tabular_data"								
syn11374354	go:0019838	has_biolink:BiologicalProcess	"experimental_data;tabular_data"								
syn11374354	go:0014742	has_biolink:BiologicalProcess	"experimental_data;tabular_data"								
syn11374354	go:0035613	has_biolink:BiologicalProcess	"experimental_data;tabular_data"								
syn11374354	fplx:F_actin	has_biolink:MacromolecularComplexOrProteinFamily	"experimental_data;tabular_data"								
syn11374354	go:0004659	has_biolink:BiologicalProcess	"experimental_data;tabular_data"								
syn11374354	go:1904707	has_biolink:BiologicalProcess	"experimental_data;tabular_data"								
syn11374354	go:0003206	has_biolink:BiologicalProcess	"experimental_data;tabular_data"								
syn11374354	go:0031334	has_biolink:BiologicalProcess	"experimental_data;tabular_data"								
syn11374354	go:0061028	has_biolink:BiologicalProcess	"experimental_data;tabular_data"								
syn11374354	go:0051648	has_biolink:BiologicalProcess	"experimental_data;tabular_data"								
syn11374354	go:0014745	has_biolink:BiologicalProcess	"experimental_data;tabular_data"								
syn11374354	go:0030516	has_biolink:BiologicalProcess	"experimental_data;tabular_data"								
syn11374354	go:0009648	has_biolink:BiologicalProcess	"experimental_data;tabular_data"								
syn11374354	go:0071889	has_biolink:BiologicalProcess	"experimental_data;tabular_data"								
syn11374354	go:1903845	has_biolink:BiologicalProcess	"experimental_data;tabular_data"								
syn11374354	go:0006469	has_biolink:BiologicalProcess	"experimental_data;tabular_data"								
syn11374354	go:0046474	has_biolink:BiologicalProcess	"experimental_data;tabular_data"								
syn11374354	go:0050731	has_biolink:BiologicalProcess	"experimental_data;tabular_data"								
syn11374354	go:0009062	has_biolink:BiologicalProcess	"experimental_data;tabular_data"								
syn11374354	go:0022618	has_biolink:BiologicalProcess	"experimental_data;tabular_data"								
syn11374354	go:0022408	has_biolink:BiologicalProcess	"experimental_data;tabular_data"								
syn11374354	go:1903509	has_biolink:BiologicalProcess	"experimental_data;tabular_data"								
syn11374354	go:1903036	has_biolink:BiologicalProcess	"experimental_data;tabular_data"								
syn11374354	go:1905897	has_biolink:BiologicalProcess	"experimental_data;tabular_data"								
syn11374354	go:0007599	has_biolink:BiologicalProcess	"experimental_data;tabular_data"								
syn11374354	go:0032943	has_biolink:BiologicalProcess	"experimental_data;tabular_data"								
syn11374354	go:0035872	has_biolink:BiologicalProcess	"experimental_data;tabular_data"								
syn11374354	go:0048251	has_biolink:BiologicalProcess	"experimental_data;tabular_data"								
syn11374354	go:1903829	has_biolink:BiologicalProcess	"experimental_data;tabular_data"								
syn11374354	go:0021953	has_biolink:BiologicalProcess	"experimental_data;tabular_data"								
syn11374354	go:0034764	has_biolink:BiologicalProcess	"experimental_data;tabular_data"								
syn11374354	go:1900034	has_biolink:BiologicalProcess	"experimental_data;tabular_data"								
syn11374354	go:0031929	has_biolink:BiologicalProcess	"experimental_data;tabular_data"								
syn11374354	go:1901988	has_biolink:BiologicalProcess	"experimental_data;tabular_data"								
syn11374354	go:0046651	has_biolink:BiologicalProcess	"experimental_data;tabular_data"								
syn11374354	go:0051592	has_biolink:BiologicalProcess	"experimental_data;tabular_data"								
syn11374354	go:0035886	has_biolink:BiologicalProcess	"experimental_data;tabular_data"								
syn11374354	go:0031093	has_biolink:CellularComponent	"experimental_data;tabular_data"								
syn11374354	go:0032663	has_biolink:BiologicalProcess	"experimental_data;tabular_data"								
syn11374354	go:0045216	has_biolink:BiologicalProcess	"experimental_data;tabular_data"								
syn11374354	go:0032388	has_biolink:BiologicalProcess	"experimental_data;tabular_data"								
syn11374354	go:0070266	has_biolink:BiologicalProcess	"experimental_data;tabular_data"								
syn11374354	go:0048565	has_biolink:BiologicalProcess	"experimental_data;tabular_data"								
syn11374354	go:0032984	has_biolink:BiologicalProcess	"experimental_data;tabular_data"								
syn11374354	go:0072521	has_biolink:BiologicalProcess	"experimental_data;tabular_data"								
syn11374354	go:0030175	has_biolink:CellularComponent	"experimental_data;tabular_data"								
syn11374354	go:0090085	has_biolink:BiologicalProcess	"experimental_data;tabular_data"								
syn11374354	go:1903050	has_biolink:BiologicalProcess	"experimental_data;tabular_data"								
syn11374354	go:0030863	has_biolink:CellularComponent	"experimental_data;tabular_data"								
syn11374354	go:0042552	has_biolink:BiologicalProcess	"experimental_data;tabular_data"								
syn11374354	go:0045682	has_biolink:BiologicalProcess	"experimental_data;tabular_data"								
syn11374354	go:0019377	has_biolink:BiologicalProcess	"experimental_data;tabular_data"								
syn11374354	go:0061387	has_biolink:BiologicalProcess	"experimental_data;tabular_data"								
syn11374354	go:0009295	has_biolink:CellularComponent	"experimental_data;tabular_data"								
syn11374354	go:0042645	has_biolink:CellularComponent	"experimental_data;tabular_data"								
syn11374354	go:0006364	has_biolink:BiologicalProcess	"experimental_data;tabular_data"								
syn11374354	go:0010976	has_biolink:BiologicalProcess	"experimental_data;tabular_data"								
syn11374354	go:0051489	has_biolink:BiologicalProcess	"experimental_data;tabular_data"								
syn11374354	go:1903322	has_biolink:BiologicalProcess	"experimental_data;tabular_data"								
syn11374354	go:0008286	has_biolink:BiologicalProcess	"experimental_data;tabular_data"								
syn11374354	go:0050804	has_biolink:BiologicalProcess	"experimental_data;tabular_data"								
syn11374354	go:0050919	has_biolink:BiologicalProcess	"experimental_data;tabular_data"								
syn11374354	go:0045844	has_biolink:BiologicalProcess	"experimental_data;tabular_data"								
syn11374354	go:0048636	has_biolink:BiologicalProcess	"experimental_data;tabular_data"								
syn11374354	go:1904035	has_biolink:BiologicalProcess	"experimental_data;tabular_data"								
syn11374354	go:0036064	has_biolink:CellularComponent	"experimental_data;tabular_data"								
syn11374354	go:0007165	has_biolink:BiologicalProcess	"experimental_data;tabular_data"								
syn11374354	go:1900744	has_biolink:BiologicalProcess	"experimental_data;tabular_data"								
syn11374354	go:0000289	has_biolink:BiologicalProcess	"experimental_data;tabular_data"								
syn11374354	go:0051146	has_biolink:BiologicalProcess	"experimental_data;tabular_data"								
syn11374354	go:1904951	has_biolink:BiologicalProcess	"experimental_data;tabular_data"								
syn11374354	go:0051019	has_biolink:BiologicalProcess	"experimental_data;tabular_data"								
syn11374354	go:0046365	has_biolink:BiologicalProcess	"experimental_data;tabular_data"								
syn11374354	go:0035924	has_biolink:BiologicalProcess	"experimental_data;tabular_data"								
syn11374354	go:0090049	has_biolink:BiologicalProcess	"experimental_data;tabular_data"								
syn11374354	go:0021885	has_biolink:BiologicalProcess	"experimental_data;tabular_data"								
syn11374354	go:0003176	has_biolink:BiologicalProcess	"experimental_data;tabular_data"								
syn11374354	go:0002687	has_biolink:BiologicalProcess	"experimental_data;tabular_data"								
syn11374354	go:0000049	has_biolink:BiologicalProcess	"experimental_data;tabular_data"								
syn11374354	go:0050817	has_biolink:BiologicalProcess	"experimental_data;tabular_data"								
syn11374354	go:0010463	has_biolink:BiologicalProcess	"experimental_data;tabular_data"								
syn11374354	go:0055123	has_biolink:BiologicalProcess	"experimental_data;tabular_data"								
syn11374354	go:0033673	has_biolink:BiologicalProcess	"experimental_data;tabular_data"								
syn11374354	go:0006418	has_biolink:BiologicalProcess	"experimental_data;tabular_data"								
syn11374354	go:1902668	has_biolink:BiologicalProcess	"experimental_data;tabular_data"								
syn11374354	go:0097300	has_biolink:BiologicalProcess	"experimental_data;tabular_data"								
syn11374354	mesh:D020868	has_biolink:BiologicalProcess	"experimental_data;tabular_data"								
syn11374354	go:0046632	has_biolink:BiologicalProcess	"experimental_data;tabular_data"								
syn11374354	go:0051235	has_biolink:BiologicalProcess	"experimental_data;tabular_data"								
syn11374354	go:2000738	has_biolink:BiologicalProcess	"experimental_data;tabular_data"								
syn11374354	go:1901201	has_biolink:BiologicalProcess	"experimental_data;tabular_data"								
syn11374354	go:1902850	has_biolink:BiologicalProcess	"experimental_data;tabular_data"								
syn11374354	go:1901863	has_biolink:BiologicalProcess	"experimental_data;tabular_data"								
syn11374354	go:0050686	has_biolink:BiologicalProcess	"experimental_data;tabular_data"								
syn11374354	chebi:33697	has_biolink:SmallMolecule	"experimental_data;tabular_data"								
syn11374354	go:0008202	has_biolink:BiologicalProcess	"experimental_data;tabular_data"								
syn11374354	go:0090263	has_biolink:BiologicalProcess	"experimental_data;tabular_data"								
syn11374354	go:1901890	has_biolink:BiologicalProcess	"experimental_data;tabular_data"								
syn11374354	go:0007157	has_biolink:BiologicalProcess	"experimental_data;tabular_data"								
syn11374354	go:0051153	has_biolink:BiologicalProcess	"experimental_data;tabular_data"								
syn11374354	go:0007519	has_biolink:BiologicalProcess	"experimental_data;tabular_data"								
syn11374354	go:0051591	has_biolink:BiologicalProcess	"experimental_data;tabular_data"								
syn11374354	go:0099177	has_biolink:BiologicalProcess	"experimental_data;tabular_data"								
syn11374354	go:0045932	has_biolink:BiologicalProcess	"experimental_data;tabular_data"								
syn11374354	go:1905475	has_biolink:BiologicalProcess	"experimental_data;tabular_data"								
syn11374354	go:0008299	has_biolink:BiologicalProcess	"experimental_data;tabular_data"								
syn11374354	go:0010257	has_biolink:BiologicalProcess	"experimental_data;tabular_data"								
syn11374354	go:0032981	has_biolink:BiologicalProcess	"experimental_data;tabular_data"								
syn11374354	go:0033157	has_biolink:BiologicalProcess	"experimental_data;tabular_data"								
syn11374354	go:0071548	has_biolink:BiologicalProcess	"experimental_data;tabular_data"								
syn11374354	go:0021987	has_biolink:BiologicalProcess	"experimental_data;tabular_data"								
syn11374354	go:0060502	has_biolink:BiologicalProcess	"experimental_data;tabular_data"								
syn11374354	go:0051427	has_biolink:BiologicalProcess	"experimental_data;tabular_data"								
syn11374354	go:0008219	has_biolink:BiologicalProcess	"experimental_data;tabular_data"								
syn11374354	go:1903052	has_biolink:BiologicalProcess	"experimental_data;tabular_data"								
syn11374354	go:0072574	has_biolink:BiologicalProcess	"experimental_data;tabular_data"								
syn11374354	go:0072575	has_biolink:BiologicalProcess	"experimental_data;tabular_data"								
syn11374354	go:0072006	has_biolink:BiologicalProcess	"experimental_data;tabular_data"								
syn11374354	go:0019843	has_biolink:BiologicalProcess	"experimental_data;tabular_data"								
syn11374354	go:0044853	has_biolink:CellularComponent	"experimental_data;tabular_data"								
syn11374354	go:1904646	has_biolink:BiologicalProcess	"experimental_data;tabular_data"								
syn11374354	go:0071636	has_biolink:BiologicalProcess	"experimental_data;tabular_data"								
syn11374354	go:0060996	has_biolink:BiologicalProcess	"experimental_data;tabular_data"								
syn11374354	go:0002753	has_biolink:BiologicalProcess	"experimental_data;tabular_data"								
syn11374354	go:0010591	has_biolink:BiologicalProcess	"experimental_data;tabular_data"								
syn11374354	go:1990868	has_biolink:BiologicalProcess	"experimental_data;tabular_data"								
syn11374354	go:1990869	has_biolink:BiologicalProcess	"experimental_data;tabular_data"								
syn11374354	go:0009790	has_biolink:BiologicalProcess	"experimental_data;tabular_data"								
syn11374354	go:0060317	has_biolink:BiologicalProcess	"experimental_data;tabular_data"								
syn11374354	go:0050771	has_biolink:BiologicalProcess	"experimental_data;tabular_data"								
syn11374354	go:0035196	has_biolink:BiologicalProcess	"experimental_data;tabular_data"								
syn11374354	go:2001237	has_biolink:BiologicalProcess	"experimental_data;tabular_data"								
syn11374354	go:0030279	has_biolink:BiologicalProcess	"experimental_data;tabular_data"								
syn11374354	go:0017166	has_biolink:BiologicalProcess	"experimental_data;tabular_data"								
syn11374354	go:0010770	has_biolink:BiologicalProcess	"experimental_data;tabular_data"								
syn11374354	go:1901889	has_biolink:BiologicalProcess	"experimental_data;tabular_data"								
syn11374354	go:0033144	has_biolink:BiologicalProcess	"experimental_data;tabular_data"								
syn11374354	go:0000209	has_biolink:BiologicalProcess	"experimental_data;tabular_data"								
syn11374354	go:0010883	has_biolink:BiologicalProcess	"experimental_data;tabular_data"								
syn11374354	go:0031461	has_biolink:MacromolecularComplexOrProteinFamily	"experimental_data;tabular_data"								
syn11374354	go:0090101	has_biolink:BiologicalProcess	"experimental_data;tabular_data"								
syn11374354	go:0090162	has_biolink:BiologicalProcess	"experimental_data;tabular_data"								
syn11374354	go:1903055	has_biolink:BiologicalProcess	"experimental_data;tabular_data"								
syn11374354	go:0032008	has_biolink:BiologicalProcess	"experimental_data;tabular_data"								
syn11374354	go:0006103	has_biolink:BiologicalProcess	"experimental_data;tabular_data"								
syn11374354	go:0045646	has_biolink:BiologicalProcess	"experimental_data;tabular_data"								
syn11374354	go:1901681	has_biolink:BiologicalProcess	"experimental_data;tabular_data"								
syn11374354	go:0019218	has_biolink:BiologicalProcess	"experimental_data;tabular_data"								
syn11374354	go:0031214	has_biolink:BiologicalProcess	"experimental_data;tabular_data"								
syn11374354	mesh:D000077320	has_biolink:BiologicalProcess	"experimental_data;tabular_data"								
syn11374354	go:0071243	has_biolink:BiologicalProcess	"experimental_data;tabular_data"								
syn11374354	go:0090303	has_biolink:BiologicalProcess	"experimental_data;tabular_data"								
syn11374354	go:0051145	has_biolink:BiologicalProcess	"experimental_data;tabular_data"								
syn11374354	go:0019827	has_biolink:BiologicalProcess	"experimental_data;tabular_data"								
syn11374354	go:0012507	has_biolink:CellularComponent	"experimental_data;tabular_data"								
syn11374354	go:0051091	has_biolink:BiologicalProcess	"experimental_data;tabular_data"								
syn11374354	go:2000142	has_biolink:BiologicalProcess	"experimental_data;tabular_data"								
syn11374354	go:0005901	has_biolink:CellularComponent	"experimental_data;tabular_data"								
syn11374354	go:0034605	has_biolink:BiologicalProcess	"experimental_data;tabular_data"								
syn11374354	go:0006984	has_biolink:BiologicalProcess	"experimental_data;tabular_data"								
syn11374354	go:0045582	has_biolink:BiologicalProcess	"experimental_data;tabular_data"								
syn11374354	go:0045604	has_biolink:BiologicalProcess	"experimental_data;tabular_data"								
syn11374354	go:0007254	has_biolink:BiologicalProcess	"experimental_data;tabular_data"								
syn11374354	go:1905314	has_biolink:BiologicalProcess	"experimental_data;tabular_data"								
syn11374354	go:2000737	has_biolink:BiologicalProcess	"experimental_data;tabular_data"								
syn11374354	go:0045445	has_biolink:BiologicalProcess	"experimental_data;tabular_data"								
syn11374354	go:0018209	has_biolink:BiologicalProcess	"experimental_data;tabular_data"								
syn11374354	go:0016779	has_biolink:BiologicalProcess	"experimental_data;tabular_data"								
syn11374354	go:0016860	has_biolink:BiologicalProcess	"experimental_data;tabular_data"								
syn11374354	go:0071617	has_biolink:BiologicalProcess	"experimental_data;tabular_data"								
syn11374354	go:0070059	has_biolink:BiologicalProcess	"experimental_data;tabular_data"								
syn11374354	go:0016072	has_biolink:BiologicalProcess	"experimental_data;tabular_data"								
syn11374354	go:1903671	has_biolink:BiologicalProcess	"experimental_data;tabular_data"								
syn11374354	go:0043296	has_biolink:MacromolecularComplexOrProteinFamily	"experimental_data;tabular_data"								
syn11374354	go:0101002	has_biolink:CellularComponent	"experimental_data;tabular_data"								
syn11374354	go:1904813	has_biolink:CellularComponent	"experimental_data;tabular_data"								
syn11374354	go:0006937	has_biolink:BiologicalProcess	"experimental_data;tabular_data"								
syn11374354	go:0098978	has_biolink:CellularComponent	"experimental_data;tabular_data"								
syn11374354	go:0006694	has_biolink:BiologicalProcess	"experimental_data;tabular_data"								
syn11374354	go:0050803	has_biolink:BiologicalProcess	"experimental_data;tabular_data"								
syn11374354	go:0010008	has_biolink:CellularComponent	"experimental_data;tabular_data"								
syn11374354	go:0007272	has_biolink:BiologicalProcess	"experimental_data;tabular_data"								
syn11374354	go:0008366	has_biolink:BiologicalProcess	"experimental_data;tabular_data"								
syn11374354	go:0043197	has_biolink:CellularComponent	"experimental_data;tabular_data"								
syn11374354	go:0001968	has_biolink:BiologicalProcess	"experimental_data;tabular_data"								
syn11374354	go:0032092	has_biolink:BiologicalProcess	"experimental_data;tabular_data"								
syn11374354	go:0030512	has_biolink:BiologicalProcess	"experimental_data;tabular_data"								
syn11374354	go:1900409	has_biolink:BiologicalProcess	"experimental_data;tabular_data"								
syn11374354	go:0030513	has_biolink:BiologicalProcess	"experimental_data;tabular_data"								
syn11374354	go:0044309	has_biolink:CellularComponent	"experimental_data;tabular_data"								
syn11374354	go:0032872	has_biolink:BiologicalProcess	"experimental_data;tabular_data"								
syn11374354	go:0050807	has_biolink:BiologicalProcess	"experimental_data;tabular_data"								
syn11374354	go:0043112	has_biolink:BiologicalProcess	"experimental_data;tabular_data"								
syn11374354	go:1905209	has_biolink:BiologicalProcess	"experimental_data;tabular_data"								
syn11374354	go:0071634	has_biolink:BiologicalProcess	"experimental_data;tabular_data"								
syn11374354	go:0120034	has_biolink:BiologicalProcess	"experimental_data;tabular_data"								
syn11374354	go:0048025	has_biolink:BiologicalProcess	"experimental_data;tabular_data"								
syn11374354	go:0033617	has_biolink:BiologicalProcess	"experimental_data;tabular_data"								
syn11374354	go:0008374	has_biolink:BiologicalProcess	"experimental_data;tabular_data"								
syn11374354	go:0035966	has_biolink:BiologicalProcess	"experimental_data;tabular_data"								
syn11374354	mesh:D000375	has_biolink:BiologicalProcess	"experimental_data;tabular_data"								
syn11374354	go:0021761	has_biolink:BiologicalProcess	"experimental_data;tabular_data"								
syn11374354	go:0031100	has_biolink:BiologicalProcess	"experimental_data;tabular_data"								
syn11374354	go:0031952	has_biolink:BiologicalProcess	"experimental_data;tabular_data"								
syn11374354	go:1901185	has_biolink:BiologicalProcess	"experimental_data;tabular_data"								
syn11374354	go:0009100	has_biolink:BiologicalProcess	"experimental_data;tabular_data"								
syn11374354	go:0048145	has_biolink:BiologicalProcess	"experimental_data;tabular_data"								
syn11374354	go:0003148	has_biolink:BiologicalProcess	"experimental_data;tabular_data"								
syn11374354	go:0046332	has_biolink:BiologicalProcess	"experimental_data;tabular_data"								
syn11374354	go:0030224	has_biolink:BiologicalProcess	"experimental_data;tabular_data"								
syn11374354	go:1903131	has_biolink:BiologicalProcess	"experimental_data;tabular_data"								
syn11374354	go:0045930	has_biolink:BiologicalProcess	"experimental_data;tabular_data"								
syn11374354	go:0045898	has_biolink:BiologicalProcess	"experimental_data;tabular_data"								
syn11374354	go:0016579	has_biolink:BiologicalProcess	"experimental_data;tabular_data"								
syn11374354	go:0009410	has_biolink:BiologicalProcess	"experimental_data;tabular_data"								
syn11374354	go:0071731	has_biolink:BiologicalProcess	"experimental_data;tabular_data"								
syn11374354	go:0042149	has_biolink:BiologicalProcess	"experimental_data;tabular_data"								
syn11374354	go:0007249	has_biolink:BiologicalProcess	"experimental_data;tabular_data"								
syn11374354	go:0006458	has_biolink:BiologicalProcess	"experimental_data;tabular_data"								
syn11374354	go:0032409	has_biolink:BiologicalProcess	"experimental_data;tabular_data"								
syn11374354	go:0002429	has_biolink:BiologicalProcess	"experimental_data;tabular_data"								
syn11374354	go:0002757	has_biolink:BiologicalProcess	"experimental_data;tabular_data"								
syn11374354	go:0051098	has_biolink:BiologicalProcess	"experimental_data;tabular_data"								
syn11374354	go:0006929	has_biolink:BiologicalProcess	"experimental_data;tabular_data"								
syn11374354	go:0046479	has_biolink:BiologicalProcess	"experimental_data;tabular_data"								
syn11374354	go:0002250	has_biolink:BiologicalProcess	"experimental_data;tabular_data"								
syn11374354	go:0034250	has_biolink:BiologicalProcess	"experimental_data;tabular_data"								
syn11374354	go:0022898	has_biolink:BiologicalProcess	"experimental_data;tabular_data"								
syn11374354	go:0061709	has_biolink:BiologicalProcess	"experimental_data;tabular_data"								
syn11374354	go:0019722	has_biolink:BiologicalProcess	"experimental_data;tabular_data"								
syn11374354	go:0021955	has_biolink:BiologicalProcess	"experimental_data;tabular_data"								
syn11374354	go:0003205	has_biolink:BiologicalProcess	"experimental_data;tabular_data"								
syn11374354	go:0034332	has_biolink:BiologicalProcess	"experimental_data;tabular_data"								
syn11374354	go:0097157	has_biolink:BiologicalProcess	"experimental_data;tabular_data"								
syn11374354	go:0005614	has_biolink:CellularComponent	"experimental_data;tabular_data"								
syn11374354	go:0098562	has_biolink:CellularComponent	"experimental_data;tabular_data"								
syn11374354	go:0045095	has_biolink:CellularComponent	"experimental_data;tabular_data"								
syn11374354	go:0050685	has_biolink:BiologicalProcess	"experimental_data;tabular_data"								
syn11374354	go:0071604	has_biolink:BiologicalProcess	"experimental_data;tabular_data"								
syn11374354	go:0001704	has_biolink:BiologicalProcess	"experimental_data;tabular_data"								
syn11374354	go:0006470	has_biolink:BiologicalProcess	"experimental_data;tabular_data"								
syn11374354	go:0050727	has_biolink:BiologicalProcess	"experimental_data;tabular_data"								
syn11374354	go:0042254	has_biolink:BiologicalProcess	"experimental_data;tabular_data"								
syn11374354	go:0009991	has_biolink:BiologicalProcess	"experimental_data;tabular_data"								
syn11374354	go:0030669	has_biolink:CellularComponent	"experimental_data;tabular_data"								
syn11374354	go:0051051	has_biolink:BiologicalProcess	"experimental_data;tabular_data"								
syn11374354	go:0006635	has_biolink:BiologicalProcess	"experimental_data;tabular_data"								
syn11374354	go:1902043	has_biolink:BiologicalProcess	"experimental_data;tabular_data"								
syn11374354	go:1901655	has_biolink:BiologicalProcess	"experimental_data;tabular_data"								
syn11374354	go:0071526	has_biolink:BiologicalProcess	"experimental_data;tabular_data"								
syn11374354	go:1990778	has_biolink:BiologicalProcess	"experimental_data;tabular_data"								
syn11374354	go:0061136	has_biolink:BiologicalProcess	"experimental_data;tabular_data"								
syn11374354	go:0008585	has_biolink:BiologicalProcess	"experimental_data;tabular_data"								
syn11374354	go:0051085	has_biolink:BiologicalProcess	"experimental_data;tabular_data"								
syn11374354	go:0098553	has_biolink:CellularComponent	"experimental_data;tabular_data"								
syn11374354	go:0046683	has_biolink:BiologicalProcess	"experimental_data;tabular_data"								
syn11374354	go:2000060	has_biolink:BiologicalProcess	"experimental_data;tabular_data"								
syn11374354	go:0002224	has_biolink:BiologicalProcess	"experimental_data;tabular_data"								
syn11374354	go:0010639	has_biolink:BiologicalProcess	"experimental_data;tabular_data"								
syn11374354	chebi:26764	has_biolink:SmallMolecule	"experimental_data;tabular_data"								
syn11374354	go:1903555	has_biolink:BiologicalProcess	"experimental_data;tabular_data"								
syn11374354	go:0009898	has_biolink:CellularComponent	"experimental_data;tabular_data"								
syn11374354	go:0060538	has_biolink:BiologicalProcess	"experimental_data;tabular_data"								
syn11374354	go:0032623	has_biolink:BiologicalProcess	"experimental_data;tabular_data"								
syn11374354	go:0070302	has_biolink:BiologicalProcess	"experimental_data;tabular_data"								
syn11374354	go:0018105	has_biolink:BiologicalProcess	"experimental_data;tabular_data"								
syn11374354	go:0016423	has_biolink:BiologicalProcess	"experimental_data;tabular_data"								
syn11374354	go:0060324	has_biolink:BiologicalProcess	"experimental_data;tabular_data"								
syn11374354	go:0048144	has_biolink:BiologicalProcess	"experimental_data;tabular_data"								
syn11374354	go:0045598	has_biolink:BiologicalProcess	"experimental_data;tabular_data"								
syn11374354	go:0010918	has_biolink:BiologicalProcess	"experimental_data;tabular_data"								
syn11374354	go:0019897	has_biolink:CellularComponent	"experimental_data;tabular_data"								
syn11374354	go:1901223	has_biolink:BiologicalProcess	"experimental_data;tabular_data"								
syn11374354	go:0060998	has_biolink:BiologicalProcess	"experimental_data;tabular_data"								
syn11374354	go:0031966	has_biolink:CellularComponent	"experimental_data;tabular_data"								
syn11374354	go:0006650	has_biolink:BiologicalProcess	"experimental_data;tabular_data"								
syn11374354	go:1902743	has_biolink:BiologicalProcess	"experimental_data;tabular_data"								
syn11374354	go:0051084	has_biolink:BiologicalProcess	"experimental_data;tabular_data"								
syn11374354	go:0061756	has_biolink:BiologicalProcess	"experimental_data;tabular_data"								
syn11374354	go:1904738	has_biolink:BiologicalProcess	"experimental_data;tabular_data"								
syn11374354	go:1904752	has_biolink:BiologicalProcess	"experimental_data;tabular_data"								
syn11374354	go:0019898	has_biolink:CellularComponent	"experimental_data;tabular_data"								
syn11374354	go:0030134	has_biolink:CellularComponent	"experimental_data;tabular_data"								
syn11374354	go:0045657	has_biolink:BiologicalProcess	"experimental_data;tabular_data"								
syn11374354	go:0099170	has_biolink:BiologicalProcess	"experimental_data;tabular_data"								
syn11374354	go:0032570	has_biolink:BiologicalProcess	"experimental_data;tabular_data"								
syn11374354	go:0006936	has_biolink:BiologicalProcess	"experimental_data;tabular_data"								
syn11374354	go:0048146	has_biolink:BiologicalProcess	"experimental_data;tabular_data"								
syn11374354	go:0051896	has_biolink:BiologicalProcess	"experimental_data;tabular_data"								
syn11374354	go:0002763	has_biolink:BiologicalProcess	"experimental_data;tabular_data"								
syn11374354	go:1904377	has_biolink:BiologicalProcess	"experimental_data;tabular_data"								
syn11374354	go:0042605	has_biolink:BiologicalProcess	"experimental_data;tabular_data"								
syn11374354	go:0010171	has_biolink:BiologicalProcess	"experimental_data;tabular_data"								
syn11374354	go:0019395	has_biolink:BiologicalProcess	"experimental_data;tabular_data"								
syn11374354	chebi:33699	has_biolink:SmallMolecule	"experimental_data;tabular_data"								
syn11374354	go:0030509	has_biolink:BiologicalProcess	"experimental_data;tabular_data"								
syn11374354	go:0071006	has_biolink:CellularComponent	"experimental_data;tabular_data"								
syn11374354	go:0071012	has_biolink:CellularComponent	"experimental_data;tabular_data"								
syn11374354	go:0030215	has_biolink:BiologicalProcess	"experimental_data;tabular_data"								
syn11374354	go:1903078	has_biolink:BiologicalProcess	"experimental_data;tabular_data"								
syn11374354	go:0042594	has_biolink:BiologicalProcess	"experimental_data;tabular_data"								
syn11374354	go:0050808	has_biolink:BiologicalProcess	"experimental_data;tabular_data"								
syn11374354	go:0044292	has_biolink:CellularComponent	"experimental_data;tabular_data"								
syn11374354	go:0004879	has_biolink:BiologicalProcess	"experimental_data;tabular_data"								
syn11374354	go:0098531	has_biolink:BiologicalProcess	"experimental_data;tabular_data"								
syn11374354	go:0005819	has_biolink:CellularComponent	"experimental_data;tabular_data"								
syn11374354	go:0050730	has_biolink:BiologicalProcess	"experimental_data;tabular_data"								
syn11374354	go:0009408	has_biolink:BiologicalProcess	"experimental_data;tabular_data"								
syn11374354	go:0009267	has_biolink:BiologicalProcess	"experimental_data;tabular_data"								
syn11374354	go:0072111	has_biolink:BiologicalProcess	"experimental_data;tabular_data"								
syn11374354	go:0021795	has_biolink:BiologicalProcess	"experimental_data;tabular_data"								
syn11374354	go:0007229	has_biolink:BiologicalProcess	"experimental_data;tabular_data"								
syn11374354	go:2000050	has_biolink:BiologicalProcess	"experimental_data;tabular_data"								
syn11374354	go:0098641	has_biolink:BiologicalProcess	"experimental_data;tabular_data"								
syn11374354	go:0015291	has_biolink:BiologicalProcess	"experimental_data;tabular_data"								
syn11374354	go:0016042	has_biolink:BiologicalProcess	"experimental_data;tabular_data"								
syn11374354	go:0097428	has_biolink:BiologicalProcess	"experimental_data;tabular_data"								
syn11374354	go:0035994	has_biolink:BiologicalProcess	"experimental_data;tabular_data"								
syn11374354	go:0072073	has_biolink:BiologicalProcess	"experimental_data;tabular_data"								
syn11374354	go:1903800	has_biolink:BiologicalProcess	"experimental_data;tabular_data"								
syn11374354	go:0150063	has_biolink:BiologicalProcess	"experimental_data;tabular_data"								
syn11374354	go:0000288	has_biolink:BiologicalProcess	"experimental_data;tabular_data"								
syn11374354	go:0098632	has_biolink:BiologicalProcess	"experimental_data;tabular_data"								
syn11374354	go:0030838	has_biolink:BiologicalProcess	"experimental_data;tabular_data"								
syn11374354	go:0045165	has_biolink:BiologicalProcess	"experimental_data;tabular_data"								
syn11374354	go:1905214	has_biolink:BiologicalProcess	"experimental_data;tabular_data"								
syn11374354	go:0070646	has_biolink:BiologicalProcess	"experimental_data;tabular_data"								
syn11374354	go:0045123	has_biolink:BiologicalProcess	"experimental_data;tabular_data"								
syn11374354	go:0048708	has_biolink:BiologicalProcess	"experimental_data;tabular_data"								
syn11374354	go:0001223	has_biolink:BiologicalProcess	"experimental_data;tabular_data"								
syn11374354	go:0070262	has_biolink:BiologicalProcess	"experimental_data;tabular_data"								
syn11374354	go:0021670	has_biolink:BiologicalProcess	"experimental_data;tabular_data"								
syn11374354	go:1903038	has_biolink:BiologicalProcess	"experimental_data;tabular_data"								
syn11374354	go:0099173	has_biolink:BiologicalProcess	"experimental_data;tabular_data"								
syn11374354	go:0061082	has_biolink:BiologicalProcess	"experimental_data;tabular_data"								
syn11374354	go:0002028	has_biolink:BiologicalProcess	"experimental_data;tabular_data"								
syn11374354	go:0007219	has_biolink:BiologicalProcess	"experimental_data;tabular_data"								
syn11374354	go:0010875	has_biolink:BiologicalProcess	"experimental_data;tabular_data"								
syn11374354	go:0021782	has_biolink:BiologicalProcess	"experimental_data;tabular_data"								
syn11374354	go:0055006	has_biolink:BiologicalProcess	"experimental_data;tabular_data"								
syn11374354	go:0005521	has_biolink:BiologicalProcess	"experimental_data;tabular_data"								
syn11374354	go:0023026	has_biolink:BiologicalProcess	"experimental_data;tabular_data"								
syn11374354	go:1900407	has_biolink:BiologicalProcess	"experimental_data;tabular_data"								
syn11374354	go:1905477	has_biolink:BiologicalProcess	"experimental_data;tabular_data"								
syn11374354	go:0033866	has_biolink:BiologicalProcess	"experimental_data;tabular_data"								
syn11374354	go:0034030	has_biolink:BiologicalProcess	"experimental_data;tabular_data"								
syn11374354	go:0034033	has_biolink:BiologicalProcess	"experimental_data;tabular_data"								
syn11374354	go:0043122	has_biolink:BiologicalProcess	"experimental_data;tabular_data"								
syn11374354	go:0045017	has_biolink:BiologicalProcess	"experimental_data;tabular_data"								
syn11374354	go:0055001	has_biolink:BiologicalProcess	"experimental_data;tabular_data"								
syn11374354	go:0072525	has_biolink:BiologicalProcess	"experimental_data;tabular_data"								
syn11374354	go:0051968	has_biolink:BiologicalProcess	"experimental_data;tabular_data"								
syn11374354	go:0001654	has_biolink:BiologicalProcess	"experimental_data;tabular_data"								
syn11374354	go:0019359	has_biolink:BiologicalProcess	"experimental_data;tabular_data"								
syn11374354	go:0019363	has_biolink:BiologicalProcess	"experimental_data;tabular_data"								
syn11374354	go:0060147	has_biolink:BiologicalProcess	"experimental_data;tabular_data"								
syn11374354	go:0060966	has_biolink:BiologicalProcess	"experimental_data;tabular_data"								
syn11374354	go:0032703	has_biolink:BiologicalProcess	"experimental_data;tabular_data"								
syn11374354	go:0061138	has_biolink:BiologicalProcess	"experimental_data;tabular_data"								
syn11374354	go:0071248	has_biolink:BiologicalProcess	"experimental_data;tabular_data"								
syn11374354	go:1901800	has_biolink:BiologicalProcess	"experimental_data;tabular_data"								
syn11374354	go:0070167	has_biolink:BiologicalProcess	"experimental_data;tabular_data"								
syn11374354	go:0060964	has_biolink:BiologicalProcess	"experimental_data;tabular_data"								
syn11374354	go:0048843	has_biolink:BiologicalProcess	"experimental_data;tabular_data"								
syn11374354	go:0019362	has_biolink:BiologicalProcess	"experimental_data;tabular_data"								
syn11374354	go:0046496	has_biolink:BiologicalProcess	"experimental_data;tabular_data"								
syn11374354	go:0032640	has_biolink:BiologicalProcess	"experimental_data;tabular_data"								
syn11374354	go:0003281	has_biolink:BiologicalProcess	"experimental_data;tabular_data"								
syn11374354	go:2000058	has_biolink:BiologicalProcess	"experimental_data;tabular_data"								
syn11374354	go:0030500	has_biolink:BiologicalProcess	"experimental_data;tabular_data"								
syn11374354	go:0004536	has_biolink:BiologicalProcess	"experimental_data;tabular_data"								
syn11374354	go:0006986	has_biolink:BiologicalProcess	"experimental_data;tabular_data"								
syn11374354	go:0008406	has_biolink:BiologicalProcess	"experimental_data;tabular_data"								
syn11374354	go:1901879	has_biolink:BiologicalProcess	"experimental_data;tabular_data"								
syn11374354	go:0050660	has_biolink:BiologicalProcess	"experimental_data;tabular_data"								
syn11374354	go:0098631	has_biolink:BiologicalProcess	"experimental_data;tabular_data"								
syn11374354	go:0032587	has_biolink:CellularComponent	"experimental_data;tabular_data"								
syn11374354	go:0032680	has_biolink:BiologicalProcess	"experimental_data;tabular_data"								
syn11374354	go:0015035	has_biolink:BiologicalProcess	"experimental_data;tabular_data"								
syn11374354	go:0016411	has_biolink:BiologicalProcess	"experimental_data;tabular_data"								
syn11374354	go:0021872	has_biolink:BiologicalProcess	"experimental_data;tabular_data"								
syn11374354	go:0016197	has_biolink:BiologicalProcess	"experimental_data;tabular_data"								
syn11374354	go:0045428	has_biolink:BiologicalProcess	"experimental_data;tabular_data"								
syn11374354	go:0050851	has_biolink:BiologicalProcess	"experimental_data;tabular_data"								
syn11374354	go:0031398	has_biolink:BiologicalProcess	"experimental_data;tabular_data"								
syn11374354	go:0005777	has_biolink:CellularComponent	"experimental_data;tabular_data"								
syn11374354	go:0042579	has_biolink:CellularComponent	"experimental_data;tabular_data"								
syn11374354	go:0022900	has_biolink:BiologicalProcess	"experimental_data;tabular_data"								
syn11374354	go:0050772	has_biolink:BiologicalProcess	"experimental_data;tabular_data"								
syn11374354	go:1901862	has_biolink:BiologicalProcess	"experimental_data;tabular_data"								
syn11374354	go:0071772	has_biolink:BiologicalProcess	"experimental_data;tabular_data"								
syn11374354	go:0071773	has_biolink:BiologicalProcess	"experimental_data;tabular_data"								
syn11374354	go:0009266	has_biolink:BiologicalProcess	"experimental_data;tabular_data"								
syn11374354	go:0051496	has_biolink:BiologicalProcess	"experimental_data;tabular_data"								
syn11374354	go:0016614	has_biolink:BiologicalProcess	"experimental_data;tabular_data"								
syn11374354	go:0006520	has_biolink:BiologicalProcess	"experimental_data;tabular_data"								
syn11374354	go:0030517	has_biolink:BiologicalProcess	"experimental_data;tabular_data"								
syn11374354	go:0099175	has_biolink:BiologicalProcess	"experimental_data;tabular_data"								
syn11374354	go:0046626	has_biolink:BiologicalProcess	"experimental_data;tabular_data"								
syn11374354	go:0048635	has_biolink:BiologicalProcess	"experimental_data;tabular_data"								
syn11374354	go:0046545	has_biolink:BiologicalProcess	"experimental_data;tabular_data"								
syn11374354	go:0001892	has_biolink:BiologicalProcess	"experimental_data;tabular_data"								
syn11374354	go:0003177	has_biolink:BiologicalProcess	"experimental_data;tabular_data"								
syn11374354	go:0097720	has_biolink:BiologicalProcess	"experimental_data;tabular_data"								
syn11374354	go:0048880	has_biolink:BiologicalProcess	"experimental_data;tabular_data"								
syn11374354	go:0005789	has_biolink:CellularComponent	"experimental_data;tabular_data"								
syn11374354	go:1990089	has_biolink:BiologicalProcess	"experimental_data;tabular_data"								
syn11374354	go:0007565	has_biolink:BiologicalProcess	"experimental_data;tabular_data"								
syn11374354	go:0008484	has_biolink:BiologicalProcess	"experimental_data;tabular_data"								
syn11374354	go:0017145	has_biolink:BiologicalProcess	"experimental_data;tabular_data"								
syn11374354	go:1901798	has_biolink:BiologicalProcess	"experimental_data;tabular_data"								
syn11374354	go:1901880	has_biolink:BiologicalProcess	"experimental_data;tabular_data"								
syn11374354	go:0055007	has_biolink:BiologicalProcess	"experimental_data;tabular_data"								
syn11374354	go:0031667	has_biolink:BiologicalProcess	"experimental_data;tabular_data"								
syn11374354	go:0016282	has_biolink:MacromolecularComplexOrProteinFamily	"experimental_data;tabular_data"								
syn11374354	go:1900101	has_biolink:BiologicalProcess	"experimental_data;tabular_data"								
syn11374354	go:1903426	has_biolink:BiologicalProcess	"experimental_data;tabular_data"								
syn11374354	go:1904645	has_biolink:BiologicalProcess	"experimental_data;tabular_data"								
syn11374354	go:0097305	has_biolink:BiologicalProcess	"experimental_data;tabular_data"								
syn11374354	go:0009743	has_biolink:BiologicalProcess	"experimental_data;tabular_data"								
syn11374354	go:0090068	has_biolink:BiologicalProcess	"experimental_data;tabular_data"								
syn11374354	go:0006809	has_biolink:BiologicalProcess	"experimental_data;tabular_data"								
syn11374354	go:1901184	has_biolink:BiologicalProcess	"experimental_data;tabular_data"								
syn11374354	go:0019915	has_biolink:BiologicalProcess	"experimental_data;tabular_data"								
syn11374354	go:0033173	has_biolink:BiologicalProcess	"experimental_data;tabular_data"								
syn11374354	go:0016616	has_biolink:BiologicalProcess	"experimental_data;tabular_data"								
syn11374354	go:0040029	has_biolink:BiologicalProcess	"experimental_data;tabular_data"								
syn11374354	go:0016891	has_biolink:BiologicalProcess	"experimental_data;tabular_data"								
syn11374354	go:0016628	has_biolink:BiologicalProcess	"experimental_data;tabular_data"								
syn11374354	go:0003014	has_biolink:BiologicalProcess	"experimental_data;tabular_data"								
syn11374354	go:1905348	has_biolink:MacromolecularComplexOrProteinFamily	"experimental_data;tabular_data"								
syn11374354	go:0048745	has_biolink:BiologicalProcess	"experimental_data;tabular_data"								
syn11374354	go:0017124	has_biolink:BiologicalProcess	"experimental_data;tabular_data"								
syn11374354	go:0098791	has_biolink:CellularComponent	"experimental_data;tabular_data"								
syn11374354	go:0004518	has_biolink:BiologicalProcess	"experimental_data;tabular_data"								
syn11374354	go:0045333	has_biolink:BiologicalProcess	"experimental_data;tabular_data"								
syn11374354	go:1902991	has_biolink:BiologicalProcess	"experimental_data;tabular_data"								
syn11374354	go:0098781	has_biolink:BiologicalProcess	"experimental_data;tabular_data"								
syn11374354	go:0004707	has_biolink:BiologicalProcess	"experimental_data;tabular_data"								
syn11374354	go:0060021	has_biolink:BiologicalProcess	"experimental_data;tabular_data"								
syn11374354	go:0002697	has_biolink:BiologicalProcess	"experimental_data;tabular_data"								
syn11374354	go:0014074	has_biolink:BiologicalProcess	"experimental_data;tabular_data"								
syn11374354	go:0006637	has_biolink:BiologicalProcess	"experimental_data;tabular_data"								
syn11374354	go:0035383	has_biolink:BiologicalProcess	"experimental_data;tabular_data"								
syn11374354	go:0050890	has_biolink:BiologicalProcess	"experimental_data;tabular_data"								
syn11374354	go:0038202	has_biolink:BiologicalProcess	"experimental_data;tabular_data"								
syn11374354	go:0046631	has_biolink:BiologicalProcess	"experimental_data;tabular_data"								
syn11374354	go:0045727	has_biolink:BiologicalProcess	"experimental_data;tabular_data"								
syn11374354	go:0050714	has_biolink:BiologicalProcess	"experimental_data;tabular_data"								
syn11374354	go:0061045	has_biolink:BiologicalProcess	"experimental_data;tabular_data"								
syn11374354	go:1900024	has_biolink:BiologicalProcess	"experimental_data;tabular_data"								
syn11374354	go:0070841	has_biolink:BiologicalProcess	"experimental_data;tabular_data"								
syn11374354	go:0044849	has_biolink:BiologicalProcess	"experimental_data;tabular_data"								
syn11374354	go:0000338	has_biolink:BiologicalProcess	"experimental_data;tabular_data"								
syn11374354	go:0090083	has_biolink:BiologicalProcess	"experimental_data;tabular_data"								
syn11374354	go:0038095	has_biolink:BiologicalProcess	"experimental_data;tabular_data"								
syn11374354	go:0044346	has_biolink:BiologicalProcess	"experimental_data;tabular_data"								
syn11374354	go:0060840	has_biolink:BiologicalProcess	"experimental_data;tabular_data"								
syn11374354	go:0045178	has_biolink:CellularComponent	"experimental_data;tabular_data"								
syn11374354	go:0034383	has_biolink:BiologicalProcess	"experimental_data;tabular_data"								
syn11374354	go:0002043	has_biolink:BiologicalProcess	"experimental_data;tabular_data"								
syn11374354	go:0016241	has_biolink:BiologicalProcess	"experimental_data;tabular_data"								
syn11374354	go:0045621	has_biolink:BiologicalProcess	"experimental_data;tabular_data"								
syn11374354	go:0031648	has_biolink:BiologicalProcess	"experimental_data;tabular_data"								
syn11374354	go:0045843	has_biolink:BiologicalProcess	"experimental_data;tabular_data"								
syn11374354	go:1904037	has_biolink:BiologicalProcess	"experimental_data;tabular_data"								
syn11374354	go:0000139	has_biolink:CellularComponent	"experimental_data;tabular_data"								
syn11374354	go:1903076	has_biolink:BiologicalProcess	"experimental_data;tabular_data"								
syn11374354	go:0001763	has_biolink:BiologicalProcess	"experimental_data;tabular_data"								
syn11374354	go:0099640	has_biolink:BiologicalProcess	"experimental_data;tabular_data"								
syn11374354	go:0043648	has_biolink:BiologicalProcess	"experimental_data;tabular_data"								
syn11374354	go:0097529	has_biolink:BiologicalProcess	"experimental_data;tabular_data"								
syn11374354	go:1903409	has_biolink:BiologicalProcess	"experimental_data;tabular_data"								
syn11374354	go:1903053	has_biolink:BiologicalProcess	"experimental_data;tabular_data"								
syn11374354	go:0042246	has_biolink:BiologicalProcess	"experimental_data;tabular_data"								
syn11374354	go:0016879	has_biolink:BiologicalProcess	"experimental_data;tabular_data"								
syn11374354	go:0009201	has_biolink:BiologicalProcess	"experimental_data;tabular_data"								
syn11374354	go:0032652	has_biolink:BiologicalProcess	"experimental_data;tabular_data"								
syn11374354	go:0048568	has_biolink:BiologicalProcess	"experimental_data;tabular_data"								
syn11374354	go:1901222	has_biolink:BiologicalProcess	"experimental_data;tabular_data"								
syn11374354	go:0009301	has_biolink:BiologicalProcess	"experimental_data;tabular_data"								
syn11374354	go:0019902	has_biolink:BiologicalProcess	"experimental_data;tabular_data"								
syn11374354	go:1902004	has_biolink:BiologicalProcess	"experimental_data;tabular_data"								
syn11374354	go:0016114	has_biolink:BiologicalProcess	"experimental_data;tabular_data"								
syn11374354	go:0099010	has_biolink:BiologicalProcess	"experimental_data;tabular_data"								
syn11374354	go:0033120	has_biolink:BiologicalProcess	"experimental_data;tabular_data"								
syn11374354	go:2000725	has_biolink:BiologicalProcess	"experimental_data;tabular_data"								
syn11374354	go:0035909	has_biolink:BiologicalProcess	"experimental_data;tabular_data"								
syn11374354	go:0045668	has_biolink:BiologicalProcess	"experimental_data;tabular_data"								
syn11374354	go:0072577	has_biolink:BiologicalProcess	"experimental_data;tabular_data"								
syn11374354	go:0006972	has_biolink:BiologicalProcess	"experimental_data;tabular_data"								
syn11374354	go:0045236	has_biolink:BiologicalProcess	"experimental_data;tabular_data"								
syn11374354	go:0046341	has_biolink:BiologicalProcess	"experimental_data;tabular_data"								
syn11374354	go:0070306	has_biolink:BiologicalProcess	"experimental_data;tabular_data"								
syn11374354	go:1904994	has_biolink:BiologicalProcess	"experimental_data;tabular_data"								
syn11374354	go:0070498	has_biolink:BiologicalProcess	"experimental_data;tabular_data"								
syn11374354	go:0051607	has_biolink:BiologicalProcess	"experimental_data;tabular_data"								
syn11374354	go:0098742	has_biolink:BiologicalProcess	"experimental_data;tabular_data"								
syn11374354	go:0006687	has_biolink:BiologicalProcess	"experimental_data;tabular_data"								
syn11374354	go:0042026	has_biolink:BiologicalProcess	"experimental_data;tabular_data"								
syn11374354	go:0010888	has_biolink:BiologicalProcess	"experimental_data;tabular_data"								
syn11374354	go:0070160	has_biolink:CellularComponent	"experimental_data;tabular_data"								
syn11374354	go:0006913	has_biolink:BiologicalProcess	"experimental_data;tabular_data"								
syn11374354	go:0032259	has_biolink:BiologicalProcess	"experimental_data;tabular_data"								
syn11374354	go:0005516	has_biolink:BiologicalProcess	"experimental_data;tabular_data"								
syn11374354	go:0038034	has_biolink:BiologicalProcess	"experimental_data;tabular_data"								
syn11374354	go:0097192	has_biolink:BiologicalProcess	"experimental_data;tabular_data"								
syn11374354	go:0071674	has_biolink:BiologicalProcess	"experimental_data;tabular_data"								
syn11374354	go:0010765	has_biolink:BiologicalProcess	"experimental_data;tabular_data"								
syn11374354	go:0045137	has_biolink:BiologicalProcess	"experimental_data;tabular_data"								
syn11374354	go:0002431	has_biolink:BiologicalProcess	"experimental_data;tabular_data"								
syn11374354	go:0035195	has_biolink:BiologicalProcess	"experimental_data;tabular_data"								
syn11374354	go:0006779	has_biolink:BiologicalProcess	"experimental_data;tabular_data"								
syn11374354	go:0033014	has_biolink:BiologicalProcess	"experimental_data;tabular_data"								
syn11374354	go:0016358	has_biolink:BiologicalProcess	"experimental_data;tabular_data"								
syn11374354	go:0051015	has_biolink:BiologicalProcess	"experimental_data;tabular_data"								
syn11374354	go:0001732	has_biolink:BiologicalProcess	"experimental_data;tabular_data"								
syn11374354	go:0008266	has_biolink:BiologicalProcess	"experimental_data;tabular_data"								
syn11374354	go:0016137	has_biolink:BiologicalProcess	"experimental_data;tabular_data"								
syn11374354	go:0048709	has_biolink:BiologicalProcess	"experimental_data;tabular_data"								
syn11374354	go:0070993	has_biolink:MacromolecularComplexOrProteinFamily	"experimental_data;tabular_data"								
syn11374354	go:0046635	has_biolink:BiologicalProcess	"experimental_data;tabular_data"								
syn11374354	go:1990090	has_biolink:BiologicalProcess	"experimental_data;tabular_data"								
syn11374354	go:0045838	has_biolink:BiologicalProcess	"experimental_data;tabular_data"								
syn11374354	go:0022011	has_biolink:BiologicalProcess	"experimental_data;tabular_data"								
syn11374354	go:0032292	has_biolink:BiologicalProcess	"experimental_data;tabular_data"								
syn11374354	go:0098656	has_biolink:BiologicalProcess	"experimental_data;tabular_data"								
syn11374354	go:0048662	has_biolink:BiologicalProcess	"experimental_data;tabular_data"								
syn11374354	go:0005802	has_biolink:CellularComponent	"experimental_data;tabular_data"								
syn11374354	go:1902667	has_biolink:BiologicalProcess	"experimental_data;tabular_data"								
syn11374354	go:0043414	has_biolink:BiologicalProcess	"experimental_data;tabular_data"								
syn11374354	go:0043687	has_biolink:BiologicalProcess	"experimental_data;tabular_data"								
syn11374354	go:0060562	has_biolink:BiologicalProcess	"experimental_data;tabular_data"								
syn11374354	go:0072012	has_biolink:BiologicalProcess	"experimental_data;tabular_data"								
syn11374354	go:0035272	has_biolink:BiologicalProcess	"experimental_data;tabular_data"								
syn11374354	go:0001765	has_biolink:BiologicalProcess	"experimental_data;tabular_data"								
syn11374354	go:0014888	has_biolink:BiologicalProcess	"experimental_data;tabular_data"								
syn11374354	go:0019216	has_biolink:BiologicalProcess	"experimental_data;tabular_data"								
syn11374354	go:0031116	has_biolink:BiologicalProcess	"experimental_data;tabular_data"								
syn11374354	go:0071260	has_biolink:BiologicalProcess	"experimental_data;tabular_data"								
syn11374354	go:0014911	has_biolink:BiologicalProcess	"experimental_data;tabular_data"								
syn11374354	go:1901264	has_biolink:BiologicalProcess	"experimental_data;tabular_data"								
syn11374354	go:0032414	has_biolink:BiologicalProcess	"experimental_data;tabular_data"								
syn11374354	go:0010749	has_biolink:BiologicalProcess	"experimental_data;tabular_data"								
syn11374354	go:0045807	has_biolink:BiologicalProcess	"experimental_data;tabular_data"								
syn11374354	go:0032526	has_biolink:BiologicalProcess	"experimental_data;tabular_data"								
syn11374354	go:0070129	has_biolink:BiologicalProcess	"experimental_data;tabular_data"								
syn11374354	go:0150117	has_biolink:BiologicalProcess	"experimental_data;tabular_data"								
syn11374354	go:0072567	has_biolink:BiologicalProcess	"experimental_data;tabular_data"								
syn11374354	go:2000341	has_biolink:BiologicalProcess	"experimental_data;tabular_data"								
syn11374354	go:0042770	has_biolink:BiologicalProcess	"experimental_data;tabular_data"								
syn11374354	go:0050868	has_biolink:BiologicalProcess	"experimental_data;tabular_data"								
syn11374354	go:0051058	has_biolink:BiologicalProcess	"experimental_data;tabular_data"								
syn11374354	go:0062207	has_biolink:BiologicalProcess	"experimental_data;tabular_data"								
syn11374354	go:2000345	has_biolink:BiologicalProcess	"experimental_data;tabular_data"								
syn11374354	go:0044344	has_biolink:BiologicalProcess	"experimental_data;tabular_data"								
syn11374354	go:1904869	has_biolink:BiologicalProcess	"experimental_data;tabular_data"								
syn11374354	go:1904871	has_biolink:BiologicalProcess	"experimental_data;tabular_data"								
syn11374354	go:0000314	has_biolink:CellularComponent	"experimental_data;tabular_data"								
syn11374354	go:0005763	has_biolink:CellularComponent	"experimental_data;tabular_data"								
syn11374354	go:0006626	has_biolink:BiologicalProcess	"experimental_data;tabular_data"								
syn11374354	go:0061157	has_biolink:BiologicalProcess	"experimental_data;tabular_data"								
syn11374354	go:0048678	has_biolink:BiologicalProcess	"experimental_data;tabular_data"								
syn11374354	go:0008187	has_biolink:BiologicalProcess	"experimental_data;tabular_data"								
syn11374354	go:0031102	has_biolink:BiologicalProcess	"experimental_data;tabular_data"								
syn11374354	go:0009145	has_biolink:BiologicalProcess	"experimental_data;tabular_data"								
syn11374354	go:0043401	has_biolink:BiologicalProcess	"experimental_data;tabular_data"								
syn11374354	go:0044706	has_biolink:BiologicalProcess	"experimental_data;tabular_data"								
syn11374354	go:0007158	has_biolink:BiologicalProcess	"experimental_data;tabular_data"								
syn11374354	mesh:D007136	has_biolink:GeneOrGeneProduct	"experimental_data;tabular_data"								
syn11374354	go:1990391	has_biolink:MacromolecularComplexOrProteinFamily	"experimental_data;tabular_data"								
syn11374354	go:1900103	has_biolink:BiologicalProcess	"experimental_data;tabular_data"								
syn11374354	go:0009206	has_biolink:BiologicalProcess	"experimental_data;tabular_data"								
syn11374354	go:0050708	has_biolink:BiologicalProcess	"experimental_data;tabular_data"								
syn11374354	go:0040019	has_biolink:BiologicalProcess	"experimental_data;tabular_data"								
syn11374354	go:0002162	has_biolink:BiologicalProcess	"experimental_data;tabular_data"								
syn11374354	go:0071214	has_biolink:BiologicalProcess	"experimental_data;tabular_data"								
syn11374354	go:0104004	has_biolink:BiologicalProcess	"experimental_data;tabular_data"								
syn11374354	go:0060348	has_biolink:BiologicalProcess	"experimental_data;tabular_data"								
syn11374354	go:0042277	has_biolink:BiologicalProcess	"experimental_data;tabular_data"								
syn11374354	go:0010464	has_biolink:BiologicalProcess	"experimental_data;tabular_data"								
syn11374354	go:0005200	has_biolink:BiologicalProcess	"experimental_data;tabular_data"								
syn11374354	go:0006369	has_biolink:BiologicalProcess	"experimental_data;tabular_data"								
syn11374354	go:0042058	has_biolink:BiologicalProcess	"experimental_data;tabular_data"								
syn11374354	go:0010038	has_biolink:BiologicalProcess	"experimental_data;tabular_data"								
syn11374354	go:0140671	has_biolink:MacromolecularComplexOrProteinFamily	"experimental_data;tabular_data"								
syn11374354	go:0034440	has_biolink:BiologicalProcess	"experimental_data;tabular_data"								
syn11374354	go:0030595	has_biolink:BiologicalProcess	"experimental_data;tabular_data"								
syn11374354	go:0010506	has_biolink:BiologicalProcess	"experimental_data;tabular_data"								
syn11374354	go:0014044	has_biolink:BiologicalProcess	"experimental_data;tabular_data"								
syn11374354	go:0031103	has_biolink:BiologicalProcess	"experimental_data;tabular_data"								
syn11374354	go:0042795	has_biolink:BiologicalProcess	"experimental_data;tabular_data"								
syn11374354	go:1902307	has_biolink:BiologicalProcess	"experimental_data;tabular_data"								
syn11374354	go:0022804	has_biolink:BiologicalProcess	"experimental_data;tabular_data"								
syn11374354	go:0035567	has_biolink:BiologicalProcess	"experimental_data;tabular_data"								
syn11374354	go:0031984	has_biolink:CellularComponent	"experimental_data;tabular_data"								
syn11374354	go:0015078	has_biolink:BiologicalProcess	"experimental_data;tabular_data"								
syn11374354	go:1902992	has_biolink:BiologicalProcess	"experimental_data;tabular_data"								
syn11374354	go:2000136	has_biolink:BiologicalProcess	"experimental_data;tabular_data"								
syn11374354	go:1901136	has_biolink:BiologicalProcess	"experimental_data;tabular_data"								
syn11374354	go:2001057	has_biolink:BiologicalProcess	"experimental_data;tabular_data"								
syn11374354	go:0043589	has_biolink:BiologicalProcess	"experimental_data;tabular_data"								
syn11374354	go:0005739	has_biolink:CellularComponent	"experimental_data;tabular_data"								
syn11374354	go:0000428	has_biolink:MacromolecularComplexOrProteinFamily	"experimental_data;tabular_data"								
syn11374354	go:0042059	has_biolink:BiologicalProcess	"experimental_data;tabular_data"								
syn11374354	go:0010712	has_biolink:BiologicalProcess	"experimental_data;tabular_data"								
syn11374354	go:0043010	has_biolink:BiologicalProcess	"experimental_data;tabular_data"								
syn11374354	go:0046660	has_biolink:BiologicalProcess	"experimental_data;tabular_data"								
syn11374354	go:0038023	has_biolink:BiologicalProcess	"experimental_data;tabular_data"								
syn11374354	go:0032411	has_biolink:BiologicalProcess	"experimental_data;tabular_data"								
syn11374354	go:0000154	has_biolink:BiologicalProcess	"experimental_data;tabular_data"								
syn11374354	go:0007492	has_biolink:BiologicalProcess	"experimental_data;tabular_data"								
syn11374354	go:0070131	has_biolink:BiologicalProcess	"experimental_data;tabular_data"								
syn11374354	go:0035767	has_biolink:BiologicalProcess	"experimental_data;tabular_data"								
syn11374354	go:0030100	has_biolink:BiologicalProcess	"experimental_data;tabular_data"								
syn11374354	go:0001656	has_biolink:BiologicalProcess	"experimental_data;tabular_data"								
syn11374354	go:0044291	has_biolink:CellularComponent	"experimental_data;tabular_data"								
syn11374354	go:0016747	has_biolink:BiologicalProcess	"experimental_data;tabular_data"								
syn11374354	fplx:Histone	has_biolink:MacromolecularComplexOrProteinFamily	"experimental_data;tabular_data"								
syn11374354	go:0046209	has_biolink:BiologicalProcess	"experimental_data;tabular_data"								
syn11374354	go:0010508	has_biolink:BiologicalProcess	"experimental_data;tabular_data"								
syn11374354	go:0034205	has_biolink:BiologicalProcess	"experimental_data;tabular_data"								
syn11374354	go:0051539	has_biolink:BiologicalProcess	"experimental_data;tabular_data"								
syn11374354	go:0070525	has_biolink:BiologicalProcess	"experimental_data;tabular_data"								
syn11374354	go:0032760	has_biolink:BiologicalProcess	"experimental_data;tabular_data"								
syn11374354	go:0032060	has_biolink:BiologicalProcess	"experimental_data;tabular_data"								
syn11374354	go:0043280	has_biolink:BiologicalProcess	"experimental_data;tabular_data"								
syn11374354	go:0061323	has_biolink:BiologicalProcess	"experimental_data;tabular_data"								
syn11374354	go:2000052	has_biolink:BiologicalProcess	"experimental_data;tabular_data"								
syn11374354	go:0035264	has_biolink:BiologicalProcess	"experimental_data;tabular_data"								
syn11374354	go:0030677	has_biolink:MacromolecularComplexOrProteinFamily	"experimental_data;tabular_data"								
syn11374354	go:0010494	has_biolink:CellularComponent	"experimental_data;tabular_data"								
syn11374354	go:0010950	has_biolink:BiologicalProcess	"experimental_data;tabular_data"								
syn11374354	go:0021952	has_biolink:BiologicalProcess	"experimental_data;tabular_data"								
syn11374354	go:0060260	has_biolink:BiologicalProcess	"experimental_data;tabular_data"								
syn11374354	go:0014912	has_biolink:BiologicalProcess	"experimental_data;tabular_data"								
syn11374354	go:0032355	has_biolink:BiologicalProcess	"experimental_data;tabular_data"								
syn11374354	go:0048841	has_biolink:BiologicalProcess	"experimental_data;tabular_data"								
syn11374354	go:0002762	has_biolink:BiologicalProcess	"experimental_data;tabular_data"								
syn11374354	go:0090169	has_biolink:BiologicalProcess	"experimental_data;tabular_data"								
syn11374354	go:0048844	has_biolink:BiologicalProcess	"experimental_data;tabular_data"								
syn11374354	go:0030332	has_biolink:BiologicalProcess	"experimental_data;tabular_data"								
syn11374354	go:1902882	has_biolink:BiologicalProcess	"experimental_data;tabular_data"								
syn11374354	go:0048857	has_biolink:BiologicalProcess	"experimental_data;tabular_data"								
syn11374354	go:1901722	has_biolink:BiologicalProcess	"experimental_data;tabular_data"								
syn11374354	go:0072593	has_biolink:BiologicalProcess	"experimental_data;tabular_data"								
syn11374354	go:0015780	has_biolink:BiologicalProcess	"experimental_data;tabular_data"								
syn11374354	go:0071732	has_biolink:BiologicalProcess	"experimental_data;tabular_data"								
syn11374354	go:0043024	has_biolink:BiologicalProcess	"experimental_data;tabular_data"								
syn11374354	fplx:RAR	has_biolink:MacromolecularComplexOrProteinFamily	"experimental_data;tabular_data"								
syn11374354	go:0032272	has_biolink:BiologicalProcess	"experimental_data;tabular_data"								
syn11374354	go:0032612	has_biolink:BiologicalProcess	"experimental_data;tabular_data"								
syn11374354	go:0072132	has_biolink:BiologicalProcess	"experimental_data;tabular_data"								
syn11374354	go:0035751	has_biolink:BiologicalProcess	"experimental_data;tabular_data"								
syn11374354	go:0035194	has_biolink:BiologicalProcess	"experimental_data;tabular_data"								
syn11374354	go:0006646	has_biolink:BiologicalProcess	"experimental_data;tabular_data"								
syn11374354	go:2001056	has_biolink:BiologicalProcess	"experimental_data;tabular_data"								
syn11374354	go:0006778	has_biolink:BiologicalProcess	"experimental_data;tabular_data"								
syn11374354	go:0009791	has_biolink:BiologicalProcess	"experimental_data;tabular_data"								
syn11374354	go:0009199	has_biolink:BiologicalProcess	"experimental_data;tabular_data"								
syn11374354	go:0072089	has_biolink:BiologicalProcess	"experimental_data;tabular_data"								
syn11374354	go:0045499	has_biolink:BiologicalProcess	"experimental_data;tabular_data"								
syn11374354	go:0006099	has_biolink:BiologicalProcess	"experimental_data;tabular_data"								
syn11374354	go:0030834	has_biolink:BiologicalProcess	"experimental_data;tabular_data"								
syn11374354	go:0043209	has_biolink:CellularComponent	"experimental_data;tabular_data"								
syn11374354	go:2000401	has_biolink:BiologicalProcess	"experimental_data;tabular_data"								
syn11374354	go:0042116	has_biolink:BiologicalProcess	"experimental_data;tabular_data"								
syn11374354	go:0007043	has_biolink:BiologicalProcess	"experimental_data;tabular_data"								
syn11374354	chebi:24870	has_biolink:SmallMolecule	"experimental_data;tabular_data"								
syn11374354	go:0003156	has_biolink:BiologicalProcess	"experimental_data;tabular_data"								
syn11374354	go:0010470	has_biolink:BiologicalProcess	"experimental_data;tabular_data"								
syn11374354	go:0060428	has_biolink:BiologicalProcess	"experimental_data;tabular_data"								
syn11374354	go:0005338	has_biolink:BiologicalProcess	"experimental_data;tabular_data"								
syn11374354	go:0000245	has_biolink:BiologicalProcess	"experimental_data;tabular_data"								
syn11374354	go:0002830	has_biolink:BiologicalProcess	"experimental_data;tabular_data"								
syn11374354	go:0022613	has_biolink:BiologicalProcess	"experimental_data;tabular_data"								
syn11374354	go:0000966	has_biolink:BiologicalProcess	"experimental_data;tabular_data"								
syn11374354	go:0046634	has_biolink:BiologicalProcess	"experimental_data;tabular_data"								
syn11374354	go:0006353	has_biolink:BiologicalProcess	"experimental_data;tabular_data"								
syn11374354	go:0043331	has_biolink:BiologicalProcess	"experimental_data;tabular_data"								
syn11374354	go:0070102	has_biolink:BiologicalProcess	"experimental_data;tabular_data"								
syn11374354	go:0035904	has_biolink:BiologicalProcess	"experimental_data;tabular_data"								
syn11374354	go:0009299	has_biolink:BiologicalProcess	"experimental_data;tabular_data"								
syn11374354	go:0032436	has_biolink:BiologicalProcess	"experimental_data;tabular_data"								
syn11374354	go:0031082	has_biolink:MacromolecularComplexOrProteinFamily	"experimental_data;tabular_data"								
syn11374354	go:0070412	has_biolink:BiologicalProcess	"experimental_data;tabular_data"								
syn11374354	go:0030007	has_biolink:BiologicalProcess	"experimental_data;tabular_data"								
syn11374354	go:0071014	has_biolink:MacromolecularComplexOrProteinFamily	"experimental_data;tabular_data"								
syn11374354	go:0022602	has_biolink:BiologicalProcess	"experimental_data;tabular_data"								
syn11374354	go:2000826	has_biolink:BiologicalProcess	"experimental_data;tabular_data"								
syn11374354	go:0030042	has_biolink:BiologicalProcess	"experimental_data;tabular_data"								
syn11374354	go:0002467	has_biolink:BiologicalProcess	"experimental_data;tabular_data"								
syn11374354	go:0097061	has_biolink:BiologicalProcess	"experimental_data;tabular_data"								
syn11374354	go:0055002	has_biolink:BiologicalProcess	"experimental_data;tabular_data"								
syn11374354	go:0048771	has_biolink:BiologicalProcess	"experimental_data;tabular_data"								
syn11374354	go:0016790	has_biolink:BiologicalProcess	"experimental_data;tabular_data"								
syn11374354	go:0046637	has_biolink:BiologicalProcess	"experimental_data;tabular_data"								
syn11374354	go:0071706	has_biolink:BiologicalProcess	"experimental_data;tabular_data"								
syn11374354	go:0016441	has_biolink:BiologicalProcess	"experimental_data;tabular_data"								
syn11374354	go:0016477	has_biolink:BiologicalProcess	"experimental_data;tabular_data"								
syn11374354	go:0001776	has_biolink:BiologicalProcess	"experimental_data;tabular_data"								
syn11374354	go:0040001	has_biolink:BiologicalProcess	"experimental_data;tabular_data"								
syn11374354	go:2000377	has_biolink:BiologicalProcess	"experimental_data;tabular_data"								
syn11374354	go:0016052	has_biolink:BiologicalProcess	"experimental_data;tabular_data"								
syn11374354	go:0061517	has_biolink:BiologicalProcess	"experimental_data;tabular_data"								
syn11374354	go:0050854	has_biolink:BiologicalProcess	"experimental_data;tabular_data"								
syn11374354	go:0032611	has_biolink:BiologicalProcess	"experimental_data;tabular_data"								
syn11374354	go:0043124	has_biolink:BiologicalProcess	"experimental_data;tabular_data"								
syn11374354	go:0051169	has_biolink:BiologicalProcess	"experimental_data;tabular_data"								
syn11374354	go:0048259	has_biolink:BiologicalProcess	"experimental_data;tabular_data"								
syn11374354	go:0030837	has_biolink:BiologicalProcess	"experimental_data;tabular_data"								
syn11374354	go:0001882	has_biolink:BiologicalProcess	"experimental_data;tabular_data"								
syn11374354	go:0001217	has_biolink:BiologicalProcess	"experimental_data;tabular_data"								
syn11374354	go:1902415	has_biolink:BiologicalProcess	"experimental_data;tabular_data"								
syn11374354	go:0033500	has_biolink:BiologicalProcess	"experimental_data;tabular_data"								
syn11374354	go:0003924	has_biolink:BiologicalProcess	"experimental_data;tabular_data"								
syn11374354	go:0051861	has_biolink:BiologicalProcess	"experimental_data;tabular_data"								
syn11374354	go:0000122	has_biolink:BiologicalProcess	"experimental_data;tabular_data"								
syn11374354	go:0099563	has_biolink:BiologicalProcess	"experimental_data;tabular_data"								
syn11374354	go:0000932	has_biolink:CellularComponent	"experimental_data;tabular_data"								
syn11374354	go:0009749	has_biolink:BiologicalProcess	"experimental_data;tabular_data"								
syn11374354	go:0030864	has_biolink:CellularComponent	"experimental_data;tabular_data"								
syn11374354	go:0002287	has_biolink:BiologicalProcess	"experimental_data;tabular_data"								
syn11374354	go:0002293	has_biolink:BiologicalProcess	"experimental_data;tabular_data"								
syn11374354	go:0050864	has_biolink:BiologicalProcess	"experimental_data;tabular_data"								
syn11374354	go:0051250	has_biolink:BiologicalProcess	"experimental_data;tabular_data"								
syn11374354	go:0006898	has_biolink:BiologicalProcess	"experimental_data;tabular_data"								
syn11374354	go:0006490	has_biolink:BiologicalProcess	"experimental_data;tabular_data"								
syn11374354	go:2000106	has_biolink:BiologicalProcess	"experimental_data;tabular_data"								
syn11374354	go:0001945	has_biolink:BiologicalProcess	"experimental_data;tabular_data"								
syn11374354	go:0034138	has_biolink:BiologicalProcess	"experimental_data;tabular_data"								
syn11374354	go:1902808	has_biolink:BiologicalProcess	"experimental_data;tabular_data"								
syn11374354	go:0061512	has_biolink:BiologicalProcess	"experimental_data;tabular_data"								
syn11374354	go:0099023	has_biolink:MacromolecularComplexOrProteinFamily	"experimental_data;tabular_data"								
syn11374354	go:0006022	has_biolink:BiologicalProcess	"experimental_data;tabular_data"								
syn11374354	go:0072676	has_biolink:BiologicalProcess	"experimental_data;tabular_data"								
syn11374354	go:0035148	has_biolink:BiologicalProcess	"experimental_data;tabular_data"								
syn11374354	go:0035821	has_biolink:BiologicalProcess	"experimental_data;tabular_data"								
syn11374354	go:0005791	has_biolink:CellularComponent	"experimental_data;tabular_data"								
syn11374354	go:0030168	has_biolink:BiologicalProcess	"experimental_data;tabular_data"								
syn11374354	go:0019867	has_biolink:CellularComponent	"experimental_data;tabular_data"								
syn11374354	go:0008021	has_biolink:CellularComponent	"experimental_data;tabular_data"								
syn11374354	go:0046034	has_biolink:BiologicalProcess	"experimental_data;tabular_data"								
syn11374354	go:2001028	has_biolink:BiologicalProcess	"experimental_data;tabular_data"								
syn11374354	go:0006446	has_biolink:BiologicalProcess	"experimental_data;tabular_data"								
syn11374354	go:0052689	has_biolink:BiologicalProcess	"experimental_data;tabular_data"								
syn11374354	go:0002313	has_biolink:BiologicalProcess	"experimental_data;tabular_data"								
syn11374354	go:0051204	has_biolink:BiologicalProcess	"experimental_data;tabular_data"								
syn11374354	go:0048260	has_biolink:BiologicalProcess	"experimental_data;tabular_data"								
syn11374354	go:0090307	has_biolink:BiologicalProcess	"experimental_data;tabular_data"								
syn11374354	go:1901989	has_biolink:BiologicalProcess	"experimental_data;tabular_data"								
syn11374354	go:0045292	has_biolink:BiologicalProcess	"experimental_data;tabular_data"								
syn11374354	go:0002088	has_biolink:BiologicalProcess	"experimental_data;tabular_data"								
syn11374354	go:0060019	has_biolink:BiologicalProcess	"experimental_data;tabular_data"								
syn11374354	go:0004549	has_biolink:BiologicalProcess	"experimental_data;tabular_data"								
syn11374354	go:0048385	has_biolink:BiologicalProcess	"experimental_data;tabular_data"								
syn11374354	go:0072524	has_biolink:BiologicalProcess	"experimental_data;tabular_data"								
syn11374354	go:0051092	has_biolink:BiologicalProcess	"experimental_data;tabular_data"								
syn11374354	go:0050866	has_biolink:BiologicalProcess	"experimental_data;tabular_data"								
syn11374354	go:0033013	has_biolink:BiologicalProcess	"experimental_data;tabular_data"								
syn11374354	go:2000351	has_biolink:BiologicalProcess	"experimental_data;tabular_data"								
syn11374354	go:2000727	has_biolink:BiologicalProcess	"experimental_data;tabular_data"								
syn11374354	go:0006977	has_biolink:BiologicalProcess	"experimental_data;tabular_data"								
syn11374354	go:0051123	has_biolink:BiologicalProcess	"experimental_data;tabular_data"								
syn11374354	go:0002102	has_biolink:CellularComponent	"experimental_data;tabular_data"								
syn11374354	go:0035666	has_biolink:BiologicalProcess	"experimental_data;tabular_data"								
syn11374354	go:1904375	has_biolink:BiologicalProcess	"experimental_data;tabular_data"								
syn11374354	go:0034518	has_biolink:MacromolecularComplexOrProteinFamily	"experimental_data;tabular_data"								
syn11374354	go:0045600	has_biolink:BiologicalProcess	"experimental_data;tabular_data"								
syn11374354	go:0050858	has_biolink:BiologicalProcess	"experimental_data;tabular_data"								
syn11374354	go:0051536	has_biolink:BiologicalProcess	"experimental_data;tabular_data"								
syn11374354	go:0051540	has_biolink:BiologicalProcess	"experimental_data;tabular_data"								
syn11374354	go:0004521	has_biolink:BiologicalProcess	"experimental_data;tabular_data"								
syn11374354	go:0045185	has_biolink:BiologicalProcess	"experimental_data;tabular_data"								
syn11374354	go:1903573	has_biolink:BiologicalProcess	"experimental_data;tabular_data"								
syn11374354	go:0048284	has_biolink:BiologicalProcess	"experimental_data;tabular_data"								
syn11374354	go:0030660	has_biolink:CellularComponent	"experimental_data;tabular_data"								
syn11374354	go:0005770	has_biolink:CellularComponent	"experimental_data;tabular_data"								
syn11374354	go:0050922	has_biolink:BiologicalProcess	"experimental_data;tabular_data"								
syn11374354	go:0003727	has_biolink:BiologicalProcess	"experimental_data;tabular_data"								
syn11374354	go:0016829	has_biolink:BiologicalProcess	"experimental_data;tabular_data"								
syn11374354	go:0106027	has_biolink:BiologicalProcess	"experimental_data;tabular_data"								
syn11374354	go:0051647	has_biolink:BiologicalProcess	"experimental_data;tabular_data"								
syn11374354	go:0030203	has_biolink:BiologicalProcess	"experimental_data;tabular_data"								
syn11374354	go:0045651	has_biolink:BiologicalProcess	"experimental_data;tabular_data"								
syn11374354	go:0003181	has_biolink:BiologicalProcess	"experimental_data;tabular_data"								
syn11374354	go:0072163	has_biolink:BiologicalProcess	"experimental_data;tabular_data"								
syn11374354	go:0072164	has_biolink:BiologicalProcess	"experimental_data;tabular_data"								
syn11374354	go:0007548	has_biolink:BiologicalProcess	"experimental_data;tabular_data"								
syn11374354	go:0002433	has_biolink:BiologicalProcess	"experimental_data;tabular_data"								
syn11374354	go:0038096	has_biolink:BiologicalProcess	"experimental_data;tabular_data"								
syn11374354	go:0042093	has_biolink:BiologicalProcess	"experimental_data;tabular_data"								
syn11374354	go:0098808	has_biolink:BiologicalProcess	"experimental_data;tabular_data"								
syn11374354	go:0005885	has_biolink:MacromolecularComplexOrProteinFamily	"experimental_data;tabular_data"								
syn11374354	go:0014013	has_biolink:BiologicalProcess	"experimental_data;tabular_data"								
syn11374354	go:0031623	has_biolink:BiologicalProcess	"experimental_data;tabular_data"								
syn11374354	go:0051261	has_biolink:BiologicalProcess	"experimental_data;tabular_data"								
syn11374354	go:0010882	has_biolink:BiologicalProcess	"experimental_data;tabular_data"								
syn11374354	go:0032651	has_biolink:BiologicalProcess	"experimental_data;tabular_data"								
syn11374354	go:0034620	has_biolink:BiologicalProcess	"experimental_data;tabular_data"								
syn11374354	go:0030880	has_biolink:MacromolecularComplexOrProteinFamily	"experimental_data;tabular_data"								
syn11374354	go:0035313	has_biolink:BiologicalProcess	"experimental_data;tabular_data"								
syn11374354	go:0030014	has_biolink:MacromolecularComplexOrProteinFamily	"experimental_data;tabular_data"								
syn11374354	go:1901505	has_biolink:BiologicalProcess	"experimental_data;tabular_data"								
syn11374354	go:0046546	has_biolink:BiologicalProcess	"experimental_data;tabular_data"								
syn11374354	go:0045986	has_biolink:BiologicalProcess	"experimental_data;tabular_data"								
syn11374354	go:0099518	has_biolink:BiologicalProcess	"experimental_data;tabular_data"								
syn11374354	go:0086103	has_biolink:BiologicalProcess	"experimental_data;tabular_data"								
syn11374354	go:0003756	has_biolink:BiologicalProcess	"experimental_data;tabular_data"								
syn11374354	go:0016864	has_biolink:BiologicalProcess	"experimental_data;tabular_data"								
syn11374354	go:2000269	has_biolink:BiologicalProcess	"experimental_data;tabular_data"								
syn11374354	go:1990234	has_biolink:MacromolecularComplexOrProteinFamily	"experimental_data;tabular_data"								
syn11374354	go:0016242	has_biolink:BiologicalProcess	"experimental_data;tabular_data"								
syn11374354	go:0046661	has_biolink:BiologicalProcess	"experimental_data;tabular_data"								
syn11374354	go:0007049	has_biolink:BiologicalProcess	"experimental_data;tabular_data"								
syn11374354	go:0002688	has_biolink:BiologicalProcess	"experimental_data;tabular_data"								
syn11374354	go:0002756	has_biolink:BiologicalProcess	"experimental_data;tabular_data"								
syn11374354	go:0019320	has_biolink:BiologicalProcess	"experimental_data;tabular_data"								
syn11374354	go:0019208	has_biolink:BiologicalProcess	"experimental_data;tabular_data"								
syn11374354	go:0006661	has_biolink:BiologicalProcess	"experimental_data;tabular_data"								
syn11374354	go:0002695	has_biolink:BiologicalProcess	"experimental_data;tabular_data"								
syn11374354	go:0032691	has_biolink:BiologicalProcess	"experimental_data;tabular_data"								
syn11374354	go:0036503	has_biolink:BiologicalProcess	"experimental_data;tabular_data"								
syn11374354	go:0051851	has_biolink:BiologicalProcess	"experimental_data;tabular_data"								
syn11374354	go:0090316	has_biolink:BiologicalProcess	"experimental_data;tabular_data"								
syn11374354	go:0051894	has_biolink:BiologicalProcess	"experimental_data;tabular_data"								
syn11374354	go:0007097	has_biolink:BiologicalProcess	"experimental_data;tabular_data"								
syn11374354	go:0051149	has_biolink:BiologicalProcess	"experimental_data;tabular_data"								
syn11374354	go:0050918	has_biolink:BiologicalProcess	"experimental_data;tabular_data"								
syn11374354	go:0021536	has_biolink:BiologicalProcess	"experimental_data;tabular_data"								
syn11374354	go:0032873	has_biolink:BiologicalProcess	"experimental_data;tabular_data"								
syn11374354	go:0070303	has_biolink:BiologicalProcess	"experimental_data;tabular_data"								
syn11374354	go:0050773	has_biolink:BiologicalProcess	"experimental_data;tabular_data"								
syn11374354	go:1903531	has_biolink:BiologicalProcess	"experimental_data;tabular_data"								
syn11374354	go:0061158	has_biolink:BiologicalProcess	"experimental_data;tabular_data"								
syn11374354	go:0043555	has_biolink:BiologicalProcess	"experimental_data;tabular_data"								
syn11374354	go:0030307	has_biolink:BiologicalProcess	"experimental_data;tabular_data"								
syn11374354	go:0042789	has_biolink:BiologicalProcess	"experimental_data;tabular_data"								
syn11374354	go:0006940	has_biolink:BiologicalProcess	"experimental_data;tabular_data"								
syn11374354	go:0035019	has_biolink:BiologicalProcess	"experimental_data;tabular_data"								
syn11374354	go:0004065	has_biolink:BiologicalProcess	"experimental_data;tabular_data"								
syn11374354	go:0055029	has_biolink:MacromolecularComplexOrProteinFamily	"experimental_data;tabular_data"								
syn11374354	go:0003298	has_biolink:BiologicalProcess	"experimental_data;tabular_data"								
syn11374354	go:0003301	has_biolink:BiologicalProcess	"experimental_data;tabular_data"								
syn11374354	go:0061049	has_biolink:BiologicalProcess	"experimental_data;tabular_data"								
syn11374354	go:0001540	has_biolink:BiologicalProcess	"experimental_data;tabular_data"								
syn11374354	go:0030258	has_biolink:BiologicalProcess	"experimental_data;tabular_data"								
syn11374354	go:1902001	has_biolink:BiologicalProcess	"experimental_data;tabular_data"								
syn11374354	go:0005847	has_biolink:MacromolecularComplexOrProteinFamily	"experimental_data;tabular_data"								
syn11374354	go:0005126	has_biolink:BiologicalProcess	"experimental_data;tabular_data"								
syn11374354	go:0043367	has_biolink:BiologicalProcess	"experimental_data;tabular_data"								
syn11374354	go:0005525	has_biolink:BiologicalProcess	"experimental_data;tabular_data"								
syn11374354	go:0071378	has_biolink:BiologicalProcess	"experimental_data;tabular_data"								
syn11374354	go:1900076	has_biolink:BiologicalProcess	"experimental_data;tabular_data"								
syn11374354	go:0090084	has_biolink:BiologicalProcess	"experimental_data;tabular_data"								
syn11374354	hgnc:37171	has_biolink:RNAProduct	"experimental_data;tabular_data"								
syn11374354	go:1903747	has_biolink:BiologicalProcess	"experimental_data;tabular_data"								
syn11374354	go:1901612	has_biolink:BiologicalProcess	"experimental_data;tabular_data"								
syn11374354	go:0005741	has_biolink:CellularComponent	"experimental_data;tabular_data"								
syn11374354	go:1903557	has_biolink:BiologicalProcess	"experimental_data;tabular_data"								
syn11374354	go:0051897	has_biolink:BiologicalProcess	"experimental_data;tabular_data"								
syn11374354	go:0031201	has_biolink:MacromolecularComplexOrProteinFamily	"experimental_data;tabular_data"								
syn11374354	go:0015980	has_biolink:BiologicalProcess	"experimental_data;tabular_data"								
syn11374354	go:0048524	has_biolink:BiologicalProcess	"experimental_data;tabular_data"								
syn11374354	go:2001243	has_biolink:BiologicalProcess	"experimental_data;tabular_data"								
syn11374354	go:0071466	has_biolink:BiologicalProcess	"experimental_data;tabular_data"								
syn11374354	go:0046328	has_biolink:BiologicalProcess	"experimental_data;tabular_data"								
syn11374354	go:0006007	has_biolink:BiologicalProcess	"experimental_data;tabular_data"								
syn11374354	go:0032048	has_biolink:BiologicalProcess	"experimental_data;tabular_data"								
syn11374354	go:0050860	has_biolink:BiologicalProcess	"experimental_data;tabular_data"								
syn11374354	go:0038094	has_biolink:BiologicalProcess	"experimental_data;tabular_data"								
syn11374354	go:0033276	has_biolink:MacromolecularComplexOrProteinFamily	"experimental_data;tabular_data"								
syn11374354	go:0051653	has_biolink:BiologicalProcess	"experimental_data;tabular_data"								
syn11374354	go:0101023	has_biolink:BiologicalProcess	"experimental_data;tabular_data"								
syn11374354	go:1905562	has_biolink:BiologicalProcess	"experimental_data;tabular_data"								
syn11374354	go:0009205	has_biolink:BiologicalProcess	"experimental_data;tabular_data"								
syn11374354	go:1990825	has_biolink:BiologicalProcess	"experimental_data;tabular_data"								
syn11374354	go:0015036	has_biolink:BiologicalProcess	"experimental_data;tabular_data"								
syn11374354	go:0021591	has_biolink:BiologicalProcess	"experimental_data;tabular_data"								
syn11374354	go:0062208	has_biolink:BiologicalProcess	"experimental_data;tabular_data"								
syn11374354	go:0035967	has_biolink:BiologicalProcess	"experimental_data;tabular_data"								
syn11374354	go:0051767	has_biolink:BiologicalProcess	"experimental_data;tabular_data"								
syn11374354	go:0051769	has_biolink:BiologicalProcess	"experimental_data;tabular_data"								
syn11374354	go:0071549	has_biolink:BiologicalProcess	"experimental_data;tabular_data"								
syn11374354	go:1902373	has_biolink:BiologicalProcess	"experimental_data;tabular_data"								
syn11374354	go:0021915	has_biolink:BiologicalProcess	"experimental_data;tabular_data"								
syn11374354	go:1990542	has_biolink:BiologicalProcess	"experimental_data;tabular_data"								
syn11374354	go:0015929	has_biolink:BiologicalProcess	"experimental_data;tabular_data"								
syn11374354	fplx:MAPK	has_biolink:MacromolecularComplexOrProteinFamily	"experimental_data;tabular_data"								
syn11374354	go:0005583	has_biolink:CellularComponent	"experimental_data;tabular_data"								
syn11374354	go:0098643	has_biolink:CellularComponent	"experimental_data;tabular_data"								
syn11374354	go:0060396	has_biolink:BiologicalProcess	"experimental_data;tabular_data"								
syn11374354	go:0030165	has_biolink:BiologicalProcess	"experimental_data;tabular_data"								
syn11374354	go:0071774	has_biolink:BiologicalProcess	"experimental_data;tabular_data"								
syn11374354	go:0043242	has_biolink:BiologicalProcess	"experimental_data;tabular_data"								
syn11374354	go:0040015	has_biolink:BiologicalProcess	"experimental_data;tabular_data"								
syn11374354	go:0048167	has_biolink:BiologicalProcess	"experimental_data;tabular_data"								
syn11374354	go:0070063	has_biolink:BiologicalProcess	"experimental_data;tabular_data"								
syn11374354	go:0002690	has_biolink:BiologicalProcess	"experimental_data;tabular_data"								
syn11374354	go:0006390	has_biolink:BiologicalProcess	"experimental_data;tabular_data"								
syn11374354	go:0042073	has_biolink:BiologicalProcess	"experimental_data;tabular_data"								
syn11374354	go:0009144	has_biolink:BiologicalProcess	"experimental_data;tabular_data"								
syn11374354	go:0097493	has_biolink:BiologicalProcess	"experimental_data;tabular_data"								
syn11374354	go:0044409	has_biolink:BiologicalProcess	"experimental_data;tabular_data"								
syn11374354	go:1902430	has_biolink:BiologicalProcess	"experimental_data;tabular_data"								
syn11374354	go:0009168	has_biolink:BiologicalProcess	"experimental_data;tabular_data"								
syn11374354	mesh:D009068	has_biolink:BiologicalProcess	"experimental_data;tabular_data"								
syn11374354	go:0048193	has_biolink:BiologicalProcess	"experimental_data;tabular_data"								
syn11374354	go:0051701	has_biolink:BiologicalProcess	"experimental_data;tabular_data"								
syn11374354	go:0001823	has_biolink:BiologicalProcess	"experimental_data;tabular_data"								
syn11374354	go:0010507	has_biolink:BiologicalProcess	"experimental_data;tabular_data"								
syn11374354	go:0030666	has_biolink:CellularComponent	"experimental_data;tabular_data"								
syn11374354	go:0090043	has_biolink:BiologicalProcess	"experimental_data;tabular_data"								
syn11374354	go:0009746	has_biolink:BiologicalProcess	"experimental_data;tabular_data"								
syn11374354	go:0002793	has_biolink:BiologicalProcess	"experimental_data;tabular_data"								
syn11374354	go:0043281	has_biolink:BiologicalProcess	"experimental_data;tabular_data"								
syn11374354	go:0001782	has_biolink:BiologicalProcess	"experimental_data;tabular_data"								
syn11374354	go:0060291	has_biolink:BiologicalProcess	"experimental_data;tabular_data"								
syn11374354	go:0032550	has_biolink:BiologicalProcess	"experimental_data;tabular_data"								
syn11374354	go:0000152	has_biolink:MacromolecularComplexOrProteinFamily	"experimental_data;tabular_data"								
syn11374354	go:0070486	has_biolink:BiologicalProcess	"experimental_data;tabular_data"								
syn11374354	go:0090192	has_biolink:BiologicalProcess	"experimental_data;tabular_data"								
syn11374354	go:1905063	has_biolink:BiologicalProcess	"experimental_data;tabular_data"								
syn11374354	go:0051346	has_biolink:BiologicalProcess	"experimental_data;tabular_data"								
syn11374354	go:0090051	has_biolink:BiologicalProcess	"experimental_data;tabular_data"								
syn11374354	go:0051048	has_biolink:BiologicalProcess	"experimental_data;tabular_data"								
syn11374354	go:0007031	has_biolink:BiologicalProcess	"experimental_data;tabular_data"								
syn11374354	go:0070431	has_biolink:BiologicalProcess	"experimental_data;tabular_data"								
syn11374354	go:0099550	has_biolink:BiologicalProcess	"experimental_data;tabular_data"								
syn11374354	go:0043394	has_biolink:BiologicalProcess	"experimental_data;tabular_data"								
syn11374354	go:0002791	has_biolink:BiologicalProcess	"experimental_data;tabular_data"								
syn11374354	go:0050661	has_biolink:BiologicalProcess	"experimental_data;tabular_data"								
syn11374354	go:0002483	has_biolink:BiologicalProcess	"experimental_data;tabular_data"								
syn11374354	go:0019885	has_biolink:BiologicalProcess	"experimental_data;tabular_data"								
syn11374354	go:0001883	has_biolink:BiologicalProcess	"experimental_data;tabular_data"								
syn11374354	go:0032549	has_biolink:BiologicalProcess	"experimental_data;tabular_data"								
syn11374354	go:0030021	has_biolink:BiologicalProcess	"experimental_data;tabular_data"								
syn11374354	go:1902884	has_biolink:BiologicalProcess	"experimental_data;tabular_data"								
syn11374354	go:0005916	has_biolink:CellularComponent	"experimental_data;tabular_data"								
syn11374354	go:0019318	has_biolink:BiologicalProcess	"experimental_data;tabular_data"								
syn11374354	go:0050909	has_biolink:BiologicalProcess	"experimental_data;tabular_data"								
syn11374354	go:0002720	has_biolink:BiologicalProcess	"experimental_data;tabular_data"								
syn11374354	go:0032781	has_biolink:BiologicalProcess	"experimental_data;tabular_data"								
syn11374354	go:0031954	has_biolink:BiologicalProcess	"experimental_data;tabular_data"								
syn11374354	go:0055026	has_biolink:BiologicalProcess	"experimental_data;tabular_data"								
syn11374354	go:0016591	has_biolink:CellularComponent	"experimental_data;tabular_data"								
syn11374354	go:1902555	has_biolink:MacromolecularComplexOrProteinFamily	"experimental_data;tabular_data"								
syn11374354	go:0042593	has_biolink:BiologicalProcess	"experimental_data;tabular_data"								
syn11374354	go:0006891	has_biolink:BiologicalProcess	"experimental_data;tabular_data"								
syn11374354	go:1902042	has_biolink:BiologicalProcess	"experimental_data;tabular_data"								
syn11374354	go:0017119	has_biolink:MacromolecularComplexOrProteinFamily	"experimental_data;tabular_data"								
syn11374354	go:0006505	has_biolink:BiologicalProcess	"experimental_data;tabular_data"								
syn11374354	go:1902600	has_biolink:BiologicalProcess	"experimental_data;tabular_data"								
syn11374354	go:0006084	has_biolink:BiologicalProcess	"experimental_data;tabular_data"								
syn11374354	go:0098858	has_biolink:CellularComponent	"experimental_data;tabular_data"								
syn11374354	go:0034284	has_biolink:BiologicalProcess	"experimental_data;tabular_data"								
syn11374354	go:0030888	has_biolink:BiologicalProcess	"experimental_data;tabular_data"								
syn11374354	go:0001227	has_biolink:BiologicalProcess	"experimental_data;tabular_data"								
syn11374354	go:0006643	has_biolink:BiologicalProcess	"experimental_data;tabular_data"								
syn11374354	go:0038179	has_biolink:BiologicalProcess	"experimental_data;tabular_data"								
syn11374354	go:0043123	has_biolink:BiologicalProcess	"experimental_data;tabular_data"								
syn11374354	go:0031167	has_biolink:BiologicalProcess	"experimental_data;tabular_data"								
syn11374354	go:0007007	has_biolink:BiologicalProcess	"experimental_data;tabular_data"								
syn11374354	go:0052548	has_biolink:BiologicalProcess	"experimental_data;tabular_data"								
syn11374354	go:0030521	has_biolink:BiologicalProcess	"experimental_data;tabular_data"								
syn11374354	go:0044782	has_biolink:BiologicalProcess	"experimental_data;tabular_data"								
syn11374354	go:0045920	has_biolink:BiologicalProcess	"experimental_data;tabular_data"								
syn11374354	go:0098576	has_biolink:CellularComponent	"experimental_data;tabular_data"								
syn11374354	go:0044272	has_biolink:BiologicalProcess	"experimental_data;tabular_data"								
syn11374354	go:0060997	has_biolink:BiologicalProcess	"experimental_data;tabular_data"								
syn11374354	go:0031571	has_biolink:BiologicalProcess	"experimental_data;tabular_data"								
syn11374354	go:0030684	has_biolink:CellularComponent	"experimental_data;tabular_data"								
syn11374354	go:0010575	has_biolink:BiologicalProcess	"experimental_data;tabular_data"								
syn11374354	go:0030133	has_biolink:CellularComponent	"experimental_data;tabular_data"								
syn11374354	go:0050657	has_biolink:BiologicalProcess	"experimental_data;tabular_data"								
syn11374354	go:0050658	has_biolink:BiologicalProcess	"experimental_data;tabular_data"								
syn11374354	go:0010574	has_biolink:BiologicalProcess	"experimental_data;tabular_data"								
syn11374354	go:0008584	has_biolink:BiologicalProcess	"experimental_data;tabular_data"								
syn11374354	go:0007611	has_biolink:BiologicalProcess	"experimental_data;tabular_data"								
syn11374354	go:0051047	has_biolink:BiologicalProcess	"experimental_data;tabular_data"								
syn11374354	go:0051018	has_biolink:BiologicalProcess	"experimental_data;tabular_data"								
syn11374354	go:0051148	has_biolink:BiologicalProcess	"experimental_data;tabular_data"								
syn11374354	go:0007093	has_biolink:BiologicalProcess	"experimental_data;tabular_data"								
syn11374354	go:0044773	has_biolink:BiologicalProcess	"experimental_data;tabular_data"								
syn11374354	go:0044774	has_biolink:BiologicalProcess	"experimental_data;tabular_data"								
syn11374354	go:0003159	has_biolink:BiologicalProcess	"experimental_data;tabular_data"								
syn11374354	go:0061154	has_biolink:BiologicalProcess	"experimental_data;tabular_data"								
syn11374354	go:0006188	has_biolink:BiologicalProcess	"experimental_data;tabular_data"								
syn11374354	go:0010927	has_biolink:BiologicalProcess	"experimental_data;tabular_data"								
syn11374354	go:0016331	has_biolink:BiologicalProcess	"experimental_data;tabular_data"								
syn11374354	mesh:D053586	has_biolink:BiologicalProcess	"experimental_data;tabular_data"								
syn11374354	go:0072539	has_biolink:BiologicalProcess	"experimental_data;tabular_data"								
syn11374354	go:0120227	has_biolink:BiologicalProcess	"experimental_data;tabular_data"								
syn11374354	go:1905244	has_biolink:BiologicalProcess	"experimental_data;tabular_data"								
syn11374354	go:0003171	has_biolink:BiologicalProcess	"experimental_data;tabular_data"								
syn11374354	go:0043083	has_biolink:CellularComponent	"experimental_data;tabular_data"								
syn11374354	go:0035329	has_biolink:BiologicalProcess	"experimental_data;tabular_data"								
syn11374354	go:0090481	has_biolink:BiologicalProcess	"experimental_data;tabular_data"								
syn11374354	go:0071824	has_biolink:BiologicalProcess	"experimental_data;tabular_data"								
syn11374354	go:0019908	has_biolink:MacromolecularComplexOrProteinFamily	"experimental_data;tabular_data"								
syn11374354	go:0000132	has_biolink:BiologicalProcess	"experimental_data;tabular_data"								
syn11374354	go:0045647	has_biolink:BiologicalProcess	"experimental_data;tabular_data"								
syn11374354	go:0002020	has_biolink:BiologicalProcess	"experimental_data;tabular_data"								
syn11374354	go:0007052	has_biolink:BiologicalProcess	"experimental_data;tabular_data"								
syn11374354	go:1900026	has_biolink:BiologicalProcess	"experimental_data;tabular_data"								
syn11374354	go:0051589	has_biolink:BiologicalProcess	"experimental_data;tabular_data"								
syn11374354	go:1904754	has_biolink:BiologicalProcess	"experimental_data;tabular_data"								
syn11374354	go:0016667	has_biolink:BiologicalProcess	"experimental_data;tabular_data"								
syn11374354	go:0035592	has_biolink:BiologicalProcess	"experimental_data;tabular_data"								
syn11374354	go:0030507	has_biolink:BiologicalProcess	"experimental_data;tabular_data"								
syn11374354	go:2000811	has_biolink:BiologicalProcess	"experimental_data;tabular_data"								
syn11374354	go:1903902	has_biolink:BiologicalProcess	"experimental_data;tabular_data"								
syn11374354	go:0004721	has_biolink:BiologicalProcess	"experimental_data;tabular_data"								
syn11374354	go:0043030	has_biolink:BiologicalProcess	"experimental_data;tabular_data"								
syn11374354	go:2000644	has_biolink:BiologicalProcess	"experimental_data;tabular_data"								
syn11374354	go:1903955	has_biolink:BiologicalProcess	"experimental_data;tabular_data"								
syn11374354	go:0072189	has_biolink:BiologicalProcess	"experimental_data;tabular_data"								
syn11374354	go:0031968	has_biolink:CellularComponent	"experimental_data;tabular_data"								
syn11374354	go:0021766	has_biolink:BiologicalProcess	"experimental_data;tabular_data"								
syn11374354	go:1902305	has_biolink:BiologicalProcess	"experimental_data;tabular_data"								
syn11374354	go:0036119	has_biolink:BiologicalProcess	"experimental_data;tabular_data"								
syn11374354	go:0052547	has_biolink:BiologicalProcess	"experimental_data;tabular_data"								
syn11374354	go:0051402	has_biolink:BiologicalProcess	"experimental_data;tabular_data"								
syn11374354	go:0002828	has_biolink:BiologicalProcess	"experimental_data;tabular_data"								
syn11374354	go:0030020	has_biolink:BiologicalProcess	"experimental_data;tabular_data"								
syn11374354	go:0001401	has_biolink:MacromolecularComplexOrProteinFamily	"experimental_data;tabular_data"								
syn11374354	go:0010745	has_biolink:BiologicalProcess	"experimental_data;tabular_data"								
syn11374354	go:0002548	has_biolink:BiologicalProcess	"experimental_data;tabular_data"								
syn11374354	go:1903035	has_biolink:BiologicalProcess	"experimental_data;tabular_data"								
syn11374354	go:0003299	has_biolink:BiologicalProcess	"experimental_data;tabular_data"								
syn11374354	go:0014887	has_biolink:BiologicalProcess	"experimental_data;tabular_data"								
syn11374354	go:0014898	has_biolink:BiologicalProcess	"experimental_data;tabular_data"								
syn11374354	go:0009261	has_biolink:BiologicalProcess	"experimental_data;tabular_data"								
syn11374354	go:0048645	has_biolink:BiologicalProcess	"experimental_data;tabular_data"								
syn11374354	go:0046580	has_biolink:BiologicalProcess	"experimental_data;tabular_data"								
syn11374354	go:2001026	has_biolink:BiologicalProcess	"experimental_data;tabular_data"								
syn11374354	go:0046890	has_biolink:BiologicalProcess	"experimental_data;tabular_data"								
syn11374354	go:0045661	has_biolink:BiologicalProcess	"experimental_data;tabular_data"								
syn11374354	go:0090193	has_biolink:BiologicalProcess	"experimental_data;tabular_data"								
syn11374354	go:0019882	has_biolink:BiologicalProcess	"experimental_data;tabular_data"								
syn11374354	go:0034471	has_biolink:BiologicalProcess	"experimental_data;tabular_data"								
syn11374354	go:0019199	has_biolink:BiologicalProcess	"experimental_data;tabular_data"								
syn11374354	go:0006939	has_biolink:BiologicalProcess	"experimental_data;tabular_data"								
syn11374354	go:0048026	has_biolink:BiologicalProcess	"experimental_data;tabular_data"								
syn11374354	go:0032488	has_biolink:BiologicalProcess	"experimental_data;tabular_data"								
syn11374354	go:0001890	has_biolink:BiologicalProcess	"experimental_data;tabular_data"								
syn11374354	go:0005246	has_biolink:BiologicalProcess	"experimental_data;tabular_data"								
syn11374354	go:1903799	has_biolink:BiologicalProcess	"experimental_data;tabular_data"								
syn11374354	go:0051966	has_biolink:BiologicalProcess	"experimental_data;tabular_data"								
syn11374354	go:0055037	has_biolink:CellularComponent	"experimental_data;tabular_data"								
syn11374354	go:0034399	has_biolink:CellularComponent	"experimental_data;tabular_data"								
syn11374354	go:0006914	has_biolink:BiologicalProcess	"experimental_data;tabular_data"								
syn11374354	go:0070717	has_biolink:BiologicalProcess	"experimental_data;tabular_data"								
syn11374354	go:0003231	has_biolink:BiologicalProcess	"experimental_data;tabular_data"								
syn11374354	go:0035970	has_biolink:BiologicalProcess	"experimental_data;tabular_data"								
syn11374354	go:0055057	has_biolink:BiologicalProcess	"experimental_data;tabular_data"								
syn11374354	go:0021801	has_biolink:BiologicalProcess	"experimental_data;tabular_data"								
syn11374354	go:0022030	has_biolink:BiologicalProcess	"experimental_data;tabular_data"								
syn11374354	go:0006720	has_biolink:BiologicalProcess	"experimental_data;tabular_data"								
syn11374354	go:0050848	has_biolink:BiologicalProcess	"experimental_data;tabular_data"								
syn11374354	go:0032507	has_biolink:BiologicalProcess	"experimental_data;tabular_data"								
syn11374354	go:0046486	has_biolink:BiologicalProcess	"experimental_data;tabular_data"								
syn11374354	go:2000144	has_biolink:BiologicalProcess	"experimental_data;tabular_data"								
syn11374354	go:0003197	has_biolink:BiologicalProcess	"experimental_data;tabular_data"								
syn11374354	go:1901673	has_biolink:BiologicalProcess	"experimental_data;tabular_data"								
syn11374354	go:0033028	has_biolink:BiologicalProcess	"experimental_data;tabular_data"								
syn11374354	go:0030835	has_biolink:BiologicalProcess	"experimental_data;tabular_data"								
syn11374354	go:0008276	has_biolink:BiologicalProcess	"experimental_data;tabular_data"								
syn11374354	go:0071371	has_biolink:BiologicalProcess	"experimental_data;tabular_data"								
syn11374354	go:0061437	has_biolink:BiologicalProcess	"experimental_data;tabular_data"								
syn11374354	go:0061440	has_biolink:BiologicalProcess	"experimental_data;tabular_data"								
syn11374354	go:0009925	has_biolink:CellularComponent	"experimental_data;tabular_data"								
syn11374354	go:0043034	has_biolink:CellularComponent	"experimental_data;tabular_data"								
syn11374354	go:0044321	has_biolink:BiologicalProcess	"experimental_data;tabular_data"								
syn11374354	go:0045581	has_biolink:BiologicalProcess	"experimental_data;tabular_data"								
syn11374354	go:0048546	has_biolink:BiologicalProcess	"experimental_data;tabular_data"								
syn11374354	go:0010592	has_biolink:BiologicalProcess	"experimental_data;tabular_data"								
syn11374354	go:0002335	has_biolink:BiologicalProcess	"experimental_data;tabular_data"								
syn11374354	go:0034063	has_biolink:BiologicalProcess	"experimental_data;tabular_data"								
syn11374354	go:0001618	has_biolink:BiologicalProcess	"experimental_data;tabular_data"								
syn11374354	go:0140272	has_biolink:BiologicalProcess	"experimental_data;tabular_data"								
syn11374354	go:0060590	has_biolink:BiologicalProcess	"experimental_data;tabular_data"								
syn11374354	go:0030316	has_biolink:BiologicalProcess	"experimental_data;tabular_data"								
syn11374354	go:0061383	has_biolink:BiologicalProcess	"experimental_data;tabular_data"								
syn11374354	fplx:RXR	has_biolink:MacromolecularComplexOrProteinFamily	"experimental_data;tabular_data"								
syn11374354	go:0006302	has_biolink:BiologicalProcess	"experimental_data;tabular_data"								
syn11374354	go:0019883	has_biolink:BiologicalProcess	"experimental_data;tabular_data"								
syn11374354	go:0070181	has_biolink:BiologicalProcess	"experimental_data;tabular_data"								
syn11374354	go:2000353	has_biolink:BiologicalProcess	"experimental_data;tabular_data"								
syn11374354	go:0007263	has_biolink:BiologicalProcess	"experimental_data;tabular_data"								
syn11374354	go:0003995	has_biolink:BiologicalProcess	"experimental_data;tabular_data"								
syn11374354	go:0048384	has_biolink:BiologicalProcess	"experimental_data;tabular_data"								
syn11374354	go:0048278	has_biolink:BiologicalProcess	"experimental_data;tabular_data"								
syn11374354	go:0006012	has_biolink:BiologicalProcess	"experimental_data;tabular_data"								
syn11374354	go:1901567	has_biolink:BiologicalProcess	"experimental_data;tabular_data"								
syn11374354	go:0046685	has_biolink:BiologicalProcess	"experimental_data;tabular_data"								
syn11374354	go:0060390	has_biolink:BiologicalProcess	"experimental_data;tabular_data"								
syn11374354	go:0033962	has_biolink:BiologicalProcess	"experimental_data;tabular_data"								
syn11374354	go:2000402	has_biolink:BiologicalProcess	"experimental_data;tabular_data"								
syn11374354	go:0005680	has_biolink:MacromolecularComplexOrProteinFamily	"experimental_data;tabular_data"								
syn11374354	go:0070585	has_biolink:BiologicalProcess	"experimental_data;tabular_data"								
syn11374354	go:0061684	has_biolink:BiologicalProcess	"experimental_data;tabular_data"								
syn11374354	go:0034497	has_biolink:BiologicalProcess	"experimental_data;tabular_data"								
syn11374354	go:0009435	has_biolink:BiologicalProcess	"experimental_data;tabular_data"								
syn11374354	go:0072109	has_biolink:BiologicalProcess	"experimental_data;tabular_data"								
syn11374354	go:0016482	has_biolink:BiologicalProcess	"experimental_data;tabular_data"								
syn11374354	go:0055038	has_biolink:CellularComponent	"experimental_data;tabular_data"								
syn11374354	go:0032677	has_biolink:BiologicalProcess	"experimental_data;tabular_data"								
syn11374354	go:0071236	has_biolink:BiologicalProcess	"experimental_data;tabular_data"								
syn11374354	go:0010801	has_biolink:BiologicalProcess	"experimental_data;tabular_data"								
syn11374354	go:0005581	has_biolink:CellularComponent	"experimental_data;tabular_data"								
syn11374354	go:0008053	has_biolink:BiologicalProcess	"experimental_data;tabular_data"								
syn11374354	go:0060325	has_biolink:BiologicalProcess	"experimental_data;tabular_data"								
syn11374354	go:0070469	has_biolink:CellularComponent	"experimental_data;tabular_data"								
syn11374354	go:0030902	has_biolink:BiologicalProcess	"experimental_data;tabular_data"								
syn11374354	go:0032434	has_biolink:BiologicalProcess	"experimental_data;tabular_data"								
syn11374354	go:0002790	has_biolink:BiologicalProcess	"experimental_data;tabular_data"								
syn11374354	go:0010952	has_biolink:BiologicalProcess	"experimental_data;tabular_data"								
syn11374354	go:0036120	has_biolink:BiologicalProcess	"experimental_data;tabular_data"								
syn11374354	go:0001937	has_biolink:BiologicalProcess	"experimental_data;tabular_data"								
syn11374354	go:1902017	has_biolink:BiologicalProcess	"experimental_data;tabular_data"								
syn11374354	go:0030857	has_biolink:BiologicalProcess	"experimental_data;tabular_data"								
syn11374354	go:0007034	has_biolink:BiologicalProcess	"experimental_data;tabular_data"								
syn11374354	go:0000287	has_biolink:BiologicalProcess	"experimental_data;tabular_data"								
syn11374354	go:0002699	has_biolink:BiologicalProcess	"experimental_data;tabular_data"								
syn11374354	go:0090382	has_biolink:BiologicalProcess	"experimental_data;tabular_data"								
syn11374354	go:0042407	has_biolink:BiologicalProcess	"experimental_data;tabular_data"								
syn11374354	go:0010828	has_biolink:BiologicalProcess	"experimental_data;tabular_data"								
syn11374354	go:0032757	has_biolink:BiologicalProcess	"experimental_data;tabular_data"								
syn11374354	go:0022904	has_biolink:BiologicalProcess	"experimental_data;tabular_data"								
syn11374354	go:0040037	has_biolink:BiologicalProcess	"experimental_data;tabular_data"								
syn11374354	go:0043903	has_biolink:BiologicalProcess	"experimental_data;tabular_data"								
syn11374354	go:0045773	has_biolink:BiologicalProcess	"experimental_data;tabular_data"								
syn11374354	go:0005814	has_biolink:CellularComponent	"experimental_data;tabular_data"								
syn11374354	go:0051787	has_biolink:BiologicalProcess	"experimental_data;tabular_data"								
syn11374354	go:0032088	has_biolink:BiologicalProcess	"experimental_data;tabular_data"								
syn11374354	go:0060711	has_biolink:BiologicalProcess	"experimental_data;tabular_data"								
syn11374354	go:0033143	has_biolink:BiologicalProcess	"experimental_data;tabular_data"								
syn11374354	go:0070382	has_biolink:CellularComponent	"experimental_data;tabular_data"								
syn11374354	go:0032373	has_biolink:BiologicalProcess	"experimental_data;tabular_data"								
syn11374354	go:0032376	has_biolink:BiologicalProcess	"experimental_data;tabular_data"								
syn11374354	go:1990000	has_biolink:BiologicalProcess	"experimental_data;tabular_data"								
syn11374354	chebi:22563	has_biolink:SmallMolecule	"experimental_data;tabular_data"								
syn11374354	go:0015932	has_biolink:BiologicalProcess	"experimental_data;tabular_data"								
syn11374354	go:0039535	has_biolink:BiologicalProcess	"experimental_data;tabular_data"								
syn11374354	go:1902170	has_biolink:BiologicalProcess	"experimental_data;tabular_data"								
syn11374354	go:0097718	has_biolink:BiologicalProcess	"experimental_data;tabular_data"								
syn11374354	go:0019674	has_biolink:BiologicalProcess	"experimental_data;tabular_data"								
syn11374354	go:0031440	has_biolink:BiologicalProcess	"experimental_data;tabular_data"								
syn11374354	go:0061307	has_biolink:BiologicalProcess	"experimental_data;tabular_data"								
syn11374354	go:0061308	has_biolink:BiologicalProcess	"experimental_data;tabular_data"								
syn11374354	go:0009306	has_biolink:BiologicalProcess	"experimental_data;tabular_data"								
syn11374354	go:0003341	has_biolink:BiologicalProcess	"experimental_data;tabular_data"								
syn11374354	go:0046514	has_biolink:BiologicalProcess	"experimental_data;tabular_data"								
syn11374354	go:0021535	has_biolink:BiologicalProcess	"experimental_data;tabular_data"								
syn11374354	go:0005769	has_biolink:CellularComponent	"experimental_data;tabular_data"								
syn11374354	go:0010573	has_biolink:BiologicalProcess	"experimental_data;tabular_data"								
syn11374354	go:0062012	has_biolink:BiologicalProcess	"experimental_data;tabular_data"								
syn11374354	go:0019001	has_biolink:BiologicalProcess	"experimental_data;tabular_data"								
syn11374354	go:0032561	has_biolink:BiologicalProcess	"experimental_data;tabular_data"								
syn11374354	go:0098800	has_biolink:MacromolecularComplexOrProteinFamily	"experimental_data;tabular_data"								
syn11374354	go:0032456	has_biolink:BiologicalProcess	"experimental_data;tabular_data"								
syn11374354	go:1902036	has_biolink:BiologicalProcess	"experimental_data;tabular_data"								
syn11374354	go:0005684	has_biolink:MacromolecularComplexOrProteinFamily	"experimental_data;tabular_data"								
syn11374354	go:0071675	has_biolink:BiologicalProcess	"experimental_data;tabular_data"								
syn11374354	go:0045724	has_biolink:BiologicalProcess	"experimental_data;tabular_data"								
syn11374354	mesh:D000094282	has_biolink:GrossAnatomicalStructure	"experimental_data;tabular_data"								
syn11374354	go:0021884	has_biolink:BiologicalProcess	"experimental_data;tabular_data"								
syn11374354	go:0090311	has_biolink:BiologicalProcess	"experimental_data;tabular_data"								
syn11374354	go:0004553	has_biolink:BiologicalProcess	"experimental_data;tabular_data"								
syn11374354	go:0051642	has_biolink:BiologicalProcess	"experimental_data;tabular_data"								
syn11374354	go:0030145	has_biolink:BiologicalProcess	"experimental_data;tabular_data"								
syn11374354	go:0044320	has_biolink:BiologicalProcess	"experimental_data;tabular_data"								
syn11374354	go:0002283	has_biolink:BiologicalProcess	"experimental_data;tabular_data"								
syn11374354	go:0002718	has_biolink:BiologicalProcess	"experimental_data;tabular_data"								
syn11374354	go:0051139	has_biolink:BiologicalProcess	"experimental_data;tabular_data"								
syn11374354	go:0019003	has_biolink:BiologicalProcess	"experimental_data;tabular_data"								
syn11374354	go:0072583	has_biolink:BiologicalProcess	"experimental_data;tabular_data"								
syn11374354	go:0010959	has_biolink:BiologicalProcess	"experimental_data;tabular_data"								
syn11374354	go:0045620	has_biolink:BiologicalProcess	"experimental_data;tabular_data"								
syn11374354	go:0040014	has_biolink:BiologicalProcess	"experimental_data;tabular_data"								
syn11374354	go:0090042	has_biolink:BiologicalProcess	"experimental_data;tabular_data"								
syn11374354	go:1903018	has_biolink:BiologicalProcess	"experimental_data;tabular_data"								
syn11374354	go:0044183	has_biolink:BiologicalProcess	"experimental_data;tabular_data"								
syn11374354	go:0070374	has_biolink:BiologicalProcess	"experimental_data;tabular_data"								
syn11374354	go:0046488	has_biolink:BiologicalProcess	"experimental_data;tabular_data"								
syn11374354	go:0042113	has_biolink:BiologicalProcess	"experimental_data;tabular_data"								
syn11374354	go:0070199	has_biolink:BiologicalProcess	"experimental_data;tabular_data"								
syn11374354	go:0050912	has_biolink:BiologicalProcess	"experimental_data;tabular_data"								
syn11374354	go:0016024	has_biolink:BiologicalProcess	"experimental_data;tabular_data"								
syn11374354	go:1902235	has_biolink:BiologicalProcess	"experimental_data;tabular_data"								
syn11374354	go:0032486	has_biolink:BiologicalProcess	"experimental_data;tabular_data"								
syn11374354	go:0046943	has_biolink:BiologicalProcess	"experimental_data;tabular_data"								
syn11374354	go:0030518	has_biolink:BiologicalProcess	"experimental_data;tabular_data"								
syn11374354	go:0046040	has_biolink:BiologicalProcess	"experimental_data;tabular_data"								
syn11374354	go:0001671	has_biolink:BiologicalProcess	"experimental_data;tabular_data"								
syn11374354	go:0061081	has_biolink:BiologicalProcess	"experimental_data;tabular_data"								
syn11374354	go:0008375	has_biolink:BiologicalProcess	"experimental_data;tabular_data"								
syn11374354	go:0016081	has_biolink:BiologicalProcess	"experimental_data;tabular_data"								
syn11374354	go:0006810	has_biolink:BiologicalProcess	"experimental_data;tabular_data"								
syn11374354	go:0051438	has_biolink:BiologicalProcess	"experimental_data;tabular_data"								
syn11374354	go:0030990	has_biolink:CellularComponent	"experimental_data;tabular_data"								
syn11374354	go:0044819	has_biolink:BiologicalProcess	"experimental_data;tabular_data"								
syn11374354	go:1905039	has_biolink:BiologicalProcess	"experimental_data;tabular_data"								
syn11374354	go:0045335	has_biolink:CellularComponent	"experimental_data;tabular_data"								
syn11374354	go:0045601	has_biolink:BiologicalProcess	"experimental_data;tabular_data"								
syn11374354	go:0034390	has_biolink:BiologicalProcess	"experimental_data;tabular_data"								
syn11374354	go:0034391	has_biolink:BiologicalProcess	"experimental_data;tabular_data"								
syn11374354	go:0046466	has_biolink:BiologicalProcess	"experimental_data;tabular_data"								
syn11374354	chebi:24636	has_biolink:SmallMolecule	"experimental_data;tabular_data"								
syn11374354	go:0031392	has_biolink:BiologicalProcess	"experimental_data;tabular_data"								
syn11374354	go:1902548	has_biolink:BiologicalProcess	"experimental_data;tabular_data"								
syn11374354	go:0006783	has_biolink:BiologicalProcess	"experimental_data;tabular_data"								
syn11374354	go:2000116	has_biolink:BiologicalProcess	"experimental_data;tabular_data"								
syn11374354	go:1903825	has_biolink:BiologicalProcess	"experimental_data;tabular_data"								
syn11374354	go:0048103	has_biolink:BiologicalProcess	"experimental_data;tabular_data"								
syn11374354	go:0070099	has_biolink:BiologicalProcess	"experimental_data;tabular_data"								
syn11374354	go:0016798	has_biolink:BiologicalProcess	"experimental_data;tabular_data"								
syn11374354	go:1902894	has_biolink:BiologicalProcess	"experimental_data;tabular_data"								
syn11374354	go:0045944	has_biolink:BiologicalProcess	"experimental_data;tabular_data"								
syn11374354	go:0072686	has_biolink:CellularComponent	"experimental_data;tabular_data"								
syn11374354	go:2000379	has_biolink:BiologicalProcess	"experimental_data;tabular_data"								
syn11374354	go:0009127	has_biolink:BiologicalProcess	"experimental_data;tabular_data"								
syn11374354	go:1902369	has_biolink:BiologicalProcess	"experimental_data;tabular_data"								
syn11374354	go:1901532	has_biolink:BiologicalProcess	"experimental_data;tabular_data"								
syn11374354	go:0000062	has_biolink:BiologicalProcess	"experimental_data;tabular_data"								
syn11374354	go:0055117	has_biolink:BiologicalProcess	"experimental_data;tabular_data"								
syn11374354	go:0030225	has_biolink:BiologicalProcess	"experimental_data;tabular_data"								
syn11374354	go:0042092	has_biolink:BiologicalProcess	"experimental_data;tabular_data"								
syn11374354	go:0072655	has_biolink:BiologicalProcess	"experimental_data;tabular_data"								
syn11374354	go:0002244	has_biolink:BiologicalProcess	"experimental_data;tabular_data"								
syn11374354	go:0051770	has_biolink:BiologicalProcess	"experimental_data;tabular_data"								
syn11374354	go:0030641	has_biolink:BiologicalProcess	"experimental_data;tabular_data"								
syn11374354	go:0032495	has_biolink:BiologicalProcess	"experimental_data;tabular_data"								
syn11374354	go:0008514	has_biolink:BiologicalProcess	"experimental_data;tabular_data"								
syn11374354	go:0032675	has_biolink:BiologicalProcess	"experimental_data;tabular_data"								
syn11374354	go:0031941	has_biolink:CellularComponent	"experimental_data;tabular_data"								
syn11374354	go:0046337	has_biolink:BiologicalProcess	"experimental_data;tabular_data"								
syn11374354	go:0030119	has_biolink:MacromolecularComplexOrProteinFamily	"experimental_data;tabular_data"								
syn11374354	go:0051225	has_biolink:BiologicalProcess	"experimental_data;tabular_data"								
syn11374354	go:0071354	has_biolink:BiologicalProcess	"experimental_data;tabular_data"								
syn11374354	go:1903532	has_biolink:BiologicalProcess	"experimental_data;tabular_data"								
syn11374354	go:0030879	has_biolink:BiologicalProcess	"experimental_data;tabular_data"								
syn11374354	go:0034976	has_biolink:BiologicalProcess	"experimental_data;tabular_data"								
syn11374354	go:0010743	has_biolink:BiologicalProcess	"experimental_data;tabular_data"								
syn11374354	go:0070888	has_biolink:BiologicalProcess	"experimental_data;tabular_data"								
syn11374354	go:0140030	has_biolink:BiologicalProcess	"experimental_data;tabular_data"								
syn11374354	go:0031112	has_biolink:BiologicalProcess	"experimental_data;tabular_data"								
syn11374354	go:0031016	has_biolink:BiologicalProcess	"experimental_data;tabular_data"								
syn11374354	go:0007084	has_biolink:BiologicalProcess	"experimental_data;tabular_data"								
syn11374354	go:0051028	has_biolink:BiologicalProcess	"experimental_data;tabular_data"								
syn11374354	go:0004725	has_biolink:BiologicalProcess	"experimental_data;tabular_data"								
syn11374354	go:0009167	has_biolink:BiologicalProcess	"experimental_data;tabular_data"								
syn11374354	go:0006853	has_biolink:BiologicalProcess	"experimental_data;tabular_data"								
syn11374354	go:0050856	has_biolink:BiologicalProcess	"experimental_data;tabular_data"								
syn11374354	go:0048156	has_biolink:BiologicalProcess	"experimental_data;tabular_data"								
syn11374354	go:0070317	has_biolink:BiologicalProcess	"experimental_data;tabular_data"								
syn11374354	go:0007250	has_biolink:BiologicalProcess	"experimental_data;tabular_data"								
syn11374354	go:0048592	has_biolink:BiologicalProcess	"experimental_data;tabular_data"								
syn11374354	go:2000114	has_biolink:BiologicalProcess	"experimental_data;tabular_data"								
syn11374354	go:0008170	has_biolink:BiologicalProcess	"experimental_data;tabular_data"								
syn11374354	go:0061001	has_biolink:BiologicalProcess	"experimental_data;tabular_data"								
syn11374354	go:0004713	has_biolink:BiologicalProcess	"experimental_data;tabular_data"								
syn11374354	go:0042773	has_biolink:BiologicalProcess	"experimental_data;tabular_data"								
syn11374354	go:0000974	has_biolink:MacromolecularComplexOrProteinFamily	"experimental_data;tabular_data"								
syn11374354	go:2000209	has_biolink:BiologicalProcess	"experimental_data;tabular_data"								
syn11374354	go:0097104	has_biolink:BiologicalProcess	"experimental_data;tabular_data"								
syn11374354	go:0002686	has_biolink:BiologicalProcess	"experimental_data;tabular_data"								
syn11374354	go:0030183	has_biolink:BiologicalProcess	"experimental_data;tabular_data"								
syn11374354	go:0051881	has_biolink:BiologicalProcess	"experimental_data;tabular_data"								
syn11374354	go:0034504	has_biolink:BiologicalProcess	"experimental_data;tabular_data"								
syn11374354	go:0043395	has_biolink:BiologicalProcess	"experimental_data;tabular_data"								
syn11374354	go:0044827	has_biolink:BiologicalProcess	"experimental_data;tabular_data"								
syn11374354	go:0005132	has_biolink:BiologicalProcess	"experimental_data;tabular_data"								
syn11374354	go:0001657	has_biolink:BiologicalProcess	"experimental_data;tabular_data"								
syn11374354	go:0060512	has_biolink:BiologicalProcess	"experimental_data;tabular_data"								
syn11374354	go:0060443	has_biolink:BiologicalProcess	"experimental_data;tabular_data"								
syn11374354	go:0070016	has_biolink:BiologicalProcess	"experimental_data;tabular_data"								
syn11374354	go:0002819	has_biolink:BiologicalProcess	"experimental_data;tabular_data"								
syn11374354	go:0006506	has_biolink:BiologicalProcess	"experimental_data;tabular_data"								
syn11374354	go:0031902	has_biolink:CellularComponent	"experimental_data;tabular_data"								
syn11374354	go:0019627	has_biolink:BiologicalProcess	"experimental_data;tabular_data"								
syn11374354	go:0071941	has_biolink:BiologicalProcess	"experimental_data;tabular_data"								
syn11374354	go:0005342	has_biolink:BiologicalProcess	"experimental_data;tabular_data"								
syn11374354	go:0006081	has_biolink:BiologicalProcess	"experimental_data;tabular_data"								
syn11374354	go:0098885	has_biolink:BiologicalProcess	"experimental_data;tabular_data"								
syn11374354	go:0006308	has_biolink:BiologicalProcess	"experimental_data;tabular_data"								
syn11374354	go:1903019	has_biolink:BiologicalProcess	"experimental_data;tabular_data"								
syn11374354	go:0005849	has_biolink:MacromolecularComplexOrProteinFamily	"experimental_data;tabular_data"								
syn11374354	go:0016229	has_biolink:BiologicalProcess	"experimental_data;tabular_data"								
syn11374354	go:0032963	has_biolink:BiologicalProcess	"experimental_data;tabular_data"								
syn11374354	go:0071277	has_biolink:BiologicalProcess	"experimental_data;tabular_data"								
syn11374354	go:0071203	has_biolink:MacromolecularComplexOrProteinFamily	"experimental_data;tabular_data"								
syn11374354	go:0034502	has_biolink:BiologicalProcess	"experimental_data;tabular_data"								
syn11374354	go:0005996	has_biolink:BiologicalProcess	"experimental_data;tabular_data"								
syn11374354	go:0014741	has_biolink:BiologicalProcess	"experimental_data;tabular_data"								
syn11374354	go:0016233	has_biolink:BiologicalProcess	"experimental_data;tabular_data"								
syn11374354	go:0060037	has_biolink:BiologicalProcess	"experimental_data;tabular_data"								
syn11374354	go:0016866	has_biolink:BiologicalProcess	"experimental_data;tabular_data"								
syn11374354	go:0006904	has_biolink:BiologicalProcess	"experimental_data;tabular_data"								
syn11374354	go:1903432	has_biolink:BiologicalProcess	"experimental_data;tabular_data"								
syn11374354	go:0010761	has_biolink:BiologicalProcess	"experimental_data;tabular_data"								
syn11374354	go:0006740	has_biolink:BiologicalProcess	"experimental_data;tabular_data"								
syn11374354	go:0005746	has_biolink:CellularComponent	"experimental_data;tabular_data"								
syn11374354	go:0051453	has_biolink:BiologicalProcess	"experimental_data;tabular_data"								
syn11374354	go:0036490	has_biolink:BiologicalProcess	"experimental_data;tabular_data"								
syn11374354	go:0098935	has_biolink:BiologicalProcess	"experimental_data;tabular_data"								
syn11374354	go:0021799	has_biolink:BiologicalProcess	"experimental_data;tabular_data"								
syn11374354	go:0033135	has_biolink:BiologicalProcess	"experimental_data;tabular_data"								
syn11374354	go:0050792	has_biolink:BiologicalProcess	"experimental_data;tabular_data"								
syn11374354	go:0010498	has_biolink:BiologicalProcess	"experimental_data;tabular_data"								
syn11374354	go:0006289	has_biolink:BiologicalProcess	"experimental_data;tabular_data"								
syn11374354	go:0061000	has_biolink:BiologicalProcess	"experimental_data;tabular_data"								
syn11374354	go:2000810	has_biolink:BiologicalProcess	"experimental_data;tabular_data"								
syn11374354	go:0030968	has_biolink:BiologicalProcess	"experimental_data;tabular_data"								
syn11374354	go:0031018	has_biolink:BiologicalProcess	"experimental_data;tabular_data"								
syn11374354	go:0033572	has_biolink:BiologicalProcess	"experimental_data;tabular_data"								
syn11374354	go:0080008	has_biolink:MacromolecularComplexOrProteinFamily	"experimental_data;tabular_data"								
syn11374354	go:0042790	has_biolink:BiologicalProcess	"experimental_data;tabular_data"								
syn11374354	go:0035860	has_biolink:BiologicalProcess	"experimental_data;tabular_data"								
syn11374354	go:0007223	has_biolink:BiologicalProcess	"experimental_data;tabular_data"								
syn11374354	go:0061351	has_biolink:BiologicalProcess	"experimental_data;tabular_data"								
syn11374354	go:0007431	has_biolink:BiologicalProcess	"experimental_data;tabular_data"								
syn11374354	go:0007006	has_biolink:BiologicalProcess	"experimental_data;tabular_data"								
syn11374354	go:1900006	has_biolink:BiologicalProcess	"experimental_data;tabular_data"								
syn11374354	go:1901657	has_biolink:BiologicalProcess	"experimental_data;tabular_data"								
syn11374354	go:0031274	has_biolink:BiologicalProcess	"experimental_data;tabular_data"								
syn11374354	go:0046686	has_biolink:BiologicalProcess	"experimental_data;tabular_data"								
syn11374354	go:0009897	has_biolink:CellularComponent	"experimental_data;tabular_data"								
syn11374354	go:0036303	has_biolink:BiologicalProcess	"experimental_data;tabular_data"								
syn11374354	go:1902547	has_biolink:BiologicalProcess	"experimental_data;tabular_data"								
syn11374354	go:0033290	has_biolink:MacromolecularComplexOrProteinFamily	"experimental_data;tabular_data"								
syn11374354	go:0061842	has_biolink:BiologicalProcess	"experimental_data;tabular_data"								
syn11374354	go:0010821	has_biolink:BiologicalProcess	"experimental_data;tabular_data"								
syn11374354	go:0016363	has_biolink:CellularComponent	"experimental_data;tabular_data"								
syn11374354	go:0071349	has_biolink:BiologicalProcess	"experimental_data;tabular_data"								
syn11374354	fplx:RAB	has_biolink:MacromolecularComplexOrProteinFamily	"experimental_data;tabular_data"								
syn11374354	go:0002478	has_biolink:BiologicalProcess	"experimental_data;tabular_data"								
syn11374354	go:0097542	has_biolink:CellularComponent	"experimental_data;tabular_data"								
syn11374354	mesh:D006859	has_biolink:SmallMolecule	"experimental_data;tabular_data"								
syn11374354	go:0021846	has_biolink:BiologicalProcess	"experimental_data;tabular_data"								
syn11374354	go:0000075	has_biolink:BiologicalProcess	"experimental_data;tabular_data"								
syn11374354	go:0046621	has_biolink:BiologicalProcess	"experimental_data;tabular_data"								
syn11374354	go:0046777	has_biolink:BiologicalProcess	"experimental_data;tabular_data"								
syn11374354	chebi:139356	has_biolink:SmallMolecule	"experimental_data;tabular_data"								
syn11374354	go:0016273	has_biolink:BiologicalProcess	"experimental_data;tabular_data"								
syn11374354	go:0016274	has_biolink:BiologicalProcess	"experimental_data;tabular_data"								
syn11374354	go:0035246	has_biolink:BiologicalProcess	"experimental_data;tabular_data"								
syn11374354	chebi:15532	has_biolink:SmallMolecule	"experimental_data;tabular_data"								
syn11374354	go:1900242	has_biolink:BiologicalProcess	"experimental_data;tabular_data"								
syn11374354	go:0006925	has_biolink:BiologicalProcess	"experimental_data;tabular_data"								
syn11374354	go:0031348	has_biolink:BiologicalProcess	"experimental_data;tabular_data"								
syn11374354	go:0034333	has_biolink:BiologicalProcess	"experimental_data;tabular_data"								
syn11374354	go:0071692	has_biolink:BiologicalProcess	"experimental_data;tabular_data"								
syn11374354	go:0021575	has_biolink:BiologicalProcess	"experimental_data;tabular_data"								
syn11374354	go:0055022	has_biolink:BiologicalProcess	"experimental_data;tabular_data"								
syn11374354	go:0061117	has_biolink:BiologicalProcess	"experimental_data;tabular_data"								
syn11374354	go:0006488	has_biolink:BiologicalProcess	"experimental_data;tabular_data"								
syn11374354	go:0060271	has_biolink:BiologicalProcess	"experimental_data;tabular_data"								
syn11374354	go:0110154	has_biolink:BiologicalProcess	"experimental_data;tabular_data"								
syn11374354	go:0110156	has_biolink:BiologicalProcess	"experimental_data;tabular_data"								
syn11374354	go:0060323	has_biolink:BiologicalProcess	"experimental_data;tabular_data"								
syn11374354	go:0001539	has_biolink:BiologicalProcess	"experimental_data;tabular_data"								
syn11374354	go:0060285	has_biolink:BiologicalProcess	"experimental_data;tabular_data"								
syn11374354	go:0051059	has_biolink:BiologicalProcess	"experimental_data;tabular_data"								
syn11374354	go:0032637	has_biolink:BiologicalProcess	"experimental_data;tabular_data"								
syn11374354	go:0032656	has_biolink:BiologicalProcess	"experimental_data;tabular_data"								
syn11374354	go:0050926	has_biolink:BiologicalProcess	"experimental_data;tabular_data"								
syn11374354	go:0060343	has_biolink:BiologicalProcess	"experimental_data;tabular_data"								
syn11374354	go:1904861	has_biolink:BiologicalProcess	"experimental_data;tabular_data"								
syn11374354	go:0006487	has_biolink:BiologicalProcess	"experimental_data;tabular_data"								
syn11374354	go:0030858	has_biolink:BiologicalProcess	"experimental_data;tabular_data"								
syn11374354	go:0004520	has_biolink:BiologicalProcess	"experimental_data;tabular_data"								
syn11374354	go:0043558	has_biolink:BiologicalProcess	"experimental_data;tabular_data"								
syn11374354	go:0060251	has_biolink:BiologicalProcess	"experimental_data;tabular_data"								
syn11374354	go:0035384	has_biolink:BiologicalProcess	"experimental_data;tabular_data"								
syn11374354	go:0071616	has_biolink:BiologicalProcess	"experimental_data;tabular_data"								
syn11374354	go:0042147	has_biolink:BiologicalProcess	"experimental_data;tabular_data"								
syn11374354	go:0072080	has_biolink:BiologicalProcess	"experimental_data;tabular_data"								
syn11374354	go:0034349	has_biolink:BiologicalProcess	"experimental_data;tabular_data"								
syn11374354	go:1903428	has_biolink:BiologicalProcess	"experimental_data;tabular_data"								
syn11374354	go:0070461	has_biolink:MacromolecularComplexOrProteinFamily	"experimental_data;tabular_data"								
syn11374354	go:0031124	has_biolink:BiologicalProcess	"experimental_data;tabular_data"								
syn11374354	go:0042625	has_biolink:BiologicalProcess	"experimental_data;tabular_data"								
syn11374354	go:0046961	has_biolink:BiologicalProcess	"experimental_data;tabular_data"								
syn11374354	go:0046794	has_biolink:BiologicalProcess	"experimental_data;tabular_data"								
syn11374354	go:0005158	has_biolink:BiologicalProcess	"experimental_data;tabular_data"								
syn11374354	go:0005520	has_biolink:BiologicalProcess	"experimental_data;tabular_data"								
syn11374354	go:1903306	has_biolink:BiologicalProcess	"experimental_data;tabular_data"								
syn11374354	go:0031397	has_biolink:BiologicalProcess	"experimental_data;tabular_data"								
syn11374354	go:0045648	has_biolink:BiologicalProcess	"experimental_data;tabular_data"								
syn11374354	go:0002285	has_biolink:BiologicalProcess	"experimental_data;tabular_data"								
syn11374354	go:0019229	has_biolink:BiologicalProcess	"experimental_data;tabular_data"								
syn11374354	go:0005975	has_biolink:BiologicalProcess	"experimental_data;tabular_data"								
syn11374354	go:0150078	has_biolink:BiologicalProcess	"experimental_data;tabular_data"								
syn11374354	go:0060765	has_biolink:BiologicalProcess	"experimental_data;tabular_data"								
syn11374354	go:0008330	has_biolink:BiologicalProcess	"experimental_data;tabular_data"								
syn11374354	go:0009156	has_biolink:BiologicalProcess	"experimental_data;tabular_data"								
syn11374354	go:0007405	has_biolink:BiologicalProcess	"experimental_data;tabular_data"								
syn11374354	go:0051117	has_biolink:BiologicalProcess	"experimental_data;tabular_data"								
syn11374354	go:0034405	has_biolink:BiologicalProcess	"experimental_data;tabular_data"								
syn11374354	go:1902745	has_biolink:BiologicalProcess	"experimental_data;tabular_data"								
syn11374354	go:0009142	has_biolink:BiologicalProcess	"experimental_data;tabular_data"								
syn11374354	go:0070979	has_biolink:BiologicalProcess	"experimental_data;tabular_data"								
syn11374354	go:0033178	has_biolink:MacromolecularComplexOrProteinFamily	"experimental_data;tabular_data"								
syn11374354	go:0004709	has_biolink:BiologicalProcess	"experimental_data;tabular_data"								
syn11374354	go:0004526	has_biolink:BiologicalProcess	"experimental_data;tabular_data"								
syn11374354	go:0016634	has_biolink:BiologicalProcess	"experimental_data;tabular_data"								
syn11374354	go:0030681	has_biolink:MacromolecularComplexOrProteinFamily	"experimental_data;tabular_data"								
syn11374354	go:0033204	has_biolink:BiologicalProcess	"experimental_data;tabular_data"								
syn11374354	go:0046501	has_biolink:BiologicalProcess	"experimental_data;tabular_data"								
syn11374354	go:0016239	has_biolink:BiologicalProcess	"experimental_data;tabular_data"								
syn11374354	go:0030163	has_biolink:BiologicalProcess	"experimental_data;tabular_data"								
syn11374354	mesh:D010170	has_biolink:GeneOrGeneProduct	"experimental_data;tabular_data"								
syn11374354	go:0046835	has_biolink:BiologicalProcess	"experimental_data;tabular_data"								
syn11374354	go:0006119	has_biolink:BiologicalProcess	"experimental_data;tabular_data"								
syn11374354	go:0046822	has_biolink:BiologicalProcess	"experimental_data;tabular_data"								
syn11374354	go:0016645	has_biolink:BiologicalProcess	"experimental_data;tabular_data"								
syn11374354	go:0050779	has_biolink:BiologicalProcess	"experimental_data;tabular_data"								
syn11374354	go:0032153	has_biolink:CellularComponent	"experimental_data;tabular_data"								
syn11374354	go:0046033	has_biolink:BiologicalProcess	"experimental_data;tabular_data"								
syn11374354	go:0030371	has_biolink:BiologicalProcess	"experimental_data;tabular_data"								
syn11374354	go:0015919	has_biolink:BiologicalProcess	"experimental_data;tabular_data"								
syn11374354	go:0045429	has_biolink:BiologicalProcess	"experimental_data;tabular_data"								
syn11374354	go:0002931	has_biolink:BiologicalProcess	"experimental_data;tabular_data"								
syn11374354	go:0051150	has_biolink:BiologicalProcess	"experimental_data;tabular_data"								
syn11374354	go:0090075	has_biolink:BiologicalProcess	"experimental_data;tabular_data"								
syn11374354	go:0031330	has_biolink:BiologicalProcess	"experimental_data;tabular_data"								
syn11374354	go:0005484	has_biolink:BiologicalProcess	"experimental_data;tabular_data"								
syn11374354	go:0016881	has_biolink:BiologicalProcess	"experimental_data;tabular_data"								
syn11374354	go:0048262	has_biolink:BiologicalProcess	"experimental_data;tabular_data"								
syn11374354	go:0030686	has_biolink:CellularComponent	"experimental_data;tabular_data"								
syn11374354	go:0005778	has_biolink:CellularComponent	"experimental_data;tabular_data"								
syn11374354	go:0031903	has_biolink:CellularComponent	"experimental_data;tabular_data"								
syn11374354	go:0043021	has_biolink:BiologicalProcess	"experimental_data;tabular_data"								
syn11374354	go:0002367	has_biolink:BiologicalProcess	"experimental_data;tabular_data"								
syn11374354	go:0030496	has_biolink:CellularComponent	"experimental_data;tabular_data"								
syn11374354	go:0071359	has_biolink:BiologicalProcess	"experimental_data;tabular_data"								
syn11374354	go:0061005	has_biolink:BiologicalProcess	"experimental_data;tabular_data"								
syn11374354	go:0003334	has_biolink:BiologicalProcess	"experimental_data;tabular_data"								
syn11374354	go:2001198	has_biolink:BiologicalProcess	"experimental_data;tabular_data"								
syn11374354	go:0150065	has_biolink:BiologicalProcess	"experimental_data;tabular_data"								
syn11374354	go:0009055	has_biolink:BiologicalProcess	"experimental_data;tabular_data"								
syn11374354	go:0043236	has_biolink:BiologicalProcess	"experimental_data;tabular_data"								
syn11374354	go:0021762	has_biolink:BiologicalProcess	"experimental_data;tabular_data"								
syn11374354	go:0003215	has_biolink:BiologicalProcess	"experimental_data;tabular_data"								
syn11374354	go:0009678	has_biolink:BiologicalProcess	"experimental_data;tabular_data"								
syn11374354	go:0006063	has_biolink:BiologicalProcess	"experimental_data;tabular_data"								
syn11374354	go:0019585	has_biolink:BiologicalProcess	"experimental_data;tabular_data"								
syn11374354	go:0043312	has_biolink:BiologicalProcess	"experimental_data;tabular_data"								
syn11374354	go:0035497	has_biolink:BiologicalProcess	"experimental_data;tabular_data"								
syn11374354	go:0060090	has_biolink:BiologicalProcess	"experimental_data;tabular_data"								
syn11374354	go:0005518	has_biolink:BiologicalProcess	"experimental_data;tabular_data"								
syn11374354	go:0060216	has_biolink:BiologicalProcess	"experimental_data;tabular_data"								
syn11374354	go:0051293	has_biolink:BiologicalProcess	"experimental_data;tabular_data"								
syn11374354	go:2000514	has_biolink:BiologicalProcess	"experimental_data;tabular_data"								
syn11374354	go:0006909	has_biolink:BiologicalProcess	"experimental_data;tabular_data"								
syn11374354	go:1902175	has_biolink:BiologicalProcess	"experimental_data;tabular_data"								
syn11374354	go:0060669	has_biolink:BiologicalProcess	"experimental_data;tabular_data"								
syn11374354	go:1902018	has_biolink:BiologicalProcess	"experimental_data;tabular_data"								
syn11374354	go:0006858	has_biolink:BiologicalProcess	"experimental_data;tabular_data"								
syn11374354	go:0050650	has_biolink:BiologicalProcess	"experimental_data;tabular_data"								
syn11374354	go:0051651	has_biolink:BiologicalProcess	"experimental_data;tabular_data"								
syn11374354	go:0045814	has_biolink:BiologicalProcess	"experimental_data;tabular_data"								
syn11374354	go:0043462	has_biolink:BiologicalProcess	"experimental_data;tabular_data"								
syn11374354	go:0035710	has_biolink:BiologicalProcess	"experimental_data;tabular_data"								
syn11374354	go:0034356	has_biolink:BiologicalProcess	"experimental_data;tabular_data"								
syn11374354	go:1903779	has_biolink:BiologicalProcess	"experimental_data;tabular_data"								
syn11374354	go:0003954	has_biolink:BiologicalProcess	"experimental_data;tabular_data"								
syn11374354	go:0005747	has_biolink:MacromolecularComplexOrProteinFamily	"experimental_data;tabular_data"								
syn11374354	go:0005758	has_biolink:CellularComponent	"experimental_data;tabular_data"								
syn11374354	go:0006120	has_biolink:BiologicalProcess	"experimental_data;tabular_data"								
syn11374354	go:0006260	has_biolink:BiologicalProcess	"experimental_data;tabular_data"								
syn11374354	go:0006261	has_biolink:BiologicalProcess	"experimental_data;tabular_data"								
syn11374354	go:0006310	has_biolink:BiologicalProcess	"experimental_data;tabular_data"								
syn11374354	go:0007059	has_biolink:BiologicalProcess	"experimental_data;tabular_data"								
syn11374354	go:0007091	has_biolink:BiologicalProcess	"experimental_data;tabular_data"								
syn11374354	go:0008137	has_biolink:BiologicalProcess	"experimental_data;tabular_data"								
syn11374354	go:0006325	has_biolink:BiologicalProcess	"experimental_data;tabular_data"								
syn11374354	go:0016651	has_biolink:BiologicalProcess	"experimental_data;tabular_data"								
syn11374354	go:0016655	has_biolink:BiologicalProcess	"experimental_data;tabular_data"								
syn11374354	go:0030071	has_biolink:BiologicalProcess	"experimental_data;tabular_data"								
syn11374354	go:0030964	has_biolink:MacromolecularComplexOrProteinFamily	"experimental_data;tabular_data"								
syn11374354	go:0031970	has_biolink:CellularComponent	"experimental_data;tabular_data"								
syn11374354	go:0042775	has_biolink:BiologicalProcess	"experimental_data;tabular_data"								
syn11374354	go:0045271	has_biolink:MacromolecularComplexOrProteinFamily	"experimental_data;tabular_data"								
syn11374354	go:0050136	has_biolink:BiologicalProcess	"experimental_data;tabular_data"								
syn11374354	go:0051304	has_biolink:BiologicalProcess	"experimental_data;tabular_data"								
syn11374354	go:0098803	has_biolink:MacromolecularComplexOrProteinFamily	"experimental_data;tabular_data"								
syn11374354	go:0098813	has_biolink:BiologicalProcess	"experimental_data;tabular_data"								
syn11374354	go:1902099	has_biolink:BiologicalProcess	"experimental_data;tabular_data"								
syn11374354	go:1990204	has_biolink:MacromolecularComplexOrProteinFamily	"experimental_data;tabular_data"								
syn11374354	go:0140014	has_biolink:BiologicalProcess	"experimental_data;tabular_data"								
syn11374354	go:0000070	has_biolink:BiologicalProcess	"experimental_data;tabular_data"								
syn11374354	go:0010965	has_biolink:BiologicalProcess	"experimental_data;tabular_data"								
syn11374354	go:0051306	has_biolink:BiologicalProcess	"experimental_data;tabular_data"								
syn11374354	go:0044784	has_biolink:BiologicalProcess	"experimental_data;tabular_data"								
syn11374354	go:0009141	has_biolink:BiologicalProcess	"experimental_data;tabular_data"								
syn11374354	go:1902275	has_biolink:BiologicalProcess	"experimental_data;tabular_data"								
syn11374354	fplx:Kinetochore	has_biolink:MacromolecularComplexOrProteinFamily	"experimental_data;tabular_data"								
syn11374354	go:0000819	has_biolink:BiologicalProcess	"experimental_data;tabular_data"								
syn11374354	go:0000779	has_biolink:CellularComponent	"experimental_data;tabular_data"								
syn11374354	go:0098687	has_biolink:CellularComponent	"experimental_data;tabular_data"								
syn11374354	go:0000725	has_biolink:BiologicalProcess	"experimental_data;tabular_data"								
syn11374354	go:0000776	has_biolink:CellularComponent	"experimental_data;tabular_data"								
syn11374354	go:0009060	has_biolink:BiologicalProcess	"experimental_data;tabular_data"								
syn11374354	go:0048285	has_biolink:BiologicalProcess	"experimental_data;tabular_data"								
syn11374354	go:0000724	has_biolink:BiologicalProcess	"experimental_data;tabular_data"								
syn11374354	go:0034508	has_biolink:BiologicalProcess	"experimental_data;tabular_data"								
syn11374354	go:0042776	has_biolink:BiologicalProcess	"experimental_data;tabular_data"								
syn11374354	go:0031055	has_biolink:BiologicalProcess	"experimental_data;tabular_data"								
syn11374354	go:0003713	has_biolink:BiologicalProcess	"experimental_data;tabular_data"								
syn11374354	go:0036297	has_biolink:BiologicalProcess	"experimental_data;tabular_data"								
syn11374354	go:1905818	has_biolink:BiologicalProcess	"experimental_data;tabular_data"								
syn11374354	go:0045841	has_biolink:BiologicalProcess	"experimental_data;tabular_data"								
syn11374354	go:0007094	has_biolink:BiologicalProcess	"experimental_data;tabular_data"								
syn11374354	go:0031577	has_biolink:BiologicalProcess	"experimental_data;tabular_data"								
syn11374354	go:0071173	has_biolink:BiologicalProcess	"experimental_data;tabular_data"								
syn11374354	go:0071174	has_biolink:BiologicalProcess	"experimental_data;tabular_data"								
syn11374354	go:0033047	has_biolink:BiologicalProcess	"experimental_data;tabular_data"								
syn11374354	go:0000280	has_biolink:BiologicalProcess	"experimental_data;tabular_data"								
syn11374354	chebi:16991	has_biolink:SmallMolecule	"experimental_data;tabular_data"								
syn11374354	go:0031072	has_biolink:BiologicalProcess	"experimental_data;tabular_data"								
syn11374354	go:0051983	has_biolink:BiologicalProcess	"experimental_data;tabular_data"								
syn11374354	go:0033046	has_biolink:BiologicalProcess	"experimental_data;tabular_data"								
syn11374354	go:0034080	has_biolink:BiologicalProcess	"experimental_data;tabular_data"								
syn11374354	go:2000816	has_biolink:BiologicalProcess	"experimental_data;tabular_data"								
syn11374354	go:0044839	has_biolink:BiologicalProcess	"experimental_data;tabular_data"								
syn11374354	go:0004674	has_biolink:BiologicalProcess	"experimental_data;tabular_data"								
syn11374354	go:0000775	has_biolink:CellularComponent	"experimental_data;tabular_data"								
syn11374354	go:0048813	has_biolink:BiologicalProcess	"experimental_data;tabular_data"								
syn11374354	go:0033045	has_biolink:BiologicalProcess	"experimental_data;tabular_data"								
syn11374354	go:0000291	has_biolink:BiologicalProcess	"experimental_data;tabular_data"								
syn11374354	go:0000793	has_biolink:CellularComponent	"experimental_data;tabular_data"								
syn11374354	go:0006220	has_biolink:BiologicalProcess	"experimental_data;tabular_data"								
syn11374354	go:1902749	has_biolink:BiologicalProcess	"experimental_data;tabular_data"								
syn11374354	go:1902100	has_biolink:BiologicalProcess	"experimental_data;tabular_data"								
syn11374354	go:0051985	has_biolink:BiologicalProcess	"experimental_data;tabular_data"								
syn11374354	go:0045599	has_biolink:BiologicalProcess	"experimental_data;tabular_data"								
syn11374354	go:0018023	has_biolink:BiologicalProcess	"experimental_data;tabular_data"								
syn11374354	go:0000086	has_biolink:BiologicalProcess	"experimental_data;tabular_data"								
syn11374354	go:0008094	has_biolink:BiologicalProcess	"experimental_data;tabular_data"								
syn11374354	go:0042393	has_biolink:BiologicalProcess	"experimental_data;tabular_data"								
syn11374354	go:0033048	has_biolink:BiologicalProcess	"experimental_data;tabular_data"								
syn11374354	go:0032874	has_biolink:BiologicalProcess	"experimental_data;tabular_data"								
syn11374354	go:0015985	has_biolink:BiologicalProcess	"experimental_data;tabular_data"								
syn11374354	go:0015986	has_biolink:BiologicalProcess	"experimental_data;tabular_data"								
syn11374354	go:0000118	has_biolink:MacromolecularComplexOrProteinFamily	"experimental_data;tabular_data"								
syn11374354	go:0046330	has_biolink:BiologicalProcess	"experimental_data;tabular_data"								
syn11374354	go:0032392	has_biolink:BiologicalProcess	"experimental_data;tabular_data"								
syn11374354	go:0005753	has_biolink:MacromolecularComplexOrProteinFamily	"experimental_data;tabular_data"								
syn11374354	go:0045259	has_biolink:MacromolecularComplexOrProteinFamily	"experimental_data;tabular_data"								
syn11374354	go:1905269	has_biolink:BiologicalProcess	"experimental_data;tabular_data"								
syn11374354	go:1905819	has_biolink:BiologicalProcess	"experimental_data;tabular_data"								
syn11374354	go:0006221	has_biolink:BiologicalProcess	"experimental_data;tabular_data"								
syn11374354	go:0044786	has_biolink:BiologicalProcess	"experimental_data;tabular_data"								
syn11374354	go:1902750	has_biolink:BiologicalProcess	"experimental_data;tabular_data"								
syn11374354	go:0045111	has_biolink:CellularComponent	"experimental_data;tabular_data"								
syn11374354	go:0032201	has_biolink:BiologicalProcess	"experimental_data;tabular_data"								
syn11374354	go:0009913	has_biolink:BiologicalProcess	"experimental_data;tabular_data"								
syn11374354	go:0070304	has_biolink:BiologicalProcess	"experimental_data;tabular_data"								
syn11374354	go:0032508	has_biolink:BiologicalProcess	"experimental_data;tabular_data"								
syn11374354	go:1904837	has_biolink:BiologicalProcess	"experimental_data;tabular_data"								
syn11374354	go:0010389	has_biolink:BiologicalProcess	"experimental_data;tabular_data"								
syn11374354	go:0051082	has_biolink:BiologicalProcess	"experimental_data;tabular_data"								
syn11374354	go:0010972	has_biolink:BiologicalProcess	"experimental_data;tabular_data"								
syn11374354	go:0005179	has_biolink:BiologicalProcess	"experimental_data;tabular_data"								
syn11374354	go:0033260	has_biolink:BiologicalProcess	"experimental_data;tabular_data"								
syn11374354	go:0018022	has_biolink:BiologicalProcess	"experimental_data;tabular_data"								
syn11374354	go:0018205	has_biolink:BiologicalProcess	"experimental_data;tabular_data"								
syn11374354	go:0007088	has_biolink:BiologicalProcess	"experimental_data;tabular_data"								
syn11374354	go:0043928	has_biolink:BiologicalProcess	"experimental_data;tabular_data"								
syn11374354	go:0072528	has_biolink:BiologicalProcess	"experimental_data;tabular_data"								
syn11374354	go:0046540	has_biolink:MacromolecularComplexOrProteinFamily	"experimental_data;tabular_data"								
syn11374354	go:0097526	has_biolink:MacromolecularComplexOrProteinFamily	"experimental_data;tabular_data"								
syn11374354	go:0071103	has_biolink:BiologicalProcess	"experimental_data;tabular_data"								
syn11374354	go:0001580	has_biolink:BiologicalProcess	"experimental_data;tabular_data"								
syn11374354	go:0006476	has_biolink:BiologicalProcess	"experimental_data;tabular_data"								
syn11374354	go:0046933	has_biolink:BiologicalProcess	"experimental_data;tabular_data"								
syn11374354	mesh:D010770	has_biolink:GeneOrGeneProduct	"experimental_data;tabular_data"								
syn11374354	go:0030216	has_biolink:BiologicalProcess	"experimental_data;tabular_data"								
syn11374354	go:0031145	has_biolink:BiologicalProcess	"experimental_data;tabular_data"								
syn11374354	go:0150034	has_biolink:CellularComponent	"experimental_data;tabular_data"								
syn11374354	go:0045839	has_biolink:BiologicalProcess	"experimental_data;tabular_data"								
syn11374354	go:0006754	has_biolink:BiologicalProcess	"experimental_data;tabular_data"								
syn11374354	go:0000276	has_biolink:MacromolecularComplexOrProteinFamily	"experimental_data;tabular_data"								
syn11374354	go:0034404	has_biolink:BiologicalProcess	"experimental_data;tabular_data"								
syn11374354	go:0022803	has_biolink:BiologicalProcess	"experimental_data;tabular_data"								
syn11374354	go:0009452	has_biolink:BiologicalProcess	"experimental_data;tabular_data"								
syn11374354	go:0036260	has_biolink:BiologicalProcess	"experimental_data;tabular_data"								
syn11374354	go:0000723	has_biolink:BiologicalProcess	"experimental_data;tabular_data"								
syn11374354	go:0009147	has_biolink:BiologicalProcess	"experimental_data;tabular_data"								
syn11374354	go:0090329	has_biolink:BiologicalProcess	"experimental_data;tabular_data"								
syn11374354	go:0032200	has_biolink:BiologicalProcess	"experimental_data;tabular_data"								
syn11374354	go:0018393	has_biolink:BiologicalProcess	"experimental_data;tabular_data"								
syn11374354	go:0033177	has_biolink:MacromolecularComplexOrProteinFamily	"experimental_data;tabular_data"								
syn11374354	go:1901659	has_biolink:BiologicalProcess	"experimental_data;tabular_data"								
syn11374354	go:0006370	has_biolink:BiologicalProcess	"experimental_data;tabular_data"								
syn11374354	go:0003678	has_biolink:BiologicalProcess	"experimental_data;tabular_data"								
syn11374354	go:0006479	has_biolink:BiologicalProcess	"experimental_data;tabular_data"								
syn11374354	go:0008213	has_biolink:BiologicalProcess	"experimental_data;tabular_data"								
syn11374354	go:0032452	has_biolink:BiologicalProcess	"experimental_data;tabular_data"								
syn11374354	go:0140457	has_biolink:BiologicalProcess	"experimental_data;tabular_data"								
syn11374354	go:0032147	has_biolink:BiologicalProcess	"experimental_data;tabular_data"								
syn11374354	go:0006363	has_biolink:BiologicalProcess	"experimental_data;tabular_data"								
syn11374354	go:0017116	has_biolink:BiologicalProcess	"experimental_data;tabular_data"								
syn11374354	go:0051537	has_biolink:BiologicalProcess	"experimental_data;tabular_data"								
syn11374354	go:0090050	has_biolink:BiologicalProcess	"experimental_data;tabular_data"								
syn11374354	go:0016234	has_biolink:CellularComponent	"experimental_data;tabular_data"								
syn11374354	go:0045652	has_biolink:BiologicalProcess	"experimental_data;tabular_data"								
syn11374354	go:0019692	has_biolink:BiologicalProcess	"experimental_data;tabular_data"								
syn11374354	go:0015267	has_biolink:BiologicalProcess	"experimental_data;tabular_data"								
syn11374354	go:0006338	has_biolink:BiologicalProcess	"experimental_data;tabular_data"								
syn11374354	go:0048256	has_biolink:BiologicalProcess	"experimental_data;tabular_data"								
syn11374354	go:0006284	has_biolink:BiologicalProcess	"experimental_data;tabular_data"								
syn11374354	go:0042558	has_biolink:BiologicalProcess	"experimental_data;tabular_data"								
syn11374354	go:0030219	has_biolink:BiologicalProcess	"experimental_data;tabular_data"								
syn11374354	go:0006301	has_biolink:BiologicalProcess	"experimental_data;tabular_data"								
syn11374354	go:0002566	has_biolink:BiologicalProcess	"experimental_data;tabular_data"								
syn11374354	go:0000387	has_biolink:BiologicalProcess	"experimental_data;tabular_data"								
syn11374354	go:0001838	has_biolink:BiologicalProcess	"experimental_data;tabular_data"								
syn11374354	go:0016835	has_biolink:BiologicalProcess	"experimental_data;tabular_data"								
syn11374354	go:1904407	has_biolink:BiologicalProcess	"experimental_data;tabular_data"								
syn11374354	go:0035601	has_biolink:BiologicalProcess	"experimental_data;tabular_data"								
syn11374354	go:0002263	has_biolink:BiologicalProcess	"experimental_data;tabular_data"								
syn11374354	go:0030594	has_biolink:BiologicalProcess	"experimental_data;tabular_data"								
syn11374354	go:0044743	has_biolink:BiologicalProcess	"experimental_data;tabular_data"								
syn11374354	go:0072331	has_biolink:BiologicalProcess	"experimental_data;tabular_data"								
syn11374354	go:0120114	has_biolink:MacromolecularComplexOrProteinFamily	"experimental_data;tabular_data"								
syn11374354	go:0031490	has_biolink:BiologicalProcess	"experimental_data;tabular_data"								
syn11374354	go:0051783	has_biolink:BiologicalProcess	"experimental_data;tabular_data"								
syn11374354	go:0032454	has_biolink:BiologicalProcess	"experimental_data;tabular_data"								
syn11374354	go:0006983	has_biolink:BiologicalProcess	"experimental_data;tabular_data"								
syn11374354	go:0009116	has_biolink:BiologicalProcess	"experimental_data;tabular_data"								
syn11374354	go:0009148	has_biolink:BiologicalProcess	"experimental_data;tabular_data"								
syn11374354	go:0051321	has_biolink:BiologicalProcess	"experimental_data;tabular_data"								
syn11374354	go:0006123	has_biolink:BiologicalProcess	"experimental_data;tabular_data"								
syn11374354	go:0019646	has_biolink:BiologicalProcess	"experimental_data;tabular_data"								
syn11374354	go:0016888	has_biolink:BiologicalProcess	"experimental_data;tabular_data"								
syn11374354	go:0006475	has_biolink:BiologicalProcess	"experimental_data;tabular_data"								
syn11374354	go:0016469	has_biolink:MacromolecularComplexOrProteinFamily	"experimental_data;tabular_data"								
syn11374354	go:0018394	has_biolink:BiologicalProcess	"experimental_data;tabular_data"								
syn11374354	go:0035791	has_biolink:BiologicalProcess	"experimental_data;tabular_data"								
syn11374354	go:0009163	has_biolink:BiologicalProcess	"experimental_data;tabular_data"								
syn11374354	fplx:Histone_H4	has_biolink:MacromolecularComplexOrProteinFamily	"experimental_data;tabular_data"								
syn11374354	go:0048668	has_biolink:BiologicalProcess	"experimental_data;tabular_data"								
syn11374354	go:0097502	has_biolink:BiologicalProcess	"experimental_data;tabular_data"								
syn11374354	go:0051784	has_biolink:BiologicalProcess	"experimental_data;tabular_data"								
syn11374354	mesh:D007473	has_biolink:GeneOrGeneProduct	"experimental_data;tabular_data"								
syn11374354	go:0009123	has_biolink:BiologicalProcess	"experimental_data;tabular_data"								
syn11374354	go:0016254	has_biolink:BiologicalProcess	"experimental_data;tabular_data"								
syn11374354	go:0006362	has_biolink:BiologicalProcess	"experimental_data;tabular_data"								
syn11374354	go:0006482	has_biolink:BiologicalProcess	"experimental_data;tabular_data"								
syn11374354	go:0008214	has_biolink:BiologicalProcess	"experimental_data;tabular_data"								
syn11374354	go:0150076	has_biolink:BiologicalProcess	"experimental_data;tabular_data"								
syn11374354	go:0001841	has_biolink:BiologicalProcess	"experimental_data;tabular_data"								
syn11374354	go:0043240	has_biolink:MacromolecularComplexOrProteinFamily	"experimental_data;tabular_data"								
syn11374354	go:0006760	has_biolink:BiologicalProcess	"experimental_data;tabular_data"								
syn11374354	go:0050913	has_biolink:BiologicalProcess	"experimental_data;tabular_data"								
syn11374354	go:0006270	has_biolink:BiologicalProcess	"experimental_data;tabular_data"								
syn11374354	go:0016446	has_biolink:BiologicalProcess	"experimental_data;tabular_data"								
syn11374354	go:0098732	has_biolink:BiologicalProcess	"experimental_data;tabular_data"								
syn11374354	go:0016836	has_biolink:BiologicalProcess	"experimental_data;tabular_data"								
syn11374354	mesh:D004249	has_biolink:BiologicalProcess	"experimental_data;tabular_data"								
syn11374354	go:0070192	has_biolink:BiologicalProcess	"experimental_data;tabular_data"								
syn11374354	go:0009394	has_biolink:BiologicalProcess	"experimental_data;tabular_data"								
syn11374354	go:1900745	has_biolink:BiologicalProcess	"experimental_data;tabular_data"								
syn11374354	go:0005657	has_biolink:CellularComponent	"experimental_data;tabular_data"								
syn11374354	go:0072527	has_biolink:BiologicalProcess	"experimental_data;tabular_data"								
syn11374354	go:0046653	has_biolink:BiologicalProcess	"experimental_data;tabular_data"								
syn11374354	go:0005923	has_biolink:CellularComponent	"experimental_data;tabular_data"								
syn11374354	go:0072175	has_biolink:BiologicalProcess	"experimental_data;tabular_data"								
syn11374354	go:0042168	has_biolink:BiologicalProcess	"experimental_data;tabular_data"								
syn11374354	go:2000095	has_biolink:BiologicalProcess	"experimental_data;tabular_data"								
syn11374354	go:1990841	has_biolink:BiologicalProcess	"experimental_data;tabular_data"								
syn11374354	go:0031113	has_biolink:BiologicalProcess	"experimental_data;tabular_data"								
syn11374354	go:0046467	has_biolink:BiologicalProcess	"experimental_data;tabular_data"								
syn11374354	go:0006275	has_biolink:BiologicalProcess	"experimental_data;tabular_data"								
syn11374354	go:0007210	has_biolink:BiologicalProcess	"experimental_data;tabular_data"								
syn11374354	go:0045132	has_biolink:BiologicalProcess	"experimental_data;tabular_data"								
syn11374354	go:0061077	has_biolink:BiologicalProcess	"experimental_data;tabular_data"								
syn11374354	chebi:25915	has_biolink:SmallMolecule	"experimental_data;tabular_data"								
syn11374354	go:0006497	has_biolink:BiologicalProcess	"experimental_data;tabular_data"								
syn11374354	go:0006767	has_biolink:BiologicalProcess	"experimental_data;tabular_data"								
syn11374354	go:0000217	has_biolink:BiologicalProcess	"experimental_data;tabular_data"								
syn11374354	go:1901526	has_biolink:BiologicalProcess	"experimental_data;tabular_data"								
syn11374354	go:0004708	has_biolink:BiologicalProcess	"experimental_data;tabular_data"								
syn11374354	go:0006473	has_biolink:BiologicalProcess	"experimental_data;tabular_data"								
syn11374354	go:0010657	has_biolink:BiologicalProcess	"experimental_data;tabular_data"								
syn11374354	go:0070069	has_biolink:MacromolecularComplexOrProteinFamily	"experimental_data;tabular_data"								
syn11374354	go:0004527	has_biolink:BiologicalProcess	"experimental_data;tabular_data"								
syn11374354	go:0042559	has_biolink:BiologicalProcess	"experimental_data;tabular_data"								
syn11374354	go:0009895	has_biolink:BiologicalProcess	"experimental_data;tabular_data"								
syn11374354	go:0051383	has_biolink:BiologicalProcess	"experimental_data;tabular_data"								
syn11374354	go:0043923	has_biolink:BiologicalProcess	"experimental_data;tabular_data"								
syn11374354	go:0043588	has_biolink:BiologicalProcess	"experimental_data;tabular_data"								
syn11374354	go:0009755	has_biolink:BiologicalProcess	"experimental_data;tabular_data"								
syn11374354	go:0002097	has_biolink:BiologicalProcess	"experimental_data;tabular_data"								
syn11374354	go:0004298	has_biolink:BiologicalProcess	"experimental_data;tabular_data"								
syn11374354	go:0009124	has_biolink:BiologicalProcess	"experimental_data;tabular_data"								
syn11374354	go:0008544	has_biolink:BiologicalProcess	"experimental_data;tabular_data"								
syn11374354	go:0009219	has_biolink:BiologicalProcess	"experimental_data;tabular_data"								
syn11374354	go:0060600	has_biolink:BiologicalProcess	"experimental_data;tabular_data"								
syn11374354	go:0031011	has_biolink:MacromolecularComplexOrProteinFamily	"experimental_data;tabular_data"								
syn11374354	go:0033202	has_biolink:MacromolecularComplexOrProteinFamily	"experimental_data;tabular_data"								
syn11374354	go:0010660	has_biolink:BiologicalProcess	"experimental_data;tabular_data"								
syn11374354	go:0046785	has_biolink:BiologicalProcess	"experimental_data;tabular_data"								
syn11374354	go:0043393	has_biolink:BiologicalProcess	"experimental_data;tabular_data"								
syn11374354	go:0014015	has_biolink:BiologicalProcess	"experimental_data;tabular_data"								
syn11374354	go:0065002	has_biolink:BiologicalProcess	"experimental_data;tabular_data"								
syn11374354	go:1903046	has_biolink:BiologicalProcess	"experimental_data;tabular_data"								
syn11374354	go:0006896	has_biolink:BiologicalProcess	"experimental_data;tabular_data"								
syn11374354	go:0019205	has_biolink:BiologicalProcess	"experimental_data;tabular_data"								
syn11374354	go:0002039	has_biolink:BiologicalProcess	"experimental_data;tabular_data"								
syn11374354	go:2001252	has_biolink:BiologicalProcess	"experimental_data;tabular_data"								
syn11374354	go:0008227	has_biolink:BiologicalProcess	"experimental_data;tabular_data"								
syn11374354	go:0004550	has_biolink:BiologicalProcess	"experimental_data;tabular_data"								
syn11374354	go:0042158	has_biolink:BiologicalProcess	"experimental_data;tabular_data"								
syn11374354	go:0042278	has_biolink:BiologicalProcess	"experimental_data;tabular_data"								
syn11374354	go:0018279	has_biolink:BiologicalProcess	"experimental_data;tabular_data"								
syn11374354	go:1990907	has_biolink:MacromolecularComplexOrProteinFamily	"experimental_data;tabular_data"								
syn11374354	go:0060674	has_biolink:BiologicalProcess	"experimental_data;tabular_data"								
syn11374354	go:0090231	has_biolink:BiologicalProcess	"experimental_data;tabular_data"								
syn11374354	go:0090266	has_biolink:BiologicalProcess	"experimental_data;tabular_data"								
syn11374354	go:1903504	has_biolink:BiologicalProcess	"experimental_data;tabular_data"								
syn11374354	go:0033138	has_biolink:BiologicalProcess	"experimental_data;tabular_data"								
syn11374354	go:0005666	has_biolink:MacromolecularComplexOrProteinFamily	"experimental_data;tabular_data"								
syn11374354	go:0034501	has_biolink:BiologicalProcess	"experimental_data;tabular_data"								
syn11374354	go:0009262	has_biolink:BiologicalProcess	"experimental_data;tabular_data"								
syn11374354	go:0071459	has_biolink:BiologicalProcess	"experimental_data;tabular_data"								
syn11374354	go:0032786	has_biolink:BiologicalProcess	"experimental_data;tabular_data"								
syn11374354	go:0045454	has_biolink:BiologicalProcess	"experimental_data;tabular_data"								
syn11374354	go:0048009	has_biolink:BiologicalProcess	"experimental_data;tabular_data"								
syn11374354	go:0003899	has_biolink:BiologicalProcess	"experimental_data;tabular_data"								
syn11374354	go:0070741	has_biolink:BiologicalProcess	"experimental_data;tabular_data"								
syn11374354	go:0001653	has_biolink:BiologicalProcess	"experimental_data;tabular_data"								
syn11374354	go:0060606	has_biolink:BiologicalProcess	"experimental_data;tabular_data"								
syn11374354	go:0022412	has_biolink:BiologicalProcess	"experimental_data;tabular_data"								
syn11374354	go:0034719	has_biolink:MacromolecularComplexOrProteinFamily	"experimental_data;tabular_data"								
syn11374354	go:0004993	has_biolink:BiologicalProcess	"experimental_data;tabular_data"								
syn11374354	go:0098664	has_biolink:BiologicalProcess	"experimental_data;tabular_data"								
syn11374354	go:0099589	has_biolink:BiologicalProcess	"experimental_data;tabular_data"								
syn11374354	go:2001224	has_biolink:BiologicalProcess	"experimental_data;tabular_data"								
syn11374354	go:0060603	has_biolink:BiologicalProcess	"experimental_data;tabular_data"								
syn11374354	go:0043523	has_biolink:BiologicalProcess	"experimental_data;tabular_data"								
syn11374354	go:0001843	has_biolink:BiologicalProcess	"experimental_data;tabular_data"								
syn11374354	go:2001222	has_biolink:BiologicalProcess	"experimental_data;tabular_data"								
syn11374354	go:0031109	has_biolink:BiologicalProcess	"experimental_data;tabular_data"								
syn11374354	go:0000400	has_biolink:BiologicalProcess	"experimental_data;tabular_data"								
syn11374354	go:0060008	has_biolink:BiologicalProcess	"experimental_data;tabular_data"								
syn11374354	go:1903321	has_biolink:BiologicalProcess	"experimental_data;tabular_data"								
syn11374354	go:1904996	has_biolink:BiologicalProcess	"experimental_data;tabular_data"								
syn11374354	go:0010656	has_biolink:BiologicalProcess	"experimental_data;tabular_data"								
syn11374354	go:1905369	has_biolink:MacromolecularComplexOrProteinFamily	"experimental_data;tabular_data"								
syn11374354	go:0005839	has_biolink:MacromolecularComplexOrProteinFamily	"experimental_data;tabular_data"								
syn11374354	go:0006283	has_biolink:BiologicalProcess	"experimental_data;tabular_data"								
syn11374354	go:0001659	has_biolink:BiologicalProcess	"experimental_data;tabular_data"								
syn11374354	fplx:Cation_channels	has_biolink:MacromolecularComplexOrProteinFamily	"experimental_data;tabular_data"								
syn11374354	go:0000460	has_biolink:BiologicalProcess	"experimental_data;tabular_data"								
syn11374354	go:0007338	has_biolink:BiologicalProcess	"experimental_data;tabular_data"								
syn11374354	go:0098779	has_biolink:BiologicalProcess	"experimental_data;tabular_data"								
syn11374354	go:0008093	has_biolink:BiologicalProcess	"experimental_data;tabular_data"								
syn11374354	go:1902237	has_biolink:BiologicalProcess	"experimental_data;tabular_data"								
syn11374354	go:1901607	has_biolink:BiologicalProcess	"experimental_data;tabular_data"								
syn11374354	go:0035064	has_biolink:BiologicalProcess	"experimental_data;tabular_data"								
syn11374354	go:0140034	has_biolink:BiologicalProcess	"experimental_data;tabular_data"								
syn11374354	go:0043022	has_biolink:BiologicalProcess	"experimental_data;tabular_data"								
syn11374354	go:0061900	has_biolink:BiologicalProcess	"experimental_data;tabular_data"								
syn11374354	go:0000176	has_biolink:MacromolecularComplexOrProteinFamily	"experimental_data;tabular_data"								
syn11374354	mesh:D020718	has_biolink:GeneOrGeneProduct	"experimental_data;tabular_data"								
syn11374354	go:1905354	has_biolink:MacromolecularComplexOrProteinFamily	"experimental_data;tabular_data"								
syn11374354	go:0046655	has_biolink:BiologicalProcess	"experimental_data;tabular_data"								
syn11374354	go:0009200	has_biolink:BiologicalProcess	"experimental_data;tabular_data"								
syn11374354	go:0140013	has_biolink:BiologicalProcess	"experimental_data;tabular_data"								
syn11374354	go:0048013	has_biolink:BiologicalProcess	"experimental_data;tabular_data"								
syn11374354	go:0097747	has_biolink:BiologicalProcess	"experimental_data;tabular_data"								
syn11374354	go:0097110	has_biolink:BiologicalProcess	"experimental_data;tabular_data"								
syn11374354	go:0000439	has_biolink:MacromolecularComplexOrProteinFamily	"experimental_data;tabular_data"								
syn11374354	go:0006293	has_biolink:BiologicalProcess	"experimental_data;tabular_data"								
syn11374354	go:0070411	has_biolink:BiologicalProcess	"experimental_data;tabular_data"								
syn11374354	chebi:60242	has_biolink:SmallMolecule	"experimental_data;tabular_data"								
syn11374354	go:1900102	has_biolink:BiologicalProcess	"experimental_data;tabular_data"								
syn11374354	go:0035999	has_biolink:BiologicalProcess	"experimental_data;tabular_data"								
syn11374354	go:0046873	has_biolink:BiologicalProcess	"experimental_data;tabular_data"								
syn11374354	go:0008528	has_biolink:BiologicalProcess	"experimental_data;tabular_data"								
syn11374354	go:0001222	has_biolink:BiologicalProcess	"experimental_data;tabular_data"								
syn11374354	go:0050806	has_biolink:BiologicalProcess	"experimental_data;tabular_data"								
syn11374354	go:0030490	has_biolink:BiologicalProcess	"experimental_data;tabular_data"								
syn11374354	go:0035337	has_biolink:BiologicalProcess	"experimental_data;tabular_data"								
syn11374354	go:0031641	has_biolink:BiologicalProcess	"experimental_data;tabular_data"								
syn11374354	go:0050953	has_biolink:BiologicalProcess	"experimental_data;tabular_data"								
syn11374354	go:0009081	has_biolink:BiologicalProcess	"experimental_data;tabular_data"								
syn11374354	go:0032040	has_biolink:CellularComponent	"experimental_data;tabular_data"								
syn11374354	go:0008608	has_biolink:BiologicalProcess	"experimental_data;tabular_data"								
syn11374354	go:0043370	has_biolink:BiologicalProcess	"experimental_data;tabular_data"								
syn11374354	go:0045176	has_biolink:BiologicalProcess	"experimental_data;tabular_data"								
syn11374354	go:0000178	has_biolink:MacromolecularComplexOrProteinFamily	"experimental_data;tabular_data"								
syn11374354	go:0007601	has_biolink:BiologicalProcess	"experimental_data;tabular_data"								
syn11374354	go:0051382	has_biolink:BiologicalProcess	"experimental_data;tabular_data"								
syn11374354	go:0071470	has_biolink:BiologicalProcess	"experimental_data;tabular_data"								
syn11374354	go:0004540	has_biolink:BiologicalProcess	"experimental_data;tabular_data"								
syn11374354	go:0001522	has_biolink:BiologicalProcess	"experimental_data;tabular_data"								
syn11374354	go:0014020	has_biolink:BiologicalProcess	"experimental_data;tabular_data"								
syn11374354	go:1905368	has_biolink:MacromolecularComplexOrProteinFamily	"experimental_data;tabular_data"								
syn11374354	go:0010921	has_biolink:BiologicalProcess	"experimental_data;tabular_data"								
syn11374354	go:1901605	has_biolink:BiologicalProcess	"experimental_data;tabular_data"								
syn11374354	go:0009220	has_biolink:BiologicalProcess	"experimental_data;tabular_data"								
syn11374354	go:0030674	has_biolink:BiologicalProcess	"experimental_data;tabular_data"								
syn11374354	go:0000030	has_biolink:BiologicalProcess	"experimental_data;tabular_data"								
syn11374354	go:0055119	has_biolink:BiologicalProcess	"experimental_data;tabular_data"								
syn11374354	go:0009218	has_biolink:BiologicalProcess	"experimental_data;tabular_data"								
syn11374354	go:0017062	has_biolink:BiologicalProcess	"experimental_data;tabular_data"								
syn11374354	go:0034551	has_biolink:BiologicalProcess	"experimental_data;tabular_data"								
syn11374354	go:0018208	has_biolink:BiologicalProcess	"experimental_data;tabular_data"								
syn11374354	go:0035825	has_biolink:BiologicalProcess	"experimental_data;tabular_data"								
syn11374354	go:0043666	has_biolink:BiologicalProcess	"experimental_data;tabular_data"								
syn11374354	go:0004402	has_biolink:BiologicalProcess	"experimental_data;tabular_data"								
syn11374354	go:0050873	has_biolink:BiologicalProcess	"experimental_data;tabular_data"								
syn11374354	go:0016675	has_biolink:BiologicalProcess	"experimental_data;tabular_data"								
syn11374354	go:0043175	has_biolink:BiologicalProcess	"experimental_data;tabular_data"								
syn11374354	go:0008641	has_biolink:BiologicalProcess	"experimental_data;tabular_data"								
syn11374354	go:0065004	has_biolink:BiologicalProcess	"experimental_data;tabular_data"								
syn11374354	go:0035269	has_biolink:BiologicalProcess	"experimental_data;tabular_data"								
syn11374354	go:0010644	has_biolink:BiologicalProcess	"experimental_data;tabular_data"								
syn11374354	go:0035303	has_biolink:BiologicalProcess	"experimental_data;tabular_data"								
syn11374354	go:0006085	has_biolink:BiologicalProcess	"experimental_data;tabular_data"								
syn11374354	go:0048710	has_biolink:BiologicalProcess	"experimental_data;tabular_data"								
syn11374354	go:0034260	has_biolink:BiologicalProcess	"experimental_data;tabular_data"								
syn11374354	go:0001046	has_biolink:BiologicalProcess	"experimental_data;tabular_data"								
syn11374354	go:0031965	has_biolink:CellularComponent	"experimental_data;tabular_data"								
syn11374354	go:0043506	has_biolink:BiologicalProcess	"experimental_data;tabular_data"								
syn11374354	go:0042982	has_biolink:BiologicalProcess	"experimental_data;tabular_data"								
syn11374354	go:0035304	has_biolink:BiologicalProcess	"experimental_data;tabular_data"								
syn11374354	go:0009083	has_biolink:BiologicalProcess	"experimental_data;tabular_data"								
syn11374354	go:2000059	has_biolink:BiologicalProcess	"experimental_data;tabular_data"								
syn11374354	go:0048240	has_biolink:BiologicalProcess	"experimental_data;tabular_data"								
syn11374354	go:0006703	has_biolink:BiologicalProcess	"experimental_data;tabular_data"								
syn11374354	go:0004714	has_biolink:BiologicalProcess	"experimental_data;tabular_data"								
syn11374354	go:0050728	has_biolink:BiologicalProcess	"experimental_data;tabular_data"								
syn11374354	go:0045861	has_biolink:BiologicalProcess	"experimental_data;tabular_data"								
syn11374354	go:0000794	has_biolink:CellularComponent	"experimental_data;tabular_data"								
syn11374354	go:0097346	has_biolink:MacromolecularComplexOrProteinFamily	"experimental_data;tabular_data"								
syn11374354	go:0035268	has_biolink:BiologicalProcess	"experimental_data;tabular_data"								
syn11374354	go:0035162	has_biolink:BiologicalProcess	"experimental_data;tabular_data"								
syn11374354	go:0032469	has_biolink:BiologicalProcess	"experimental_data;tabular_data"								
syn11374354	go:0046949	has_biolink:BiologicalProcess	"experimental_data;tabular_data"								
syn11374354	go:0004129	has_biolink:BiologicalProcess	"experimental_data;tabular_data"								
syn11374354	go:0006361	has_biolink:BiologicalProcess	"experimental_data;tabular_data"								
syn11374354	go:0009314	has_biolink:BiologicalProcess	"experimental_data;tabular_data"								
syn11374354	go:0051307	has_biolink:BiologicalProcess	"experimental_data;tabular_data"								
syn11374354	go:0000041	has_biolink:BiologicalProcess	"experimental_data;tabular_data"								
syn11374354	go:0070603	has_biolink:MacromolecularComplexOrProteinFamily	"experimental_data;tabular_data"								
syn11374354	go:0009130	has_biolink:BiologicalProcess	"experimental_data;tabular_data"								
syn11374354	go:0034113	has_biolink:BiologicalProcess	"experimental_data;tabular_data"								
syn11374354	go:0032968	has_biolink:BiologicalProcess	"experimental_data;tabular_data"								
syn11374354	go:0022836	has_biolink:BiologicalProcess	"experimental_data;tabular_data"								
syn11374354	go:0048814	has_biolink:BiologicalProcess	"experimental_data;tabular_data"								
syn11374354	go:0034709	has_biolink:CellularComponent	"experimental_data;tabular_data"								
syn11374354	go:0061982	has_biolink:BiologicalProcess	"experimental_data;tabular_data"								
syn11374354	go:0042451	has_biolink:BiologicalProcess	"experimental_data;tabular_data"								
syn11374354	go:0042455	has_biolink:BiologicalProcess	"experimental_data;tabular_data"								
syn11374354	go:0046129	has_biolink:BiologicalProcess	"experimental_data;tabular_data"								
syn11374354	go:0060009	has_biolink:BiologicalProcess	"experimental_data;tabular_data"								
syn11374354	go:0007566	has_biolink:BiologicalProcess	"experimental_data;tabular_data"								
syn11374354	go:0051236	has_biolink:BiologicalProcess	"experimental_data;tabular_data"								
syn11374354	go:0019400	has_biolink:BiologicalProcess	"experimental_data;tabular_data"								
syn11374354	go:0072538	has_biolink:BiologicalProcess	"experimental_data;tabular_data"								
syn11374354	go:0007131	has_biolink:BiologicalProcess	"experimental_data;tabular_data"								
syn11374354	go:0016796	has_biolink:BiologicalProcess	"experimental_data;tabular_data"								
syn11374354	go:0031996	has_biolink:BiologicalProcess	"experimental_data;tabular_data"								
syn11374354	go:0097504	has_biolink:CellularComponent	"experimental_data;tabular_data"								
syn11374354	go:0008630	has_biolink:BiologicalProcess	"experimental_data;tabular_data"								
syn11374354	go:2000516	has_biolink:BiologicalProcess	"experimental_data;tabular_data"								
syn11374354	go:1903672	has_biolink:BiologicalProcess	"experimental_data;tabular_data"								
syn11374354	go:0009566	has_biolink:BiologicalProcess	"experimental_data;tabular_data"								
syn11374354	go:1901796	has_biolink:BiologicalProcess	"experimental_data;tabular_data"								
syn11374354	go:0033038	has_biolink:BiologicalProcess	"experimental_data;tabular_data"								
syn11374354	go:0002792	has_biolink:BiologicalProcess	"experimental_data;tabular_data"								
syn11374354	go:0031110	has_biolink:BiologicalProcess	"experimental_data;tabular_data"								
syn11374354	go:0045622	has_biolink:BiologicalProcess	"experimental_data;tabular_data"								
syn11374354	go:0031146	has_biolink:BiologicalProcess	"experimental_data;tabular_data"								
syn11374354	go:0043524	has_biolink:BiologicalProcess	"experimental_data;tabular_data"								
syn11374354	go:0017069	has_biolink:BiologicalProcess	"experimental_data;tabular_data"								
syn11374354	go:0046128	has_biolink:BiologicalProcess	"experimental_data;tabular_data"								
syn11374354	go:0048143	has_biolink:BiologicalProcess	"experimental_data;tabular_data"								
syn11374354	go:0046386	has_biolink:BiologicalProcess	"experimental_data;tabular_data"								
syn11374354	go:0007051	has_biolink:BiologicalProcess	"experimental_data;tabular_data"								
syn11374354	go:0045309	has_biolink:BiologicalProcess	"experimental_data;tabular_data"								
syn11374354	go:0005675	has_biolink:MacromolecularComplexOrProteinFamily	"experimental_data;tabular_data"								
syn11374354	go:0000423	has_biolink:BiologicalProcess	"experimental_data;tabular_data"								
syn11374354	go:0019985	has_biolink:BiologicalProcess	"experimental_data;tabular_data"								
syn11374354	go:0032784	has_biolink:BiologicalProcess	"experimental_data;tabular_data"								
syn11374354	go:0099116	has_biolink:BiologicalProcess	"experimental_data;tabular_data"								
syn11374354	go:0046915	has_biolink:BiologicalProcess	"experimental_data;tabular_data"								
syn11374354	go:0009264	has_biolink:BiologicalProcess	"experimental_data;tabular_data"								
syn11374354	go:0060612	has_biolink:BiologicalProcess	"experimental_data;tabular_data"								
syn11374354	go:0043425	has_biolink:BiologicalProcess	"experimental_data;tabular_data"								
syn11374354	go:0007281	has_biolink:BiologicalProcess	"experimental_data;tabular_data"								
syn11374354	go:0031643	has_biolink:BiologicalProcess	"experimental_data;tabular_data"								
syn11374354	go:0072091	has_biolink:BiologicalProcess	"experimental_data;tabular_data"								
syn11374354	go:0046638	has_biolink:BiologicalProcess	"experimental_data;tabular_data"								
syn11374354	go:0032451	has_biolink:BiologicalProcess	"experimental_data;tabular_data"								
syn11374354	go:0008250	has_biolink:MacromolecularComplexOrProteinFamily	"experimental_data;tabular_data"								
syn11374354	fplx:Histone_H2B	has_biolink:MacromolecularComplexOrProteinFamily	"experimental_data;tabular_data"								
syn11374354	go:0046148	has_biolink:BiologicalProcess	"experimental_data;tabular_data"								
syn11374354	go:0005736	has_biolink:MacromolecularComplexOrProteinFamily	"experimental_data;tabular_data"								
syn11374354	go:2001244	has_biolink:BiologicalProcess	"experimental_data;tabular_data"								
syn11374354	go:0009129	has_biolink:BiologicalProcess	"experimental_data;tabular_data"								
syn11374354	go:0030150	has_biolink:BiologicalProcess	"experimental_data;tabular_data"								
syn11374354	go:0032606	has_biolink:BiologicalProcess	"experimental_data;tabular_data"								
syn11374354	go:0006449	has_biolink:BiologicalProcess	"experimental_data;tabular_data"								
syn11374354	go:0090312	has_biolink:BiologicalProcess	"experimental_data;tabular_data"								
syn11374354	go:0003823	has_biolink:BiologicalProcess	"experimental_data;tabular_data"								
syn11374354	go:0051151	has_biolink:BiologicalProcess	"experimental_data;tabular_data"								
syn11374354	go:1901224	has_biolink:BiologicalProcess	"experimental_data;tabular_data"								
syn11374354	go:0008593	has_biolink:BiologicalProcess	"experimental_data;tabular_data"								
syn11374354	go:0035278	has_biolink:BiologicalProcess	"experimental_data;tabular_data"								
syn11374354	go:0045974	has_biolink:BiologicalProcess	"experimental_data;tabular_data"								
syn11374354	go:0015293	has_biolink:BiologicalProcess	"experimental_data;tabular_data"								
syn11374354	go:0050709	has_biolink:BiologicalProcess	"experimental_data;tabular_data"								
syn11374354	go:0150077	has_biolink:BiologicalProcess	"experimental_data;tabular_data"								
syn11374354	go:0015949	has_biolink:BiologicalProcess	"experimental_data;tabular_data"								
syn11374354	go:0019842	has_biolink:BiologicalProcess	"experimental_data;tabular_data"								
syn11374354	go:0007127	has_biolink:BiologicalProcess	"experimental_data;tabular_data"								
syn11374354	go:0097525	has_biolink:MacromolecularComplexOrProteinFamily	"experimental_data;tabular_data"								
syn11374354	go:0005876	has_biolink:CellularComponent	"experimental_data;tabular_data"								
syn11374354	go:0005385	has_biolink:BiologicalProcess	"experimental_data;tabular_data"								
syn11374354	go:0010499	has_biolink:BiologicalProcess	"experimental_data;tabular_data"								
syn11374354	go:0005689	has_biolink:MacromolecularComplexOrProteinFamily	"experimental_data;tabular_data"								
syn11374354	go:0009225	has_biolink:BiologicalProcess	"experimental_data;tabular_data"								
syn11374354	go:0042157	has_biolink:BiologicalProcess	"experimental_data;tabular_data"								
syn11374354	go:0043543	has_biolink:BiologicalProcess	"experimental_data;tabular_data"								
syn11374354	go:0008180	has_biolink:CellularComponent	"experimental_data;tabular_data"								
syn11374354	go:0045685	has_biolink:BiologicalProcess	"experimental_data;tabular_data"								
syn11374354	go:0070577	has_biolink:BiologicalProcess	"experimental_data;tabular_data"								
syn11374354	go:0140033	has_biolink:BiologicalProcess	"experimental_data;tabular_data"								
syn11374354	go:0006388	has_biolink:BiologicalProcess	"experimental_data;tabular_data"								
syn11374354	go:0009209	has_biolink:BiologicalProcess	"experimental_data;tabular_data"								
syn11374354	go:0002698	has_biolink:BiologicalProcess	"experimental_data;tabular_data"								
syn11374354	go:0043522	has_biolink:BiologicalProcess	"experimental_data;tabular_data"								
syn11374354	go:0031297	has_biolink:BiologicalProcess	"experimental_data;tabular_data"								
syn11374354	go:0014002	has_biolink:BiologicalProcess	"experimental_data;tabular_data"								
syn11374354	go:0071004	has_biolink:CellularComponent	"experimental_data;tabular_data"								
syn11374354	go:0071010	has_biolink:CellularComponent	"experimental_data;tabular_data"								
syn11374354	go:0006521	has_biolink:BiologicalProcess	"experimental_data;tabular_data"								
syn11374354	go:0072009	has_biolink:BiologicalProcess	"experimental_data;tabular_data"								
syn11374354	go:0034616	has_biolink:BiologicalProcess	"experimental_data;tabular_data"								
syn11374354	go:0090596	has_biolink:BiologicalProcess	"experimental_data;tabular_data"								
syn11374354	go:0042159	has_biolink:BiologicalProcess	"experimental_data;tabular_data"								
syn11374354	go:0006730	has_biolink:BiologicalProcess	"experimental_data;tabular_data"								
syn11374354	go:0051156	has_biolink:BiologicalProcess	"experimental_data;tabular_data"								
syn11374354	go:0015252	has_biolink:BiologicalProcess	"experimental_data;tabular_data"								
syn11374354	go:0090557	has_biolink:BiologicalProcess	"experimental_data;tabular_data"								
syn11374354	go:0106106	has_biolink:BiologicalProcess	"experimental_data;tabular_data"								
syn11374354	go:0120161	has_biolink:BiologicalProcess	"experimental_data;tabular_data"								
syn11374354	go:0090335	has_biolink:BiologicalProcess	"experimental_data;tabular_data"								
syn11374354	go:0098884	has_biolink:BiologicalProcess	"experimental_data;tabular_data"								
syn11374354	go:0140239	has_biolink:BiologicalProcess	"experimental_data;tabular_data"								
syn11374354	go:0048679	has_biolink:BiologicalProcess	"experimental_data;tabular_data"								
syn11374354	go:0032878	has_biolink:BiologicalProcess	"experimental_data;tabular_data"								
syn11374354	go:0032479	has_biolink:BiologicalProcess	"experimental_data;tabular_data"								
syn11374354	go:0009048	has_biolink:BiologicalProcess	"experimental_data;tabular_data"								
syn11374354	go:0050435	has_biolink:BiologicalProcess	"experimental_data;tabular_data"								
syn11374354	go:0007286	has_biolink:BiologicalProcess	"experimental_data;tabular_data"								
syn11374354	go:0019321	has_biolink:BiologicalProcess	"experimental_data;tabular_data"								
syn11374354	go:0061733	has_biolink:BiologicalProcess	"experimental_data;tabular_data"								
syn11374354	go:2000117	has_biolink:BiologicalProcess	"experimental_data;tabular_data"								
syn11374354	go:0042987	has_biolink:BiologicalProcess	"experimental_data;tabular_data"								
syn11374354	go:2001251	has_biolink:BiologicalProcess	"experimental_data;tabular_data"								
syn11374354	go:0006450	has_biolink:BiologicalProcess	"experimental_data;tabular_data"								
syn11374354	go:0031503	has_biolink:BiologicalProcess	"experimental_data;tabular_data"								
syn11374354	go:0043516	has_biolink:BiologicalProcess	"experimental_data;tabular_data"								
syn11374354	go:0022616	has_biolink:BiologicalProcess	"experimental_data;tabular_data"								
syn11374354	go:0034644	has_biolink:BiologicalProcess	"experimental_data;tabular_data"								
syn11374354	go:0045143	has_biolink:BiologicalProcess	"experimental_data;tabular_data"								
syn11374354	go:0032743	has_biolink:BiologicalProcess	"experimental_data;tabular_data"								
syn11374354	go:0019888	has_biolink:BiologicalProcess	"experimental_data;tabular_data"								
syn11374354	go:0006271	has_biolink:BiologicalProcess	"experimental_data;tabular_data"								
syn11374354	go:0006457	has_biolink:BiologicalProcess	"experimental_data;tabular_data"								
syn11374354	go:0086064	has_biolink:BiologicalProcess	"experimental_data;tabular_data"								
syn11374354	go:0050853	has_biolink:BiologicalProcess	"experimental_data;tabular_data"								
syn11374354	go:0043154	has_biolink:BiologicalProcess	"experimental_data;tabular_data"								
syn11374354	go:2001279	has_biolink:BiologicalProcess	"experimental_data;tabular_data"								
syn11374354	go:0090161	has_biolink:BiologicalProcess	"experimental_data;tabular_data"								
syn11374354	go:0009162	has_biolink:BiologicalProcess	"experimental_data;tabular_data"								
syn11374354	go:0009265	has_biolink:BiologicalProcess	"experimental_data;tabular_data"								
syn11374354	go:0046385	has_biolink:BiologicalProcess	"experimental_data;tabular_data"								
syn11374354	go:0071005	has_biolink:CellularComponent	"experimental_data;tabular_data"								
syn11374354	go:0043325	has_biolink:BiologicalProcess	"experimental_data;tabular_data"								
syn11374354	go:0070570	has_biolink:BiologicalProcess	"experimental_data;tabular_data"								
syn11374354	go:0061097	has_biolink:BiologicalProcess	"experimental_data;tabular_data"								
syn11374354	fplx:THR	has_biolink:MacromolecularComplexOrProteinFamily	"experimental_data;tabular_data"								
syn11374354	go:1902883	has_biolink:BiologicalProcess	"experimental_data;tabular_data"								
syn11374354	go:0120178	has_biolink:BiologicalProcess	"experimental_data;tabular_data"								
syn11374354	go:0031663	has_biolink:BiologicalProcess	"experimental_data;tabular_data"								
syn11374354	go:0035249	has_biolink:BiologicalProcess	"experimental_data;tabular_data"								
syn11374354	go:0072332	has_biolink:BiologicalProcess	"experimental_data;tabular_data"								
syn11374354	go:1901031	has_biolink:BiologicalProcess	"experimental_data;tabular_data"								
syn11374354	go:0045177	has_biolink:CellularComponent	"experimental_data;tabular_data"								
syn11374354	go:0046112	has_biolink:BiologicalProcess	"experimental_data;tabular_data"								
syn11374354	go:0007129	has_biolink:BiologicalProcess	"experimental_data;tabular_data"								
syn11374354	go:0031256	has_biolink:CellularComponent	"experimental_data;tabular_data"								
syn11374354	go:2000780	has_biolink:BiologicalProcess	"experimental_data;tabular_data"								
syn11374354	go:0007613	has_biolink:BiologicalProcess	"experimental_data;tabular_data"								
syn11374354	go:0030511	has_biolink:BiologicalProcess	"experimental_data;tabular_data"								
syn11374354	go:1903846	has_biolink:BiologicalProcess	"experimental_data;tabular_data"								
syn11374354	go:0045649	has_biolink:BiologicalProcess	"experimental_data;tabular_data"								
syn11374354	go:0000278	has_biolink:BiologicalProcess	"experimental_data;tabular_data"								
syn11374354	go:0009208	has_biolink:BiologicalProcess	"experimental_data;tabular_data"								
syn11374354	fplx:Histone_H3	has_biolink:MacromolecularComplexOrProteinFamily	"experimental_data;tabular_data"								
syn11374354	go:1904036	has_biolink:BiologicalProcess	"experimental_data;tabular_data"								
syn11374354	go:0022010	has_biolink:BiologicalProcess	"experimental_data;tabular_data"								
syn11374354	go:0032291	has_biolink:BiologicalProcess	"experimental_data;tabular_data"								
syn11374354	go:0099091	has_biolink:CellularComponent	"experimental_data;tabular_data"								
syn11374354	go:0071806	has_biolink:BiologicalProcess	"experimental_data;tabular_data"								
syn11374354	go:0030532	has_biolink:MacromolecularComplexOrProteinFamily	"experimental_data;tabular_data"								
syn11374354	go:0046605	has_biolink:BiologicalProcess	"experimental_data;tabular_data"								
syn11374354	go:0009581	has_biolink:BiologicalProcess	"experimental_data;tabular_data"								
syn11374354	go:0005744	has_biolink:MacromolecularComplexOrProteinFamily	"experimental_data;tabular_data"								
syn11374354	go:0046051	has_biolink:BiologicalProcess	"experimental_data;tabular_data"								
syn11374354	go:0016668	has_biolink:BiologicalProcess	"experimental_data;tabular_data"								
syn11374354	go:0002711	has_biolink:BiologicalProcess	"experimental_data;tabular_data"								
syn11374354	go:1901068	has_biolink:BiologicalProcess	"experimental_data;tabular_data"								
syn11374354	go:0009247	has_biolink:BiologicalProcess	"experimental_data;tabular_data"								
syn11374354	go:0050729	has_biolink:BiologicalProcess	"experimental_data;tabular_data"								
syn11374354	go:0016859	has_biolink:BiologicalProcess	"experimental_data;tabular_data"								
syn11374354	go:0031581	has_biolink:BiologicalProcess	"experimental_data;tabular_data"								
syn11374354	go:0016445	has_biolink:BiologicalProcess	"experimental_data;tabular_data"								
syn11374354	go:0000177	has_biolink:MacromolecularComplexOrProteinFamily	"experimental_data;tabular_data"								
syn11374354	go:2000303	has_biolink:BiologicalProcess	"experimental_data;tabular_data"								
syn11374354	go:0005547	has_biolink:BiologicalProcess	"experimental_data;tabular_data"								
syn11374354	go:0043931	has_biolink:BiologicalProcess	"experimental_data;tabular_data"								
syn11374354	go:0071800	has_biolink:BiologicalProcess	"experimental_data;tabular_data"								
syn11374354	go:0046329	has_biolink:BiologicalProcess	"experimental_data;tabular_data"								
syn11374354	go:0000502	has_biolink:MacromolecularComplexOrProteinFamily	"experimental_data;tabular_data"								
syn11374354	go:2000677	has_biolink:BiologicalProcess	"experimental_data;tabular_data"								
syn11374354	go:0050777	has_biolink:BiologicalProcess	"experimental_data;tabular_data"								
syn11374354	go:0007528	has_biolink:BiologicalProcess	"experimental_data;tabular_data"								
syn11374354	go:1905953	has_biolink:BiologicalProcess	"experimental_data;tabular_data"								
syn11374354	go:0046364	has_biolink:BiologicalProcess	"experimental_data;tabular_data"								
syn11374354	go:0060628	has_biolink:BiologicalProcess	"experimental_data;tabular_data"								
syn11374354	go:0006183	has_biolink:BiologicalProcess	"experimental_data;tabular_data"								
syn11374354	go:0004303	has_biolink:BiologicalProcess	"experimental_data;tabular_data"								
syn11374354	go:0006312	has_biolink:BiologicalProcess	"experimental_data;tabular_data"								
syn11374354	go:0048736	has_biolink:BiologicalProcess	"experimental_data;tabular_data"								
syn11374354	go:0060173	has_biolink:BiologicalProcess	"experimental_data;tabular_data"								
syn11374354	go:0007020	has_biolink:BiologicalProcess	"experimental_data;tabular_data"								
syn11374354	go:0006282	has_biolink:BiologicalProcess	"experimental_data;tabular_data"								
syn11374354	go:0071391	has_biolink:BiologicalProcess	"experimental_data;tabular_data"								
syn11374354	go:0002726	has_biolink:BiologicalProcess	"experimental_data;tabular_data"								
syn11374354	go:0007221	has_biolink:BiologicalProcess	"experimental_data;tabular_data"								
syn11374354	go:0043574	has_biolink:BiologicalProcess	"experimental_data;tabular_data"								
syn11374354	go:2000319	has_biolink:BiologicalProcess	"experimental_data;tabular_data"								
syn11374354	go:0019884	has_biolink:BiologicalProcess	"experimental_data;tabular_data"								
syn11374354	go:0071577	has_biolink:BiologicalProcess	"experimental_data;tabular_data"								
syn11374354	go:0045830	has_biolink:BiologicalProcess	"experimental_data;tabular_data"								
syn11374354	go:0030117	has_biolink:CellularComponent	"experimental_data;tabular_data"								
syn11374354	go:0048475	has_biolink:CellularComponent	"experimental_data;tabular_data"								
syn11374354	go:0043161	has_biolink:BiologicalProcess	"experimental_data;tabular_data"								
syn11374354	go:0048705	has_biolink:BiologicalProcess	"experimental_data;tabular_data"								
syn11374354	go:0031570	has_biolink:BiologicalProcess	"experimental_data;tabular_data"								
syn11374354	go:0006360	has_biolink:BiologicalProcess	"experimental_data;tabular_data"								
syn11374354	go:0010874	has_biolink:BiologicalProcess	"experimental_data;tabular_data"								
syn11374354	go:0002675	has_biolink:BiologicalProcess	"experimental_data;tabular_data"								
syn11374354	go:0046607	has_biolink:BiologicalProcess	"experimental_data;tabular_data"								
syn11374354	go:0000175	has_biolink:BiologicalProcess	"experimental_data;tabular_data"								
syn11374354	go:0010958	has_biolink:BiologicalProcess	"experimental_data;tabular_data"								
syn11374354	go:1903789	has_biolink:BiologicalProcess	"experimental_data;tabular_data"								
syn11374354	go:0060444	has_biolink:BiologicalProcess	"experimental_data;tabular_data"								
syn11374354	go:0010970	has_biolink:BiologicalProcess	"experimental_data;tabular_data"								
syn11374354	go:0002822	has_biolink:BiologicalProcess	"experimental_data;tabular_data"								
syn11374354	go:0098780	has_biolink:BiologicalProcess	"experimental_data;tabular_data"								
syn11374354	go:0032404	has_biolink:BiologicalProcess	"experimental_data;tabular_data"								
syn11374354	go:0000712	has_biolink:BiologicalProcess	"experimental_data;tabular_data"								
syn11374354	go:0030947	has_biolink:BiologicalProcess	"experimental_data;tabular_data"								
syn11374354	go:0035097	has_biolink:MacromolecularComplexOrProteinFamily	"experimental_data;tabular_data"								
syn11374354	go:0046459	has_biolink:BiologicalProcess	"experimental_data;tabular_data"								
syn11374354	go:0043372	has_biolink:BiologicalProcess	"experimental_data;tabular_data"								
syn11374354	go:0000089	has_biolink:BiologicalProcess	"experimental_data;tabular_data"								
syn11374354	go:0009982	has_biolink:BiologicalProcess	"experimental_data;tabular_data"								
syn11374354	go:0006611	has_biolink:BiologicalProcess	"experimental_data;tabular_data"								
syn11374354	go:0008527	has_biolink:BiologicalProcess	"experimental_data;tabular_data"								
syn11374354	go:0019079	has_biolink:BiologicalProcess	"experimental_data;tabular_data"								
syn11374354	go:0071679	has_biolink:BiologicalProcess	"experimental_data;tabular_data"								
syn11374354	go:0042575	has_biolink:MacromolecularComplexOrProteinFamily	"experimental_data;tabular_data"								
syn11374354	go:0000228	has_biolink:CellularComponent	"experimental_data;tabular_data"								
syn11374354	go:1905268	has_biolink:BiologicalProcess	"experimental_data;tabular_data"								
syn11374354	go:0007143	has_biolink:BiologicalProcess	"experimental_data;tabular_data"								
syn11374354	go:0031491	has_biolink:BiologicalProcess	"experimental_data;tabular_data"								
syn11374354	go:0061326	has_biolink:BiologicalProcess	"experimental_data;tabular_data"								
syn11374354	go:0016289	has_biolink:BiologicalProcess	"experimental_data;tabular_data"								
syn11374354	go:0019062	has_biolink:BiologicalProcess	"experimental_data;tabular_data"								
syn11374354	go:0071229	has_biolink:BiologicalProcess	"experimental_data;tabular_data"								
syn11374354	go:0060349	has_biolink:BiologicalProcess	"experimental_data;tabular_data"								
syn11374354	go:0008023	has_biolink:MacromolecularComplexOrProteinFamily	"experimental_data;tabular_data"								
syn11374354	go:0006575	has_biolink:BiologicalProcess	"experimental_data;tabular_data"								
syn11374354	go:0019319	has_biolink:BiologicalProcess	"experimental_data;tabular_data"								
syn11374354	fplx:Ligand_gated_ion_channels	has_biolink:MacromolecularComplexOrProteinFamily	"experimental_data;tabular_data"								
syn11374354	go:0022834	has_biolink:BiologicalProcess	"experimental_data;tabular_data"								
syn11374354	go:0032635	has_biolink:BiologicalProcess	"experimental_data;tabular_data"								
syn11374354	go:0060337	has_biolink:BiologicalProcess	"experimental_data;tabular_data"								
syn11374354	go:0071357	has_biolink:BiologicalProcess	"experimental_data;tabular_data"								
syn11374354	go:0006044	has_biolink:BiologicalProcess	"experimental_data;tabular_data"								
syn11374354	go:0007218	has_biolink:BiologicalProcess	"experimental_data;tabular_data"								
syn11374354	go:0045022	has_biolink:BiologicalProcess	"experimental_data;tabular_data"								
syn11374354	go:0031010	has_biolink:MacromolecularComplexOrProteinFamily	"experimental_data;tabular_data"								
syn11374354	go:0009214	has_biolink:BiologicalProcess	"experimental_data;tabular_data"								
syn11374354	go:0000729	has_biolink:BiologicalProcess	"experimental_data;tabular_data"								
syn11374354	chebi:15346	has_biolink:SmallMolecule	"experimental_data;tabular_data"								
syn11374354	go:0071474	has_biolink:BiologicalProcess	"experimental_data;tabular_data"								
syn11374354	go:0033081	has_biolink:BiologicalProcess	"experimental_data;tabular_data"								
syn11374354	go:0002323	has_biolink:BiologicalProcess	"experimental_data;tabular_data"								
syn11374354	go:0005542	has_biolink:BiologicalProcess	"experimental_data;tabular_data"								
syn11374354	go:0015936	has_biolink:BiologicalProcess	"experimental_data;tabular_data"								
syn11374354	go:0045736	has_biolink:BiologicalProcess	"experimental_data;tabular_data"								
syn11374354	go:0030275	has_biolink:BiologicalProcess	"experimental_data;tabular_data"								
syn11374354	go:0045624	has_biolink:BiologicalProcess	"experimental_data;tabular_data"								
syn11374354	go:0090183	has_biolink:BiologicalProcess	"experimental_data;tabular_data"								
syn11374354	go:0045628	has_biolink:BiologicalProcess	"experimental_data;tabular_data"								
syn11374354	go:0098927	has_biolink:BiologicalProcess	"experimental_data;tabular_data"								
syn11374354	go:0048754	has_biolink:BiologicalProcess	"experimental_data;tabular_data"								
syn11374354	go:0015171	has_biolink:BiologicalProcess	"experimental_data;tabular_data"								
syn11374354	go:0002673	has_biolink:BiologicalProcess	"experimental_data;tabular_data"								
syn11374354	go:0098644	has_biolink:MacromolecularComplexOrProteinFamily	"experimental_data;tabular_data"								
syn11374354	go:0005184	has_biolink:BiologicalProcess	"experimental_data;tabular_data"								
syn11374354	go:0046643	has_biolink:BiologicalProcess	"experimental_data;tabular_data"								
syn11374354	go:0048515	has_biolink:BiologicalProcess	"experimental_data;tabular_data"								
syn11374354	go:0090128	has_biolink:BiologicalProcess	"experimental_data;tabular_data"								
syn11374354	go:0005750	has_biolink:MacromolecularComplexOrProteinFamily	"experimental_data;tabular_data"								
syn11374354	go:0045275	has_biolink:MacromolecularComplexOrProteinFamily	"experimental_data;tabular_data"								
syn11374354	go:0009132	has_biolink:BiologicalProcess	"experimental_data;tabular_data"								
syn11374354	go:0071478	has_biolink:BiologicalProcess	"experimental_data;tabular_data"								
syn11374354	go:0009067	has_biolink:BiologicalProcess	"experimental_data;tabular_data"								
syn11374354	go:0042274	has_biolink:BiologicalProcess	"experimental_data;tabular_data"								
syn11374354	go:0043525	has_biolink:BiologicalProcess	"experimental_data;tabular_data"								
syn11374354	go:0042398	has_biolink:BiologicalProcess	"experimental_data;tabular_data"								
syn11374354	go:0090184	has_biolink:BiologicalProcess	"experimental_data;tabular_data"								
syn11374354	go:0075522	has_biolink:BiologicalProcess	"experimental_data;tabular_data"								
syn11374354	go:0097284	has_biolink:BiologicalProcess	"experimental_data;tabular_data"								
syn11374354	go:0030705	has_biolink:BiologicalProcess	"experimental_data;tabular_data"								
syn11374354	go:0004300	has_biolink:BiologicalProcess	"experimental_data;tabular_data"								
syn11374354	go:0034340	has_biolink:BiologicalProcess	"experimental_data;tabular_data"								
syn11374354	go:1904949	has_biolink:MacromolecularComplexOrProteinFamily	"experimental_data;tabular_data"								
syn11374354	go:0015179	has_biolink:BiologicalProcess	"experimental_data;tabular_data"								
syn11374354	go:0016854	has_biolink:BiologicalProcess	"experimental_data;tabular_data"								
syn11374354	go:0050732	has_biolink:BiologicalProcess	"experimental_data;tabular_data"								
syn11374354	go:0031434	has_biolink:BiologicalProcess	"experimental_data;tabular_data"								
syn11374354	go:2000628	has_biolink:BiologicalProcess	"experimental_data;tabular_data"								
syn11374354	go:1990752	has_biolink:CellularComponent	"experimental_data;tabular_data"								
syn11374354	go:0046902	has_biolink:BiologicalProcess	"experimental_data;tabular_data"								
syn11374354	go:1902947	has_biolink:BiologicalProcess	"experimental_data;tabular_data"								
syn11374354	go:0030033	has_biolink:BiologicalProcess	"experimental_data;tabular_data"								
syn11374354	go:0034992	has_biolink:CellularComponent	"experimental_data;tabular_data"								
syn11374354	go:0034993	has_biolink:MacromolecularComplexOrProteinFamily	"experimental_data;tabular_data"								
syn11374354	go:0106083	has_biolink:MacromolecularComplexOrProteinFamily	"experimental_data;tabular_data"								
syn11374354	go:0106094	has_biolink:MacromolecularComplexOrProteinFamily	"experimental_data;tabular_data"								
syn11374354	go:0032516	has_biolink:BiologicalProcess	"experimental_data;tabular_data"								
syn11374354	go:0048002	has_biolink:BiologicalProcess	"experimental_data;tabular_data"								
syn11374354	go:0051168	has_biolink:BiologicalProcess	"experimental_data;tabular_data"								
syn11374354	go:0045992	has_biolink:BiologicalProcess	"experimental_data;tabular_data"								
syn11374354	go:0046824	has_biolink:BiologicalProcess	"experimental_data;tabular_data"								
syn11374354	go:0002089	has_biolink:BiologicalProcess	"experimental_data;tabular_data"								
syn11374354	go:0044342	has_biolink:BiologicalProcess	"experimental_data;tabular_data"								
syn11374354	go:1903897	has_biolink:BiologicalProcess	"experimental_data;tabular_data"								
syn11374354	go:0007077	has_biolink:BiologicalProcess	"experimental_data;tabular_data"								
syn11374354	go:0051052	has_biolink:BiologicalProcess	"experimental_data;tabular_data"								
syn11374354	go:0033238	has_biolink:BiologicalProcess	"experimental_data;tabular_data"								
syn11374354	go:1903025	has_biolink:BiologicalProcess	"experimental_data;tabular_data"								
syn11374354	go:0002080	has_biolink:CellularComponent	"experimental_data;tabular_data"								
syn11374354	go:0010827	has_biolink:BiologicalProcess	"experimental_data;tabular_data"								
syn11374354	go:0042492	has_biolink:BiologicalProcess	"experimental_data;tabular_data"								
syn11374354	go:0062013	has_biolink:BiologicalProcess	"experimental_data;tabular_data"								
syn11374354	go:0072234	has_biolink:BiologicalProcess	"experimental_data;tabular_data"								
syn11374354	go:0046039	has_biolink:BiologicalProcess	"experimental_data;tabular_data"								
syn11374354	go:0001931	has_biolink:CellularComponent	"experimental_data;tabular_data"								
syn11374354	go:0031254	has_biolink:CellularComponent	"experimental_data;tabular_data"								
syn11374354	go:0010649	has_biolink:BiologicalProcess	"experimental_data;tabular_data"								
syn11374354	go:1904706	has_biolink:BiologicalProcess	"experimental_data;tabular_data"								
syn11374354	go:0042383	has_biolink:CellularComponent	"experimental_data;tabular_data"								
syn11374354	go:0034243	has_biolink:BiologicalProcess	"experimental_data;tabular_data"								
syn11374354	go:0005576	has_biolink:CellularComponent	"experimental_data;tabular_data"								
syn11374354	go:0032239	has_biolink:BiologicalProcess	"experimental_data;tabular_data"								
syn11374354	chebi:16862	has_biolink:SmallMolecule	"experimental_data;tabular_data"								
syn11374354	go:0008631	has_biolink:BiologicalProcess	"experimental_data;tabular_data"								
syn11374354	go:0008171	has_biolink:BiologicalProcess	"experimental_data;tabular_data"								
syn11374354	go:0001772	has_biolink:CellularComponent	"experimental_data;tabular_data"								
syn11374354	go:0072243	has_biolink:BiologicalProcess	"experimental_data;tabular_data"								
syn11374354	go:0070090	has_biolink:CellularComponent	"experimental_data;tabular_data"								
syn11374354	go:0070268	has_biolink:BiologicalProcess	"experimental_data;tabular_data"								
syn11374354	go:0000791	has_biolink:CellularComponent	"experimental_data;tabular_data"								
syn11374354	go:2000678	has_biolink:BiologicalProcess	"experimental_data;tabular_data"								
syn11374354	go:0006544	has_biolink:BiologicalProcess	"experimental_data;tabular_data"								
syn11374354	go:0006098	has_biolink:BiologicalProcess	"experimental_data;tabular_data"								
syn11374354	go:0034212	has_biolink:BiologicalProcess	"experimental_data;tabular_data"								
syn11374354	go:0030515	has_biolink:BiologicalProcess	"experimental_data;tabular_data"								
syn11374354	go:1902946	has_biolink:BiologicalProcess	"experimental_data;tabular_data"								
syn11374354	go:0120163	has_biolink:BiologicalProcess	"experimental_data;tabular_data"								
syn11374354	go:0001682	has_biolink:BiologicalProcess	"experimental_data;tabular_data"								
syn11374354	go:0072673	has_biolink:BiologicalProcess	"experimental_data;tabular_data"								
syn11374354	go:0048488	has_biolink:BiologicalProcess	"experimental_data;tabular_data"								
syn11374354	go:0140238	has_biolink:BiologicalProcess	"experimental_data;tabular_data"								
syn11374354	go:0072203	has_biolink:BiologicalProcess	"experimental_data;tabular_data"								
syn11374354	go:0034067	has_biolink:BiologicalProcess	"experimental_data;tabular_data"								
syn11374354	go:0032688	has_biolink:BiologicalProcess	"experimental_data;tabular_data"								
syn11374354	go:0014003	has_biolink:BiologicalProcess	"experimental_data;tabular_data"								
syn11374354	go:0031646	has_biolink:BiologicalProcess	"experimental_data;tabular_data"								
syn11374354	go:0072110	has_biolink:BiologicalProcess	"experimental_data;tabular_data"								
syn11374354	go:0099111	has_biolink:BiologicalProcess	"experimental_data;tabular_data"								
syn11374354	fplx:SWI_SNF	has_biolink:MacromolecularComplexOrProteinFamily	"experimental_data;tabular_data"								
syn11374354	go:0033619	has_biolink:BiologicalProcess	"experimental_data;tabular_data"								
syn11374354	go:0000979	has_biolink:BiologicalProcess	"experimental_data;tabular_data"								
syn11374354	go:1901983	has_biolink:BiologicalProcess	"experimental_data;tabular_data"								
syn11374354	go:1904526	has_biolink:BiologicalProcess	"experimental_data;tabular_data"								
syn11374354	go:0010640	has_biolink:BiologicalProcess	"experimental_data;tabular_data"								
syn11374354	go:0009066	has_biolink:BiologicalProcess	"experimental_data;tabular_data"								
syn11374354	go:0002053	has_biolink:BiologicalProcess	"experimental_data;tabular_data"								
syn11374354	go:0014704	has_biolink:CellularComponent	"experimental_data;tabular_data"								
syn11374354	go:2000352	has_biolink:BiologicalProcess	"experimental_data;tabular_data"								
syn11374354	go:2000316	has_biolink:BiologicalProcess	"experimental_data;tabular_data"								
syn11374354	go:0001098	has_biolink:BiologicalProcess	"experimental_data;tabular_data"								
syn11374354	go:0001099	has_biolink:BiologicalProcess	"experimental_data;tabular_data"								
syn11374354	go:0010885	has_biolink:BiologicalProcess	"experimental_data;tabular_data"								
syn11374354	go:0072562	has_biolink:CellularComponent	"experimental_data;tabular_data"								
syn11374354	go:0044818	has_biolink:BiologicalProcess	"experimental_data;tabular_data"								
syn11374354	go:0045738	has_biolink:BiologicalProcess	"experimental_data;tabular_data"								
syn11374354	go:0043244	has_biolink:BiologicalProcess	"experimental_data;tabular_data"								
syn11374354	go:0008017	has_biolink:BiologicalProcess	"experimental_data;tabular_data"								
syn11374354	go:0006625	has_biolink:BiologicalProcess	"experimental_data;tabular_data"								
syn11374354	go:0072662	has_biolink:BiologicalProcess	"experimental_data;tabular_data"								
syn11374354	go:0072663	has_biolink:BiologicalProcess	"experimental_data;tabular_data"								
syn11374354	go:0006829	has_biolink:BiologicalProcess	"experimental_data;tabular_data"								
syn11374354	go:0018126	has_biolink:BiologicalProcess	"experimental_data;tabular_data"								
syn11374354	go:0070723	has_biolink:BiologicalProcess	"experimental_data;tabular_data"								
syn11374354	go:0006040	has_biolink:BiologicalProcess	"experimental_data;tabular_data"								
syn11374354	go:0048593	has_biolink:BiologicalProcess	"experimental_data;tabular_data"								
syn11374354	go:0006094	has_biolink:BiologicalProcess	"experimental_data;tabular_data"								
syn11374354	go:0009582	has_biolink:BiologicalProcess	"experimental_data;tabular_data"								
syn11374354	go:0016896	has_biolink:BiologicalProcess	"experimental_data;tabular_data"								
syn11374354	go:1904950	has_biolink:BiologicalProcess	"experimental_data;tabular_data"								
syn11374354	go:0090178	has_biolink:BiologicalProcess	"experimental_data;tabular_data"								
syn11374354	go:0050774	has_biolink:BiologicalProcess	"experimental_data;tabular_data"								
syn11374354	go:2001032	has_biolink:BiologicalProcess	"experimental_data;tabular_data"								
syn11374354	go:1990845	has_biolink:BiologicalProcess	"experimental_data;tabular_data"								
syn11374354	go:0034114	has_biolink:BiologicalProcess	"experimental_data;tabular_data"								
syn11374354	go:0014014	has_biolink:BiologicalProcess	"experimental_data;tabular_data"								
syn11374354	go:0023023	has_biolink:BiologicalProcess	"experimental_data;tabular_data"								
syn11374354	go:0035036	has_biolink:BiologicalProcess	"experimental_data;tabular_data"								
syn11374354	go:0071011	has_biolink:CellularComponent	"experimental_data;tabular_data"								
syn11374354	go:0010922	has_biolink:BiologicalProcess	"experimental_data;tabular_data"								
syn11374354	go:1902115	has_biolink:BiologicalProcess	"experimental_data;tabular_data"								
syn11374354	go:0061333	has_biolink:BiologicalProcess	"experimental_data;tabular_data"								
syn11374354	go:0003382	has_biolink:BiologicalProcess	"experimental_data;tabular_data"								
syn11374354	go:0051010	has_biolink:BiologicalProcess	"experimental_data;tabular_data"								
syn11374354	go:0060438	has_biolink:BiologicalProcess	"experimental_data;tabular_data"								
syn11374354	go:0060253	has_biolink:BiologicalProcess	"experimental_data;tabular_data"								
syn11374354	go:1900271	has_biolink:BiologicalProcess	"experimental_data;tabular_data"								
syn11374354	go:0015370	has_biolink:BiologicalProcess	"experimental_data;tabular_data"								
syn11374354	go:0150105	has_biolink:BiologicalProcess	"experimental_data;tabular_data"								
syn11374354	go:0007586	has_biolink:BiologicalProcess	"experimental_data;tabular_data"								
syn11374354	go:0042307	has_biolink:BiologicalProcess	"experimental_data;tabular_data"								
syn11374354	go:0098960	has_biolink:BiologicalProcess	"experimental_data;tabular_data"								
syn11374354	go:0006406	has_biolink:BiologicalProcess	"experimental_data;tabular_data"								
syn11374354	go:1990904	has_biolink:MacromolecularComplexOrProteinFamily	"experimental_data;tabular_data"								
syn11374354	go:0006739	has_biolink:BiologicalProcess	"experimental_data;tabular_data"								
syn11374354	go:0060766	has_biolink:BiologicalProcess	"experimental_data;tabular_data"								
syn11374354	go:0006071	has_biolink:BiologicalProcess	"experimental_data;tabular_data"								
syn11374354	go:0003401	has_biolink:BiologicalProcess	"experimental_data;tabular_data"								
syn11374354	go:0070988	has_biolink:BiologicalProcess	"experimental_data;tabular_data"								
syn11374354	go:0034312	has_biolink:BiologicalProcess	"experimental_data;tabular_data"								
syn11374354	go:0072015	has_biolink:BiologicalProcess	"experimental_data;tabular_data"								
syn11374354	go:0000940	has_biolink:CellularComponent	"experimental_data;tabular_data"								
syn11374354	go:0006122	has_biolink:BiologicalProcess	"experimental_data;tabular_data"								
syn11374354	go:0035591	has_biolink:BiologicalProcess	"experimental_data;tabular_data"								
syn11374354	go:0010881	has_biolink:BiologicalProcess	"experimental_data;tabular_data"								
syn11374354	go:0006090	has_biolink:BiologicalProcess	"experimental_data;tabular_data"								
syn11374354	go:0032673	has_biolink:BiologicalProcess	"experimental_data;tabular_data"								
syn11374354	go:0008525	has_biolink:BiologicalProcess	"experimental_data;tabular_data"								
syn11374354	go:0009583	has_biolink:BiologicalProcess	"experimental_data;tabular_data"								
syn11374354	go:0009409	has_biolink:BiologicalProcess	"experimental_data;tabular_data"								
syn11374354	go:1900408	has_biolink:BiologicalProcess	"experimental_data;tabular_data"								
syn11374354	go:0071498	has_biolink:BiologicalProcess	"experimental_data;tabular_data"								
syn11374354	go:0016408	has_biolink:BiologicalProcess	"experimental_data;tabular_data"								
syn11374354	fplx:Voltage_gated_ion_channels	has_biolink:MacromolecularComplexOrProteinFamily	"experimental_data;tabular_data"								
syn11374354	go:0045005	has_biolink:BiologicalProcess	"experimental_data;tabular_data"								
syn11374354	go:0042805	has_biolink:BiologicalProcess	"experimental_data;tabular_data"								
syn11374354	go:0009069	has_biolink:BiologicalProcess	"experimental_data;tabular_data"								
syn11374354	go:0097064	has_biolink:BiologicalProcess	"experimental_data;tabular_data"								
syn11374354	go:0008334	has_biolink:BiologicalProcess	"experimental_data;tabular_data"								
syn11374354	go:0097602	has_biolink:BiologicalProcess	"experimental_data;tabular_data"								
syn11374354	go:0000413	has_biolink:BiologicalProcess	"experimental_data;tabular_data"								
syn11374354	go:0051879	has_biolink:BiologicalProcess	"experimental_data;tabular_data"								
syn11374354	go:0002098	has_biolink:BiologicalProcess	"experimental_data;tabular_data"								
syn11374354	go:0006409	has_biolink:BiologicalProcess	"experimental_data;tabular_data"								
syn11374354	go:0120111	has_biolink:CellularComponent	"experimental_data;tabular_data"								
syn11374354	go:1904029	has_biolink:BiologicalProcess	"experimental_data;tabular_data"								
syn11374354	go:0002183	has_biolink:BiologicalProcess	"experimental_data;tabular_data"								
syn11374354	go:0072697	has_biolink:BiologicalProcess	"experimental_data;tabular_data"								
syn11374354	go:1901070	has_biolink:BiologicalProcess	"experimental_data;tabular_data"								
syn11374354	go:0014902	has_biolink:BiologicalProcess	"experimental_data;tabular_data"								
syn11374354	go:0003018	has_biolink:BiologicalProcess	"experimental_data;tabular_data"								
syn11374354	go:0002200	has_biolink:BiologicalProcess	"experimental_data;tabular_data"								
syn11374354	go:0044548	has_biolink:BiologicalProcess	"experimental_data;tabular_data"								
syn11374354	go:0097396	has_biolink:BiologicalProcess	"experimental_data;tabular_data"								
syn11374354	go:0097398	has_biolink:BiologicalProcess	"experimental_data;tabular_data"								
syn11374354	go:0097400	has_biolink:BiologicalProcess	"experimental_data;tabular_data"								
syn11374354	go:0043403	has_biolink:BiologicalProcess	"experimental_data;tabular_data"								
syn11374354	go:0043583	has_biolink:BiologicalProcess	"experimental_data;tabular_data"								
syn11374354	hgnc:644	has_biolink:GeneOrGeneProduct	"experimental_data;tabular_data"								
syn11374354	go:1905809	has_biolink:BiologicalProcess	"experimental_data;tabular_data"								
syn11374354	go:0005782	has_biolink:CellularComponent	"experimental_data;tabular_data"								
syn11374354	go:0031907	has_biolink:CellularComponent	"experimental_data;tabular_data"								
syn11374354	go:0006241	has_biolink:BiologicalProcess	"experimental_data;tabular_data"								
syn11374354	go:0046036	has_biolink:BiologicalProcess	"experimental_data;tabular_data"								
syn11374354	go:0042177	has_biolink:BiologicalProcess	"experimental_data;tabular_data"								
syn11374354	go:0034350	has_biolink:BiologicalProcess	"experimental_data;tabular_data"								
syn11374354	go:0060074	has_biolink:BiologicalProcess	"experimental_data;tabular_data"								
syn11374354	hgnc:24283	has_biolink:GeneOrGeneProduct	"experimental_data;tabular_data"								
syn11374354	fplx:RAC	has_biolink:MacromolecularComplexOrProteinFamily	"experimental_data;tabular_data"								
syn11374354	go:0033558	has_biolink:BiologicalProcess	"experimental_data;tabular_data"								
syn11374354	go:0016889	has_biolink:BiologicalProcess	"experimental_data;tabular_data"								
syn11374354	go:0032480	has_biolink:BiologicalProcess	"experimental_data;tabular_data"								
syn11374354	go:0045746	has_biolink:BiologicalProcess	"experimental_data;tabular_data"								
syn11374354	go:0031053	has_biolink:BiologicalProcess	"experimental_data;tabular_data"								
syn11374354	go:0035145	has_biolink:MacromolecularComplexOrProteinFamily	"experimental_data;tabular_data"								
syn11374354	go:0071564	has_biolink:MacromolecularComplexOrProteinFamily	"experimental_data;tabular_data"								
syn11374354	go:0051224	has_biolink:BiologicalProcess	"experimental_data;tabular_data"								
syn11374354	go:1900119	has_biolink:BiologicalProcess	"experimental_data;tabular_data"								
syn11374354	go:0000993	has_biolink:BiologicalProcess	"experimental_data;tabular_data"								
syn11374354	go:0071625	has_biolink:BiologicalProcess	"experimental_data;tabular_data"								
syn11374354	go:0042440	has_biolink:BiologicalProcess	"experimental_data;tabular_data"								
syn11374354	mesh:D007111	has_biolink:BiologicalProcess	"experimental_data;tabular_data"								
syn11374354	chebi:36916	has_biolink:SmallMolecule	"experimental_data;tabular_data"								
syn11374354	go:1901292	has_biolink:BiologicalProcess	"experimental_data;tabular_data"								
syn11374354	go:0061469	has_biolink:BiologicalProcess	"experimental_data;tabular_data"								
syn11374354	go:0000922	has_biolink:CellularComponent	"experimental_data;tabular_data"								
syn11374354	go:0043507	has_biolink:BiologicalProcess	"experimental_data;tabular_data"								
syn11374354	go:0009263	has_biolink:BiologicalProcess	"experimental_data;tabular_data"								
syn11374354	go:0070828	has_biolink:BiologicalProcess	"experimental_data;tabular_data"								
syn11374354	go:0006825	has_biolink:BiologicalProcess	"experimental_data;tabular_data"								
syn11374354	go:0034472	has_biolink:BiologicalProcess	"experimental_data;tabular_data"								
syn11374354	go:0005643	has_biolink:CellularComponent	"experimental_data;tabular_data"								
syn11374354	go:0016053	has_biolink:BiologicalProcess	"experimental_data;tabular_data"								
syn11374354	go:0045116	has_biolink:BiologicalProcess	"experimental_data;tabular_data"								
syn11374354	go:0007379	has_biolink:BiologicalProcess	"experimental_data;tabular_data"								
syn11374354	go:0060977	has_biolink:BiologicalProcess	"experimental_data;tabular_data"								
syn11374354	go:0022835	has_biolink:BiologicalProcess	"experimental_data;tabular_data"								
syn11374354	go:0090336	has_biolink:BiologicalProcess	"experimental_data;tabular_data"								
syn11374354	go:0033314	has_biolink:BiologicalProcess	"experimental_data;tabular_data"								
syn11374354	go:0006974	has_biolink:BiologicalProcess	"experimental_data;tabular_data"								
syn11374354	go:0060993	has_biolink:BiologicalProcess	"experimental_data;tabular_data"								
syn11374354	go:0004407	has_biolink:BiologicalProcess	"experimental_data;tabular_data"								
syn11374354	go:0043518	has_biolink:BiologicalProcess	"experimental_data;tabular_data"								
syn11374354	go:0070831	has_biolink:BiologicalProcess	"experimental_data;tabular_data"								
syn11374354	go:1903960	has_biolink:BiologicalProcess	"experimental_data;tabular_data"								
syn11374354	go:0004386	has_biolink:BiologicalProcess	"experimental_data;tabular_data"								
syn11374354	go:0046471	has_biolink:BiologicalProcess	"experimental_data;tabular_data"								
syn11374354	go:0070003	has_biolink:BiologicalProcess	"experimental_data;tabular_data"								
syn11374354	go:0035371	has_biolink:CellularComponent	"experimental_data;tabular_data"								
syn11374354	go:0001650	has_biolink:CellularComponent	"experimental_data;tabular_data"								
syn11374354	go:0019887	has_biolink:BiologicalProcess	"experimental_data;tabular_data"								
syn11374354	go:0000054	has_biolink:BiologicalProcess	"experimental_data;tabular_data"								
syn11374354	go:0033750	has_biolink:BiologicalProcess	"experimental_data;tabular_data"								
syn11374354	chebi:36976	has_biolink:SmallMolecule	"experimental_data;tabular_data"								
syn11374354	go:0048513	has_biolink:BiologicalProcess	"experimental_data;tabular_data"								
syn11374354	go:2000641	has_biolink:BiologicalProcess	"experimental_data;tabular_data"								
syn11374354	go:0072310	has_biolink:BiologicalProcess	"experimental_data;tabular_data"								
syn11374354	go:0090022	has_biolink:BiologicalProcess	"experimental_data;tabular_data"								
syn11374354	go:0051054	has_biolink:BiologicalProcess	"experimental_data;tabular_data"								
syn11374354	go:0035270	has_biolink:BiologicalProcess	"experimental_data;tabular_data"								
syn11374354	go:0019825	has_biolink:BiologicalProcess	"experimental_data;tabular_data"								
syn11374354	go:0072210	has_biolink:BiologicalProcess	"experimental_data;tabular_data"								
syn11374354	go:0002700	has_biolink:BiologicalProcess	"experimental_data;tabular_data"								
syn11374354	go:0010763	has_biolink:BiologicalProcess	"experimental_data;tabular_data"								
syn11374354	go:0033549	has_biolink:BiologicalProcess	"experimental_data;tabular_data"								
syn11374354	go:0070064	has_biolink:BiologicalProcess	"experimental_data;tabular_data"								
syn11374354	go:0016235	has_biolink:CellularComponent	"experimental_data;tabular_data"								
syn11374354	go:0055013	has_biolink:BiologicalProcess	"experimental_data;tabular_data"								
syn11374354	go:0000124	has_biolink:MacromolecularComplexOrProteinFamily	"experimental_data;tabular_data"								
syn11374354	go:0001516	has_biolink:BiologicalProcess	"experimental_data;tabular_data"								
syn11374354	go:0046457	has_biolink:BiologicalProcess	"experimental_data;tabular_data"								
syn11374354	go:0010212	has_biolink:BiologicalProcess	"experimental_data;tabular_data"								
syn11374354	go:0048670	has_biolink:BiologicalProcess	"experimental_data;tabular_data"								
syn11374354	go:0046831	has_biolink:BiologicalProcess	"experimental_data;tabular_data"								
syn11374354	go:0001325	has_biolink:BiologicalProcess	"experimental_data;tabular_data"								
syn11374354	go:0090656	has_biolink:BiologicalProcess	"experimental_data;tabular_data"								
syn11374354	go:0090737	has_biolink:BiologicalProcess	"experimental_data;tabular_data"								
syn11374354	go:1904030	has_biolink:BiologicalProcess	"experimental_data;tabular_data"								
syn11374354	go:0005249	has_biolink:BiologicalProcess	"experimental_data;tabular_data"								
syn11374354	go:1904925	has_biolink:BiologicalProcess	"experimental_data;tabular_data"								
syn11374354	go:0002474	has_biolink:BiologicalProcess	"experimental_data;tabular_data"								
syn11374354	go:1903729	has_biolink:BiologicalProcess	"experimental_data;tabular_data"								
syn11374354	go:2000463	has_biolink:BiologicalProcess	"experimental_data;tabular_data"								
syn11374354	go:0034656	has_biolink:BiologicalProcess	"experimental_data;tabular_data"								
syn11374354	mesh:D056264	has_biolink:GeneOrGeneProduct	"experimental_data;tabular_data"								
syn11374354	go:0009166	has_biolink:BiologicalProcess	"experimental_data;tabular_data"								
syn11374354	go:0001886	has_biolink:BiologicalProcess	"experimental_data;tabular_data"								
syn11374354	go:0060294	has_biolink:BiologicalProcess	"experimental_data;tabular_data"								
syn11374354	go:0072672	has_biolink:BiologicalProcess	"experimental_data;tabular_data"								
syn11374354	go:0044327	has_biolink:CellularComponent	"experimental_data;tabular_data"								
syn11374354	go:0010466	has_biolink:BiologicalProcess	"experimental_data;tabular_data"								
syn11374354	go:0006882	has_biolink:BiologicalProcess	"experimental_data;tabular_data"								
syn11374354	go:0032797	has_biolink:MacromolecularComplexOrProteinFamily	"experimental_data;tabular_data"								
syn11374354	go:1901524	has_biolink:BiologicalProcess	"experimental_data;tabular_data"								
syn11374354	go:0035907	has_biolink:BiologicalProcess	"experimental_data;tabular_data"								
syn11374354	go:0010934	has_biolink:BiologicalProcess	"experimental_data;tabular_data"								
syn11374354	go:0002082	has_biolink:BiologicalProcess	"experimental_data;tabular_data"								
syn11374354	go:0098799	has_biolink:MacromolecularComplexOrProteinFamily	"experimental_data;tabular_data"								
syn11374354	go:0032633	has_biolink:BiologicalProcess	"experimental_data;tabular_data"								
syn11374354	go:0045577	has_biolink:BiologicalProcess	"experimental_data;tabular_data"								
syn11374354	go:0016417	has_biolink:BiologicalProcess	"experimental_data;tabular_data"								
syn11374354	go:0000077	has_biolink:BiologicalProcess	"experimental_data;tabular_data"								
syn11374354	go:0060368	has_biolink:BiologicalProcess	"experimental_data;tabular_data"								
syn11374354	go:0015279	has_biolink:BiologicalProcess	"experimental_data;tabular_data"								
syn11374354	go:0032330	has_biolink:BiologicalProcess	"experimental_data;tabular_data"								
syn11374354	go:0018995	has_biolink:CellularComponent	"experimental_data;tabular_data"								
syn11374354	go:0043657	has_biolink:CellularComponent	"experimental_data;tabular_data"								
syn11374354	go:0016592	has_biolink:MacromolecularComplexOrProteinFamily	"experimental_data;tabular_data"								
syn11374354	go:0006268	has_biolink:BiologicalProcess	"experimental_data;tabular_data"								
syn11374354	go:0003755	has_biolink:BiologicalProcess	"experimental_data;tabular_data"								
syn11374354	go:0032506	has_biolink:BiologicalProcess	"experimental_data;tabular_data"								
syn11374354	go:0035173	has_biolink:BiologicalProcess	"experimental_data;tabular_data"								
syn11374354	go:0098719	has_biolink:BiologicalProcess	"experimental_data;tabular_data"								
syn11374354	go:1903146	has_biolink:BiologicalProcess	"experimental_data;tabular_data"								
syn11374354	go:0072088	has_biolink:BiologicalProcess	"experimental_data;tabular_data"								
syn11374354	go:0035107	has_biolink:BiologicalProcess	"experimental_data;tabular_data"								
syn11374354	go:0035108	has_biolink:BiologicalProcess	"experimental_data;tabular_data"								
syn11374354	go:0097320	has_biolink:BiologicalProcess	"experimental_data;tabular_data"								
syn11374354	go:0042800	has_biolink:BiologicalProcess	"experimental_data;tabular_data"								
syn11374354	go:0006294	has_biolink:BiologicalProcess	"experimental_data;tabular_data"								
syn11374354	go:0000394	has_biolink:BiologicalProcess	"experimental_data;tabular_data"								
syn11374354	go:0036500	has_biolink:BiologicalProcess	"experimental_data;tabular_data"								
syn11374354	go:0009584	has_biolink:BiologicalProcess	"experimental_data;tabular_data"								
syn11374354	go:2000108	has_biolink:BiologicalProcess	"experimental_data;tabular_data"								
syn11374354	go:0010830	has_biolink:BiologicalProcess	"experimental_data;tabular_data"								
syn11374354	go:0005640	has_biolink:CellularComponent	"experimental_data;tabular_data"								
syn11374354	go:0019081	has_biolink:BiologicalProcess	"experimental_data;tabular_data"								
syn11374354	go:0021700	has_biolink:BiologicalProcess	"experimental_data;tabular_data"								
syn11374354	go:0070182	has_biolink:BiologicalProcess	"experimental_data;tabular_data"								
syn11374354	go:0006888	has_biolink:BiologicalProcess	"experimental_data;tabular_data"								
syn11374354	go:1900180	has_biolink:BiologicalProcess	"experimental_data;tabular_data"								
syn11374354	go:0030506	has_biolink:BiologicalProcess	"experimental_data;tabular_data"								
syn11374354	go:0000159	has_biolink:MacromolecularComplexOrProteinFamily	"experimental_data;tabular_data"								
syn11374354	go:0032608	has_biolink:BiologicalProcess	"experimental_data;tabular_data"								
syn11374354	go:0006352	has_biolink:BiologicalProcess	"experimental_data;tabular_data"								
syn11374354	go:0009416	has_biolink:BiologicalProcess	"experimental_data;tabular_data"								
syn11374354	go:0031089	has_biolink:CellularComponent	"experimental_data;tabular_data"								
syn11374354	go:0051209	has_biolink:BiologicalProcess	"experimental_data;tabular_data"								
syn11374354	go:0097278	has_biolink:BiologicalProcess	"experimental_data;tabular_data"								
syn11374354	go:0061099	has_biolink:BiologicalProcess	"experimental_data;tabular_data"								
syn11374354	go:0015464	has_biolink:BiologicalProcess	"experimental_data;tabular_data"								
syn11374354	go:0000079	has_biolink:BiologicalProcess	"experimental_data;tabular_data"								
syn11374354	go:0031314	has_biolink:CellularComponent	"experimental_data;tabular_data"								
syn11374354	go:0072171	has_biolink:BiologicalProcess	"experimental_data;tabular_data"								
syn11374354	go:0043371	has_biolink:BiologicalProcess	"experimental_data;tabular_data"								
syn11374354	go:0045842	has_biolink:BiologicalProcess	"experimental_data;tabular_data"								
syn11374354	go:1901970	has_biolink:BiologicalProcess	"experimental_data;tabular_data"								
syn11374354	go:0046394	has_biolink:BiologicalProcess	"experimental_data;tabular_data"								
syn11374354	go:0045669	has_biolink:BiologicalProcess	"experimental_data;tabular_data"								
syn11374354	go:0016601	has_biolink:BiologicalProcess	"experimental_data;tabular_data"								
syn11374354	go:0005310	has_biolink:BiologicalProcess	"experimental_data;tabular_data"								
syn11374354	go:0002821	has_biolink:BiologicalProcess	"experimental_data;tabular_data"								
syn11374354	go:0090630	has_biolink:BiologicalProcess	"experimental_data;tabular_data"								
syn11374354	go:0090153	has_biolink:BiologicalProcess	"experimental_data;tabular_data"								
syn11374354	go:1905038	has_biolink:BiologicalProcess	"experimental_data;tabular_data"								
syn11374354	go:0002062	has_biolink:BiologicalProcess	"experimental_data;tabular_data"								
syn11374354	go:0035198	has_biolink:BiologicalProcess	"experimental_data;tabular_data"								
syn11374354	go:0009161	has_biolink:BiologicalProcess	"experimental_data;tabular_data"								
syn11374354	go:0005545	has_biolink:BiologicalProcess	"experimental_data;tabular_data"								
syn11374354	go:0004532	has_biolink:BiologicalProcess	"experimental_data;tabular_data"								
syn11374354	go:0090179	has_biolink:BiologicalProcess	"experimental_data;tabular_data"								
syn11374354	go:0050688	has_biolink:BiologicalProcess	"experimental_data;tabular_data"								
syn11374354	go:0032281	has_biolink:MacromolecularComplexOrProteinFamily	"experimental_data;tabular_data"								
syn11374354	go:0051004	has_biolink:BiologicalProcess	"experimental_data;tabular_data"								
syn11374354	go:1902101	has_biolink:BiologicalProcess	"experimental_data;tabular_data"								
syn11374354	go:0034587	has_biolink:BiologicalProcess	"experimental_data;tabular_data"								
syn11374354	go:0031519	has_biolink:MacromolecularComplexOrProteinFamily	"experimental_data;tabular_data"								
syn11374354	go:0000014	has_biolink:BiologicalProcess	"experimental_data;tabular_data"								
syn11374354	go:0016877	has_biolink:BiologicalProcess	"experimental_data;tabular_data"								
syn11374354	go:1902993	has_biolink:BiologicalProcess	"experimental_data;tabular_data"								
syn11374354	go:0006244	has_biolink:BiologicalProcess	"experimental_data;tabular_data"								
syn11374354	go:1901387	has_biolink:BiologicalProcess	"experimental_data;tabular_data"								
syn11374354	go:0051031	has_biolink:BiologicalProcess	"experimental_data;tabular_data"								
syn11374354	go:0038111	has_biolink:BiologicalProcess	"experimental_data;tabular_data"								
syn11374354	go:0030317	has_biolink:BiologicalProcess	"experimental_data;tabular_data"								
syn11374354	go:0097722	has_biolink:BiologicalProcess	"experimental_data;tabular_data"								
syn11374354	go:1902176	has_biolink:BiologicalProcess	"experimental_data;tabular_data"								
syn11374354	go:0071425	has_biolink:BiologicalProcess	"experimental_data;tabular_data"								
syn11374354	go:0044650	has_biolink:BiologicalProcess	"experimental_data;tabular_data"								
syn11374354	go:0071168	has_biolink:BiologicalProcess	"experimental_data;tabular_data"								
syn11374354	go:1903900	has_biolink:BiologicalProcess	"experimental_data;tabular_data"								
syn11374354	go:1905208	has_biolink:BiologicalProcess	"experimental_data;tabular_data"								
syn11374354	go:0019207	has_biolink:BiologicalProcess	"experimental_data;tabular_data"								
syn11374354	go:0008652	has_biolink:BiologicalProcess	"experimental_data;tabular_data"								
syn11374354	go:1903051	has_biolink:BiologicalProcess	"experimental_data;tabular_data"								
syn11374354	go:0090559	has_biolink:BiologicalProcess	"experimental_data;tabular_data"								
syn11374354	go:0042827	has_biolink:CellularComponent	"experimental_data;tabular_data"								
syn11374354	go:0017017	has_biolink:BiologicalProcess	"experimental_data;tabular_data"								
syn11374354	go:0051287	has_biolink:BiologicalProcess	"experimental_data;tabular_data"								
syn11374354	go:0007339	has_biolink:BiologicalProcess	"experimental_data;tabular_data"								
syn11374354	go:0010715	has_biolink:BiologicalProcess	"experimental_data;tabular_data"								
syn11374354	go:0031076	has_biolink:BiologicalProcess	"experimental_data;tabular_data"								
syn11374354	go:0090151	has_biolink:BiologicalProcess	"experimental_data;tabular_data"								
syn11374354	go:1902622	has_biolink:BiologicalProcess	"experimental_data;tabular_data"								
syn11374354	go:0150079	has_biolink:BiologicalProcess	"experimental_data;tabular_data"								
syn11374354	go:0031342	has_biolink:BiologicalProcess	"experimental_data;tabular_data"								
syn11374354	go:0016783	has_biolink:BiologicalProcess	"experimental_data;tabular_data"								
syn11374354	go:1903427	has_biolink:BiologicalProcess	"experimental_data;tabular_data"								
syn11374354	go:0005112	has_biolink:BiologicalProcess	"experimental_data;tabular_data"								
syn11374354	go:0030894	has_biolink:CellularComponent	"experimental_data;tabular_data"								
syn11374354	go:1902253	has_biolink:BiologicalProcess	"experimental_data;tabular_data"								
syn11374354	go:0032642	has_biolink:BiologicalProcess	"experimental_data;tabular_data"								
syn11374354	go:0009411	has_biolink:BiologicalProcess	"experimental_data;tabular_data"								
syn11374354	go:0001678	has_biolink:BiologicalProcess	"experimental_data;tabular_data"								
syn11374354	go:0031529	has_biolink:BiologicalProcess	"experimental_data;tabular_data"								
syn11374354	go:2000779	has_biolink:BiologicalProcess	"experimental_data;tabular_data"								
syn11374354	go:0031092	has_biolink:CellularComponent	"experimental_data;tabular_data"								
syn11374354	go:0061783	has_biolink:BiologicalProcess	"experimental_data;tabular_data"								
syn11374354	go:0006997	has_biolink:BiologicalProcess	"experimental_data;tabular_data"								
syn11374354	go:0006563	has_biolink:BiologicalProcess	"experimental_data;tabular_data"								
syn11374354	go:0008174	has_biolink:BiologicalProcess	"experimental_data;tabular_data"								
syn11374354	go:0007095	has_biolink:BiologicalProcess	"experimental_data;tabular_data"								
syn11374354	go:2000649	has_biolink:BiologicalProcess	"experimental_data;tabular_data"								
syn11374354	go:0033700	has_biolink:BiologicalProcess	"experimental_data;tabular_data"								
syn11374354	go:0045324	has_biolink:BiologicalProcess	"experimental_data;tabular_data"								
syn11374354	go:0004857	has_biolink:BiologicalProcess	"experimental_data;tabular_data"								
syn11374354	go:0045069	has_biolink:BiologicalProcess	"experimental_data;tabular_data"								
syn11374354	go:0003684	has_biolink:BiologicalProcess	"experimental_data;tabular_data"								
syn11374354	go:0000781	has_biolink:CellularComponent	"experimental_data;tabular_data"								
syn11374354	go:0001101	has_biolink:BiologicalProcess	"experimental_data;tabular_data"								
syn11374354	go:0002011	has_biolink:BiologicalProcess	"experimental_data;tabular_data"								
syn11374354	go:1905952	has_biolink:BiologicalProcess	"experimental_data;tabular_data"								
syn11374354	go:0071837	has_biolink:BiologicalProcess	"experimental_data;tabular_data"								
syn11374354	go:0071353	has_biolink:BiologicalProcess	"experimental_data;tabular_data"								
syn11374354	go:0001784	has_biolink:BiologicalProcess	"experimental_data;tabular_data"								
syn11374354	go:0019894	has_biolink:BiologicalProcess	"experimental_data;tabular_data"								
syn11374354	go:0030901	has_biolink:BiologicalProcess	"experimental_data;tabular_data"								
syn11374354	go:0008649	has_biolink:BiologicalProcess	"experimental_data;tabular_data"								
syn11374354	go:0140102	has_biolink:BiologicalProcess	"experimental_data;tabular_data"								
syn11374354	fplx:PKC	has_biolink:MacromolecularComplexOrProteinFamily	"experimental_data;tabular_data"								
syn11374354	mesh:C052123	has_biolink:GeneOrGeneProduct	"experimental_data;tabular_data"								
syn11374354	go:0060706	has_biolink:BiologicalProcess	"experimental_data;tabular_data"								
syn11374354	go:0009119	has_biolink:BiologicalProcess	"experimental_data;tabular_data"								
syn11374354	go:0098843	has_biolink:CellularComponent	"experimental_data;tabular_data"								
syn11374354	go:0019239	has_biolink:BiologicalProcess	"experimental_data;tabular_data"								
syn11374354	go:0043031	has_biolink:BiologicalProcess	"experimental_data;tabular_data"								
syn11374354	go:0140303	has_biolink:BiologicalProcess	"experimental_data;tabular_data"								
syn11374354	go:1901682	has_biolink:BiologicalProcess	"experimental_data;tabular_data"								
syn11374354	go:0007098	has_biolink:BiologicalProcess	"experimental_data;tabular_data"								
syn11374354	go:0005095	has_biolink:BiologicalProcess	"experimental_data;tabular_data"								
syn11374354	go:1901550	has_biolink:BiologicalProcess	"experimental_data;tabular_data"								
syn11374354	go:1903140	has_biolink:BiologicalProcess	"experimental_data;tabular_data"								
syn11374354	go:0010880	has_biolink:BiologicalProcess	"experimental_data;tabular_data"								
syn11374354	go:0071682	has_biolink:CellularComponent	"experimental_data;tabular_data"								
syn11374354	go:0002526	has_biolink:BiologicalProcess	"experimental_data;tabular_data"								
syn11374354	go:0021879	has_biolink:BiologicalProcess	"experimental_data;tabular_data"								
syn11374354	go:0050857	has_biolink:BiologicalProcess	"experimental_data;tabular_data"								
syn11374354	go:0060999	has_biolink:BiologicalProcess	"experimental_data;tabular_data"								
syn11374354	go:0031492	has_biolink:BiologicalProcess	"experimental_data;tabular_data"								
syn11374354	go:0003724	has_biolink:BiologicalProcess	"experimental_data;tabular_data"								
syn11374354	go:0032648	has_biolink:BiologicalProcess	"experimental_data;tabular_data"								
syn11374354	go:0003697	has_biolink:BiologicalProcess	"experimental_data;tabular_data"								
syn11374354	go:0031901	has_biolink:CellularComponent	"experimental_data;tabular_data"								
syn11374354	go:0047484	has_biolink:BiologicalProcess	"experimental_data;tabular_data"								
syn11374354	go:0140142	has_biolink:BiologicalProcess	"experimental_data;tabular_data"								
syn11374354	fplx:DGC	has_biolink:MacromolecularComplexOrProteinFamily	"experimental_data;tabular_data"								
syn11374354	go:0090665	has_biolink:MacromolecularComplexOrProteinFamily	"experimental_data;tabular_data"								
syn11374354	go:0005078	has_biolink:BiologicalProcess	"experimental_data;tabular_data"								
syn11374354	go:0005267	has_biolink:BiologicalProcess	"experimental_data;tabular_data"								
syn11374354	go:0070884	has_biolink:BiologicalProcess	"experimental_data;tabular_data"								
syn11374354	go:0019903	has_biolink:BiologicalProcess	"experimental_data;tabular_data"								
syn11374354	go:0072393	has_biolink:BiologicalProcess	"experimental_data;tabular_data"								
syn11374354	go:0038083	has_biolink:BiologicalProcess	"experimental_data;tabular_data"								
syn11374354	go:2000756	has_biolink:BiologicalProcess	"experimental_data;tabular_data"								
syn11374354	go:0038084	has_biolink:BiologicalProcess	"experimental_data;tabular_data"								
syn11374354	go:0043550	has_biolink:BiologicalProcess	"experimental_data;tabular_data"								
syn11374354	go:0030663	has_biolink:CellularComponent	"experimental_data;tabular_data"								
syn11374354	go:0031650	has_biolink:BiologicalProcess	"experimental_data;tabular_data"								
syn11374354	go:0030326	has_biolink:BiologicalProcess	"experimental_data;tabular_data"								
syn11374354	go:0035113	has_biolink:BiologicalProcess	"experimental_data;tabular_data"								
syn11374354	go:0036314	has_biolink:BiologicalProcess	"experimental_data;tabular_data"								
syn11374354	go:0072028	has_biolink:BiologicalProcess	"experimental_data;tabular_data"								
syn11374354	go:0016180	has_biolink:BiologicalProcess	"experimental_data;tabular_data"								
syn11374354	go:0008307	has_biolink:BiologicalProcess	"experimental_data;tabular_data"								
syn11374354	go:0008179	has_biolink:BiologicalProcess	"experimental_data;tabular_data"								
syn11374354	go:0042276	has_biolink:BiologicalProcess	"experimental_data;tabular_data"								
syn11374354	go:0043548	has_biolink:BiologicalProcess	"experimental_data;tabular_data"								
syn11374354	go:0097730	has_biolink:CellularComponent	"experimental_data;tabular_data"								
syn11374354	go:0003002	has_biolink:BiologicalProcess	"experimental_data;tabular_data"								
syn11374354	go:0043094	has_biolink:BiologicalProcess	"experimental_data;tabular_data"								
syn11374354	go:0072207	has_biolink:BiologicalProcess	"experimental_data;tabular_data"								
syn11374354	go:0000295	has_biolink:BiologicalProcess	"experimental_data;tabular_data"								
syn11374354	go:0005346	has_biolink:BiologicalProcess	"experimental_data;tabular_data"								
syn11374354	go:0002702	has_biolink:BiologicalProcess	"experimental_data;tabular_data"								
syn11374354	go:0050869	has_biolink:BiologicalProcess	"experimental_data;tabular_data"								
syn11374354	go:0000346	has_biolink:MacromolecularComplexOrProteinFamily	"experimental_data;tabular_data"								
syn11374354	go:0001911	has_biolink:BiologicalProcess	"experimental_data;tabular_data"								
syn11374354	go:0031958	has_biolink:BiologicalProcess	"experimental_data;tabular_data"								
syn11374354	go:1905564	has_biolink:BiologicalProcess	"experimental_data;tabular_data"								
syn11374354	go:0097106	has_biolink:BiologicalProcess	"experimental_data;tabular_data"								
syn11374354	go:0043531	has_biolink:BiologicalProcess	"experimental_data;tabular_data"								
syn11374354	go:1901976	has_biolink:BiologicalProcess	"experimental_data;tabular_data"								
syn11374354	go:0043392	has_biolink:BiologicalProcess	"experimental_data;tabular_data"								
syn11374354	go:0002449	has_biolink:BiologicalProcess	"experimental_data;tabular_data"								
syn11374354	go:0051233	has_biolink:CellularComponent	"experimental_data;tabular_data"								
syn11374354	go:0000727	has_biolink:BiologicalProcess	"experimental_data;tabular_data"								
syn11374354	go:0051547	has_biolink:BiologicalProcess	"experimental_data;tabular_data"								
syn11374354	go:0014808	has_biolink:BiologicalProcess	"experimental_data;tabular_data"								
syn11374354	go:0002440	has_biolink:BiologicalProcess	"experimental_data;tabular_data"								
syn11374354	go:0070168	has_biolink:BiologicalProcess	"experimental_data;tabular_data"								
syn11374354	go:0098815	has_biolink:BiologicalProcess	"experimental_data;tabular_data"								
syn11374354	go:0042304	has_biolink:BiologicalProcess	"experimental_data;tabular_data"								
syn11374354	go:0047429	has_biolink:BiologicalProcess	"experimental_data;tabular_data"								
syn11374354	go:1904591	has_biolink:BiologicalProcess	"experimental_data;tabular_data"								
syn11374354	go:0070507	has_biolink:BiologicalProcess	"experimental_data;tabular_data"								
syn11374354	go:0008298	has_biolink:BiologicalProcess	"experimental_data;tabular_data"								
syn11374354	go:0046827	has_biolink:BiologicalProcess	"experimental_data;tabular_data"								
syn11374354	go:1901616	has_biolink:BiologicalProcess	"experimental_data;tabular_data"								
syn11374354	go:0060334	has_biolink:BiologicalProcess	"experimental_data;tabular_data"								
syn11374354	go:0008188	has_biolink:BiologicalProcess	"experimental_data;tabular_data"								
syn11374354	go:0031094	has_biolink:CellularComponent	"experimental_data;tabular_data"								
syn11374354	go:0006890	has_biolink:BiologicalProcess	"experimental_data;tabular_data"								
syn11374354	go:0140657	has_biolink:BiologicalProcess	"experimental_data;tabular_data"								
syn11374354	go:0050000	has_biolink:BiologicalProcess	"experimental_data;tabular_data"								
syn11374354	go:0051303	has_biolink:BiologicalProcess	"experimental_data;tabular_data"								
syn11374354	go:0051656	has_biolink:BiologicalProcess	"experimental_data;tabular_data"								
syn11374354	go:0001736	has_biolink:BiologicalProcess	"experimental_data;tabular_data"								
syn11374354	go:0007164	has_biolink:BiologicalProcess	"experimental_data;tabular_data"								
syn11374354	go:0005838	has_biolink:CellularComponent	"experimental_data;tabular_data"								
syn11374354	go:0060218	has_biolink:BiologicalProcess	"experimental_data;tabular_data"								
syn11374354	go:0033044	has_biolink:BiologicalProcess	"experimental_data;tabular_data"								
syn11374354	go:0022624	has_biolink:MacromolecularComplexOrProteinFamily	"experimental_data;tabular_data"								
syn11374354	go:0005874	has_biolink:CellularComponent	"experimental_data;tabular_data"								
syn11374354	go:0043596	has_biolink:CellularComponent	"experimental_data;tabular_data"								
syn11374354	go:0090175	has_biolink:BiologicalProcess	"experimental_data;tabular_data"								
syn11374354	go:0060071	has_biolink:BiologicalProcess	"experimental_data;tabular_data"								
syn11374354	go:0071897	has_biolink:BiologicalProcess	"experimental_data;tabular_data"								
syn11374354	go:0005635	has_biolink:CellularComponent	"experimental_data;tabular_data"								
syn11374354	go:0009308	has_biolink:BiologicalProcess	"experimental_data;tabular_data"								
syn11374354	go:0001738	has_biolink:BiologicalProcess	"experimental_data;tabular_data"								
syn11374354	go:0042590	has_biolink:BiologicalProcess	"experimental_data;tabular_data"								
syn11374354	go:0071166	has_biolink:BiologicalProcess	"experimental_data;tabular_data"								
syn11374354	go:0030137	has_biolink:CellularComponent	"experimental_data;tabular_data"								
syn11374354	go:0006403	has_biolink:BiologicalProcess	"experimental_data;tabular_data"								
syn11374354	go:0075733	has_biolink:BiologicalProcess	"experimental_data;tabular_data"								
syn11374354	go:1904851	has_biolink:BiologicalProcess	"experimental_data;tabular_data"								
syn11374354	mesh:D042003	has_biolink:BiologicalProcess	"experimental_data;tabular_data"								
syn11374354	go:0006405	has_biolink:BiologicalProcess	"experimental_data;tabular_data"								
syn11374354	go:0090670	has_biolink:BiologicalProcess	"experimental_data;tabular_data"								
syn11374354	go:0090671	has_biolink:BiologicalProcess	"experimental_data;tabular_data"								
syn11374354	go:0090672	has_biolink:BiologicalProcess	"experimental_data;tabular_data"								
syn11374354	go:0090685	has_biolink:BiologicalProcess	"experimental_data;tabular_data"								
syn11374354	go:0002223	has_biolink:BiologicalProcess	"experimental_data;tabular_data"								
syn11374354	go:0035091	has_biolink:BiologicalProcess	"experimental_data;tabular_data"								
syn11374354	go:0002220	has_biolink:BiologicalProcess	"experimental_data;tabular_data"								
syn11374354	go:0003688	has_biolink:BiologicalProcess	"experimental_data;tabular_data"								
syn11374354	go:0005543	has_biolink:BiologicalProcess	"experimental_data;tabular_data"								
syn11374354	go:1904874	has_biolink:BiologicalProcess	"experimental_data;tabular_data"								
syn11374354	go:0015931	has_biolink:BiologicalProcess	"experimental_data;tabular_data"								
syn11374354	go:1904872	has_biolink:BiologicalProcess	"experimental_data;tabular_data"								
syn11374354	hgnc:9846	has_biolink:GeneOrGeneProduct	"experimental_data;tabular_data"								
syn11374354	go:0030261	has_biolink:BiologicalProcess	"experimental_data;tabular_data"								
syn11374354	go:0006298	has_biolink:BiologicalProcess	"experimental_data;tabular_data"								
syn11374354	go:0030126	has_biolink:CellularComponent	"experimental_data;tabular_data"								
syn11374354	go:0006901	has_biolink:BiologicalProcess	"experimental_data;tabular_data"								
syn11374354	go:0006334	has_biolink:BiologicalProcess	"experimental_data;tabular_data"								
syn11374354	go:0006297	has_biolink:BiologicalProcess	"experimental_data;tabular_data"								
syn11374354	go:0002218	has_biolink:BiologicalProcess	"experimental_data;tabular_data"								
syn11374354	go:0008637	has_biolink:BiologicalProcess	"experimental_data;tabular_data"								
syn11374354	go:1903578	has_biolink:BiologicalProcess	"experimental_data;tabular_data"								
syn11374354	go:0008540	has_biolink:MacromolecularComplexOrProteinFamily	"experimental_data;tabular_data"								
syn11374354	go:0048207	has_biolink:BiologicalProcess	"experimental_data;tabular_data"								
syn11374354	go:0048208	has_biolink:BiologicalProcess	"experimental_data;tabular_data"								
syn11374354	go:0042555	has_biolink:MacromolecularComplexOrProteinFamily	"experimental_data;tabular_data"								
syn11374354	go:0009185	has_biolink:BiologicalProcess	"experimental_data;tabular_data"								
syn11374354	go:0009226	has_biolink:BiologicalProcess	"experimental_data;tabular_data"								
syn11374354	go:0048199	has_biolink:BiologicalProcess	"experimental_data;tabular_data"								
syn11374354	go:0009126	has_biolink:BiologicalProcess	"experimental_data;tabular_data"								
syn11374354	go:0051170	has_biolink:BiologicalProcess	"experimental_data;tabular_data"								
syn11374354	go:0017038	has_biolink:BiologicalProcess	"experimental_data;tabular_data"								
syn11374354	go:0070987	has_biolink:BiologicalProcess	"experimental_data;tabular_data"								
syn11374354	go:0034728	has_biolink:BiologicalProcess	"experimental_data;tabular_data"								
syn11374354	go:0043467	has_biolink:BiologicalProcess	"experimental_data;tabular_data"								
syn11374354	go:0007156	has_biolink:BiologicalProcess	"experimental_data;tabular_data"								
syn11374354	go:0000076	has_biolink:BiologicalProcess	"experimental_data;tabular_data"								
syn11374354	go:0045089	has_biolink:BiologicalProcess	"experimental_data;tabular_data"								
syn11374354	go:0031080	has_biolink:CellularComponent	"experimental_data;tabular_data"								
syn11374354	go:0071007	has_biolink:CellularComponent	"experimental_data;tabular_data"								
syn11374354	go:2000573	has_biolink:BiologicalProcess	"experimental_data;tabular_data"								
syn11374354	go:0006903	has_biolink:BiologicalProcess	"experimental_data;tabular_data"								
syn11374354	go:0006351	has_biolink:BiologicalProcess	"experimental_data;tabular_data"								
syn11374354	go:0043601	has_biolink:CellularComponent	"experimental_data;tabular_data"								
syn11374354	go:0007076	has_biolink:BiologicalProcess	"experimental_data;tabular_data"								
syn11374354	go:0006096	has_biolink:BiologicalProcess	"experimental_data;tabular_data"								
syn11374354	go:1905330	has_biolink:BiologicalProcess	"experimental_data;tabular_data"								
syn11374354	go:0046031	has_biolink:BiologicalProcess	"experimental_data;tabular_data"								
syn11374354	go:0036498	has_biolink:BiologicalProcess	"experimental_data;tabular_data"								
syn11374354	go:0009135	has_biolink:BiologicalProcess	"experimental_data;tabular_data"								
syn11374354	go:0009179	has_biolink:BiologicalProcess	"experimental_data;tabular_data"								
syn11374354	go:0000281	has_biolink:BiologicalProcess	"experimental_data;tabular_data"								
syn11374354	go:0006368	has_biolink:BiologicalProcess	"experimental_data;tabular_data"								
syn11374354	go:0016925	has_biolink:BiologicalProcess	"experimental_data;tabular_data"								
syn11374354	go:0061608	has_biolink:BiologicalProcess	"experimental_data;tabular_data"								
syn11374354	go:0032993	has_biolink:MacromolecularComplexOrProteinFamily	"experimental_data;tabular_data"								
syn11374354	go:0005049	has_biolink:BiologicalProcess	"experimental_data;tabular_data"								
syn11374354	go:1904816	has_biolink:BiologicalProcess	"experimental_data;tabular_data"								
syn11374354	go:0061640	has_biolink:BiologicalProcess	"experimental_data;tabular_data"								
syn11374354	go:0010876	has_biolink:BiologicalProcess	"experimental_data;tabular_data"								
syn11374354	go:0005832	has_biolink:MacromolecularComplexOrProteinFamily	"experimental_data;tabular_data"								
syn11374354	go:0031123	has_biolink:BiologicalProcess	"experimental_data;tabular_data"								
syn11374354	go:0051205	has_biolink:BiologicalProcess	"experimental_data;tabular_data"								
syn11374354	go:0030867	has_biolink:CellularComponent	"experimental_data;tabular_data"								
syn11374354	go:0090734	has_biolink:CellularComponent	"experimental_data;tabular_data"								
syn11374354	chebi:15422	has_biolink:SmallMolecule	"experimental_data;tabular_data"								
syn11374354	go:0006354	has_biolink:BiologicalProcess	"experimental_data;tabular_data"								
syn11374354	go:0032206	has_biolink:BiologicalProcess	"experimental_data;tabular_data"								
syn11374354	go:0051255	has_biolink:BiologicalProcess	"experimental_data;tabular_data"								
syn11374354	go:1901992	has_biolink:BiologicalProcess	"experimental_data;tabular_data"								
syn11374354	go:0032212	has_biolink:BiologicalProcess	"experimental_data;tabular_data"								
syn11374354	go:0005793	has_biolink:CellularComponent	"experimental_data;tabular_data"								
syn11374354	go:0000731	has_biolink:BiologicalProcess	"experimental_data;tabular_data"								
syn11374354	go:0000018	has_biolink:BiologicalProcess	"experimental_data;tabular_data"								
syn11374354	go:0002504	has_biolink:BiologicalProcess	"experimental_data;tabular_data"								
syn11374354	go:0061650	has_biolink:BiologicalProcess	"experimental_data;tabular_data"								
syn11374354	go:0061631	has_biolink:BiologicalProcess	"experimental_data;tabular_data"								
syn11374354	go:1902969	has_biolink:BiologicalProcess	"experimental_data;tabular_data"								
syn11374354	go:0031125	has_biolink:BiologicalProcess	"experimental_data;tabular_data"								
syn11374354	go:0010833	has_biolink:BiologicalProcess	"experimental_data;tabular_data"								
syn11374354	go:0030169	has_biolink:BiologicalProcess	"experimental_data;tabular_data"								
syn11374354	go:0019886	has_biolink:BiologicalProcess	"experimental_data;tabular_data"								
syn11374354	go:0002833	has_biolink:BiologicalProcess	"experimental_data;tabular_data"								
syn11374354	go:0000479	has_biolink:BiologicalProcess	"experimental_data;tabular_data"								
syn11374354	go:1904358	has_biolink:BiologicalProcess	"experimental_data;tabular_data"								
syn11374354	go:0002446	has_biolink:BiologicalProcess	"experimental_data;tabular_data"								
syn11374354	go:0048194	has_biolink:BiologicalProcess	"experimental_data;tabular_data"								
syn11374354	go:0070200	has_biolink:BiologicalProcess	"experimental_data;tabular_data"								
syn11374354	go:0005686	has_biolink:CellularComponent	"experimental_data;tabular_data"								
syn11374354	go:0006734	has_biolink:BiologicalProcess	"experimental_data;tabular_data"								
syn11374354	go:0016311	has_biolink:BiologicalProcess	"experimental_data;tabular_data"								
syn11374354	go:0034774	has_biolink:CellularComponent	"experimental_data;tabular_data"								
syn11374354	go:0033209	has_biolink:BiologicalProcess	"experimental_data;tabular_data"								
syn11374354	go:0006999	has_biolink:BiologicalProcess	"experimental_data;tabular_data"								
syn11374354	go:0060205	has_biolink:CellularComponent	"experimental_data;tabular_data"								
syn11374354	go:0090199	has_biolink:BiologicalProcess	"experimental_data;tabular_data"								
syn11374354	go:0071813	has_biolink:BiologicalProcess	"experimental_data;tabular_data"								
syn11374354	go:0071814	has_biolink:BiologicalProcess	"experimental_data;tabular_data"								
syn11374354	go:0002495	has_biolink:BiologicalProcess	"experimental_data;tabular_data"								
syn11374354	go:0008135	has_biolink:BiologicalProcess	"experimental_data;tabular_data"								
syn11374354	go:0009112	has_biolink:BiologicalProcess	"experimental_data;tabular_data"								
syn11374354	go:0006367	has_biolink:BiologicalProcess	"experimental_data;tabular_data"								
syn11374354	go:0006869	has_biolink:BiologicalProcess	"experimental_data;tabular_data"								
syn11374354	go:0090114	has_biolink:BiologicalProcess	"experimental_data;tabular_data"								
syn11374354	go:0061299	has_biolink:BiologicalProcess	"experimental_data;tabular_data"								
syn11374354	go:0030120	has_biolink:CellularComponent	"experimental_data;tabular_data"								
syn11374354	go:0042273	has_biolink:BiologicalProcess	"experimental_data;tabular_data"								
syn11374354	go:0005652	has_biolink:CellularComponent	"experimental_data;tabular_data"								
syn11374354	go:0061298	has_biolink:BiologicalProcess	"experimental_data;tabular_data"								
syn11374354	go:0006266	has_biolink:BiologicalProcess	"experimental_data;tabular_data"								
syn11374354	go:0097711	has_biolink:BiologicalProcess	"experimental_data;tabular_data"								
syn11374354	go:0051984	has_biolink:BiologicalProcess	"experimental_data;tabular_data"								
syn11374354	go:0010878	has_biolink:BiologicalProcess	"experimental_data;tabular_data"								
syn11374354	go:0043235	has_biolink:MacromolecularComplexOrProteinFamily	"experimental_data;tabular_data"								
syn11374354	go:0019774	has_biolink:MacromolecularComplexOrProteinFamily	"experimental_data;tabular_data"								
syn11374354	go:0031023	has_biolink:BiologicalProcess	"experimental_data;tabular_data"								
syn11374354	go:0042119	has_biolink:BiologicalProcess	"experimental_data;tabular_data"								
syn11374354	go:0035861	has_biolink:CellularComponent	"experimental_data;tabular_data"								
syn11374354	go:0045088	has_biolink:BiologicalProcess	"experimental_data;tabular_data"								
syn11374354	go:0009113	has_biolink:BiologicalProcess	"experimental_data;tabular_data"								
syn11374354	go:1903405	has_biolink:BiologicalProcess	"experimental_data;tabular_data"								
syn11374354	go:1904867	has_biolink:BiologicalProcess	"experimental_data;tabular_data"								
syn11374354	go:0031983	has_biolink:CellularComponent	"experimental_data;tabular_data"								
syn11374354	go:1990173	has_biolink:BiologicalProcess	"experimental_data;tabular_data"								
syn11374354	go:0017056	has_biolink:BiologicalProcess	"experimental_data;tabular_data"								
syn11374354	go:1904356	has_biolink:BiologicalProcess	"experimental_data;tabular_data"								
syn11374354	go:0007041	has_biolink:BiologicalProcess	"experimental_data;tabular_data"								
syn11374354	go:0090079	has_biolink:BiologicalProcess	"experimental_data;tabular_data"								
syn11374354	go:0051315	has_biolink:BiologicalProcess	"experimental_data;tabular_data"								
syn11374354	go:1905820	has_biolink:BiologicalProcess	"experimental_data;tabular_data"								
syn11374354	go:0061620	has_biolink:BiologicalProcess	"experimental_data;tabular_data"								
syn11374354	go:0001833	has_biolink:BiologicalProcess	"experimental_data;tabular_data"								
syn11374354	go:1904353	has_biolink:BiologicalProcess	"experimental_data;tabular_data"								
syn11374354	go:0032356	has_biolink:BiologicalProcess	"experimental_data;tabular_data"								
syn11374354	go:0043174	has_biolink:BiologicalProcess	"experimental_data;tabular_data"								
syn11374354	go:0030301	has_biolink:BiologicalProcess	"experimental_data;tabular_data"								
syn11374354	go:0050805	has_biolink:BiologicalProcess	"experimental_data;tabular_data"								
syn11374354	go:0140223	has_biolink:BiologicalProcess	"experimental_data;tabular_data"								
syn11374354	go:0070203	has_biolink:BiologicalProcess	"experimental_data;tabular_data"								
syn11374354	go:0070628	has_biolink:BiologicalProcess	"experimental_data;tabular_data"								
syn11374354	go:0034511	has_biolink:BiologicalProcess	"experimental_data;tabular_data"								
syn11374354	go:0097009	has_biolink:BiologicalProcess	"experimental_data;tabular_data"								
syn11374354	go:0008156	has_biolink:BiologicalProcess	"experimental_data;tabular_data"								
syn11374354	go:0030970	has_biolink:BiologicalProcess	"experimental_data;tabular_data"								
syn11374354	go:1903513	has_biolink:BiologicalProcess	"experimental_data;tabular_data"								
syn11374354	go:1901998	has_biolink:BiologicalProcess	"experimental_data;tabular_data"								
syn11374354	go:0000307	has_biolink:MacromolecularComplexOrProteinFamily	"experimental_data;tabular_data"								
syn11374354	go:0015918	has_biolink:BiologicalProcess	"experimental_data;tabular_data"								
syn11374354	go:1900182	has_biolink:BiologicalProcess	"experimental_data;tabular_data"								
syn11374354	go:1902554	has_biolink:MacromolecularComplexOrProteinFamily	"experimental_data;tabular_data"								
syn11374354	go:0031644	has_biolink:BiologicalProcess	"experimental_data;tabular_data"								
syn11374354	go:0051988	has_biolink:BiologicalProcess	"experimental_data;tabular_data"								
syn11374354	go:0045833	has_biolink:BiologicalProcess	"experimental_data;tabular_data"								
syn11374354	go:0043248	has_biolink:BiologicalProcess	"experimental_data;tabular_data"								
syn11374354	go:1900272	has_biolink:BiologicalProcess	"experimental_data;tabular_data"								
syn11374354	go:0006735	has_biolink:BiologicalProcess	"experimental_data;tabular_data"								
syn11374354	go:0061621	has_biolink:BiologicalProcess	"experimental_data;tabular_data"								
syn11374354	go:0061718	has_biolink:BiologicalProcess	"experimental_data;tabular_data"								
syn11374354	go:1903901	has_biolink:BiologicalProcess	"experimental_data;tabular_data"								
syn11374354	go:0000785	has_biolink:CellularComponent	"experimental_data;tabular_data"								
syn11374354	go:0005875	has_biolink:MacromolecularComplexOrProteinFamily	"experimental_data;tabular_data"								
syn11374354	go:0042255	has_biolink:BiologicalProcess	"experimental_data;tabular_data"								
syn11374354	go:1902911	has_biolink:MacromolecularComplexOrProteinFamily	"experimental_data;tabular_data"								
syn11374354	go:0010565	has_biolink:BiologicalProcess	"experimental_data;tabular_data"								
syn11374354	go:0005682	has_biolink:CellularComponent	"experimental_data;tabular_data"								
syn11374354	go:0006278	has_biolink:BiologicalProcess	"experimental_data;tabular_data"								
syn11374354	go:0006606	has_biolink:BiologicalProcess	"experimental_data;tabular_data"								
syn11374354	go:0010559	has_biolink:BiologicalProcess	"experimental_data;tabular_data"								
syn11374354	go:0045740	has_biolink:BiologicalProcess	"experimental_data;tabular_data"								
syn11374354	go:0071404	has_biolink:BiologicalProcess	"experimental_data;tabular_data"								
syn11374354	go:0045334	has_biolink:CellularComponent	"experimental_data;tabular_data"								
syn11374354	go:0140056	has_biolink:BiologicalProcess	"experimental_data;tabular_data"								
syn11374354	go:0005041	has_biolink:BiologicalProcess	"experimental_data;tabular_data"								
syn11374354	go:0061615	has_biolink:BiologicalProcess	"experimental_data;tabular_data"								
syn11374354	go:0060249	has_biolink:BiologicalProcess	"experimental_data;tabular_data"								
syn11374354	go:1902108	has_biolink:BiologicalProcess	"experimental_data;tabular_data"								
syn11374354	go:0030228	has_biolink:BiologicalProcess	"experimental_data;tabular_data"								
syn11374354	go:1904814	has_biolink:BiologicalProcess	"experimental_data;tabular_data"								
syn11374354	go:0051726	has_biolink:BiologicalProcess	"experimental_data;tabular_data"								
syn11374354	go:0006026	has_biolink:BiologicalProcess	"experimental_data;tabular_data"								
syn11374354	go:0042470	has_biolink:CellularComponent	"experimental_data;tabular_data"								
syn11374354	go:0048770	has_biolink:CellularComponent	"experimental_data;tabular_data"								
syn11374354	go:0007626	has_biolink:BiologicalProcess	"experimental_data;tabular_data"								
syn11374354	go:0045747	has_biolink:BiologicalProcess	"experimental_data;tabular_data"								
syn11374354	go:1905168	has_biolink:BiologicalProcess	"experimental_data;tabular_data"								
syn11374354	go:0005048	has_biolink:BiologicalProcess	"experimental_data;tabular_data"								
syn11374354	go:0015914	has_biolink:BiologicalProcess	"experimental_data;tabular_data"								
syn11374354	go:0016251	has_biolink:BiologicalProcess	"experimental_data;tabular_data"								
syn11374354	go:0045277	has_biolink:MacromolecularComplexOrProteinFamily	"experimental_data;tabular_data"								
syn11374354	go:0060041	has_biolink:BiologicalProcess	"experimental_data;tabular_data"								
syn11374354	go:0006851	has_biolink:BiologicalProcess	"experimental_data;tabular_data"								
syn11374354	go:0070198	has_biolink:BiologicalProcess	"experimental_data;tabular_data"								
syn11374354	go:0006213	has_biolink:BiologicalProcess	"experimental_data;tabular_data"								
syn11374354	go:0030199	has_biolink:BiologicalProcess	"experimental_data;tabular_data"								
syn11374354	go:0045911	has_biolink:BiologicalProcess	"experimental_data;tabular_data"								
syn11374354	go:0009415	has_biolink:BiologicalProcess	"experimental_data;tabular_data"								
syn11374354	go:0035455	has_biolink:BiologicalProcess	"experimental_data;tabular_data"								
syn11374354	go:0003777	has_biolink:BiologicalProcess	"experimental_data;tabular_data"								
syn11374354	go:0003743	has_biolink:BiologicalProcess	"experimental_data;tabular_data"								
syn11374354	go:0035794	has_biolink:BiologicalProcess	"experimental_data;tabular_data"								
syn11374354	go:0008320	has_biolink:BiologicalProcess	"experimental_data;tabular_data"								
syn11374354	go:0140318	has_biolink:BiologicalProcess	"experimental_data;tabular_data"								
syn11374354	go:0046782	has_biolink:BiologicalProcess	"experimental_data;tabular_data"								
syn11374354	go:0007135	has_biolink:BiologicalProcess	"experimental_data;tabular_data"								
syn11374354	go:0061983	has_biolink:BiologicalProcess	"experimental_data;tabular_data"								
syn11374354	go:0046134	has_biolink:BiologicalProcess	"experimental_data;tabular_data"								
syn11374354	go:0031047	has_biolink:BiologicalProcess	"experimental_data;tabular_data"								
syn11374354	go:1903894	has_biolink:BiologicalProcess	"experimental_data;tabular_data"								
syn11374354	go:1990023	has_biolink:CellularComponent	"experimental_data;tabular_data"								
syn11374354	go:0006509	has_biolink:BiologicalProcess	"experimental_data;tabular_data"								
syn11374354	go:0051231	has_biolink:BiologicalProcess	"experimental_data;tabular_data"								
syn11374354	go:0030983	has_biolink:BiologicalProcess	"experimental_data;tabular_data"								
syn11374354	go:0035150	has_biolink:BiologicalProcess	"experimental_data;tabular_data"								
syn11374354	go:0032204	has_biolink:BiologicalProcess	"experimental_data;tabular_data"								
syn11374354	go:0010165	has_biolink:BiologicalProcess	"experimental_data;tabular_data"								
syn11374354	go:0046349	has_biolink:BiologicalProcess	"experimental_data;tabular_data"								
syn11374354	go:0017070	has_biolink:BiologicalProcess	"experimental_data;tabular_data"								
syn11374354	go:0001836	has_biolink:BiologicalProcess	"experimental_data;tabular_data"								
syn11374354	go:0000470	has_biolink:BiologicalProcess	"experimental_data;tabular_data"								
syn11374354	go:0090224	has_biolink:BiologicalProcess	"experimental_data;tabular_data"								
syn11374354	go:0045071	has_biolink:BiologicalProcess	"experimental_data;tabular_data"								
syn11374354	go:0097746	has_biolink:BiologicalProcess	"experimental_data;tabular_data"								
syn11374354	go:0007004	has_biolink:BiologicalProcess	"experimental_data;tabular_data"								
syn11374354	go:0022406	has_biolink:BiologicalProcess	"experimental_data;tabular_data"								
syn11374354	go:0035296	has_biolink:BiologicalProcess	"experimental_data;tabular_data"								
syn11374354	go:0015631	has_biolink:BiologicalProcess	"experimental_data;tabular_data"								
syn11374354	go:0097345	has_biolink:BiologicalProcess	"experimental_data;tabular_data"								
syn11374354	go:0036092	has_biolink:BiologicalProcess	"experimental_data;tabular_data"								
syn11374354	go:0009303	has_biolink:BiologicalProcess	"experimental_data;tabular_data"								
syn11374354	go:0071108	has_biolink:BiologicalProcess	"experimental_data;tabular_data"								
syn11374354	go:0097242	has_biolink:BiologicalProcess	"experimental_data;tabular_data"								
syn11374354	go:0071402	has_biolink:BiologicalProcess	"experimental_data;tabular_data"								
syn11374354	go:0009187	has_biolink:BiologicalProcess	"experimental_data;tabular_data"								
syn11374354	go:0006027	has_biolink:BiologicalProcess	"experimental_data;tabular_data"								
syn11374354	go:0000910	has_biolink:BiologicalProcess	"experimental_data;tabular_data"								
syn11374354	go:0042813	has_biolink:BiologicalProcess	"experimental_data;tabular_data"								
syn11374354	go:0022884	has_biolink:BiologicalProcess	"experimental_data;tabular_data"								
syn11374354	go:0051972	has_biolink:BiologicalProcess	"experimental_data;tabular_data"								
syn11374354	go:0019210	has_biolink:BiologicalProcess	"experimental_data;tabular_data"								
syn11374354	go:0005788	has_biolink:CellularComponent	"experimental_data;tabular_data"								
syn11374354	go:0045603	has_biolink:BiologicalProcess	"experimental_data;tabular_data"								
syn11374354	go:0010560	has_biolink:BiologicalProcess	"experimental_data;tabular_data"								
syn11374354	go:0046068	has_biolink:BiologicalProcess	"experimental_data;tabular_data"								
syn11374354	go:0045120	has_biolink:CellularComponent	"experimental_data;tabular_data"								
syn11374354	go:0042180	has_biolink:BiologicalProcess	"experimental_data;tabular_data"								
syn11374354	go:1905710	has_biolink:BiologicalProcess	"experimental_data;tabular_data"								
syn11374354	go:1904355	has_biolink:BiologicalProcess	"experimental_data;tabular_data"								
syn11374354	go:0035722	has_biolink:BiologicalProcess	"experimental_data;tabular_data"								
syn11374354	go:0038024	has_biolink:BiologicalProcess	"experimental_data;tabular_data"								
syn11374354	go:0007100	has_biolink:BiologicalProcess	"experimental_data;tabular_data"								
syn11374354	go:0007062	has_biolink:BiologicalProcess	"experimental_data;tabular_data"								
syn11374354	go:0001756	has_biolink:BiologicalProcess	"experimental_data;tabular_data"								
syn11374354	go:1902686	has_biolink:BiologicalProcess	"experimental_data;tabular_data"								
syn11374354	go:0030127	has_biolink:CellularComponent	"experimental_data;tabular_data"								
syn11374354	go:0048029	has_biolink:BiologicalProcess	"experimental_data;tabular_data"								
syn11374354	go:0016849	has_biolink:BiologicalProcess	"experimental_data;tabular_data"								
syn11374354	go:0043113	has_biolink:BiologicalProcess	"experimental_data;tabular_data"								
syn11374354	go:0002831	has_biolink:BiologicalProcess	"experimental_data;tabular_data"								
syn11374354	go:0006110	has_biolink:BiologicalProcess	"experimental_data;tabular_data"								
syn11374354	go:0070671	has_biolink:BiologicalProcess	"experimental_data;tabular_data"								
syn11374354	go:1902110	has_biolink:BiologicalProcess	"experimental_data;tabular_data"								
syn11374354	go:0006900	has_biolink:BiologicalProcess	"experimental_data;tabular_data"								
syn11374354	go:0009975	has_biolink:BiologicalProcess	"experimental_data;tabular_data"								
syn11374354	go:0005687	has_biolink:CellularComponent	"experimental_data;tabular_data"								
syn11374354	go:0140104	has_biolink:BiologicalProcess	"experimental_data;tabular_data"								
syn11374354	go:0043101	has_biolink:BiologicalProcess	"experimental_data;tabular_data"								
syn11374354	go:0016075	has_biolink:BiologicalProcess	"experimental_data;tabular_data"								
syn11374354	go:0048525	has_biolink:BiologicalProcess	"experimental_data;tabular_data"								
syn11374354	go:0033344	has_biolink:BiologicalProcess	"experimental_data;tabular_data"								
syn11374354	go:0048820	has_biolink:BiologicalProcess	"experimental_data;tabular_data"								
syn11374354	go:1905954	has_biolink:BiologicalProcess	"experimental_data;tabular_data"								
syn11374354	go:0017025	has_biolink:BiologicalProcess	"experimental_data;tabular_data"								
syn11374354	go:0001974	has_biolink:BiologicalProcess	"experimental_data;tabular_data"								
syn11374354	go:0006264	has_biolink:BiologicalProcess	"experimental_data;tabular_data"								
syn11374354	go:0045239	has_biolink:MacromolecularComplexOrProteinFamily	"experimental_data;tabular_data"								
syn11374354	go:0006515	has_biolink:BiologicalProcess	"experimental_data;tabular_data"								
syn11374354	go:0045182	has_biolink:BiologicalProcess	"experimental_data;tabular_data"								
syn11374354	go:0090100	has_biolink:BiologicalProcess	"experimental_data;tabular_data"								
syn11374354	go:0099515	has_biolink:BiologicalProcess	"experimental_data;tabular_data"								
syn11374354	go:0019935	has_biolink:BiologicalProcess	"experimental_data;tabular_data"								
syn11374354	go:0016051	has_biolink:BiologicalProcess	"experimental_data;tabular_data"								
syn11374354	go:0090575	has_biolink:MacromolecularComplexOrProteinFamily	"experimental_data;tabular_data"								
syn11374354	go:0061980	has_biolink:BiologicalProcess	"experimental_data;tabular_data"								
syn11374354	go:0018158	has_biolink:BiologicalProcess	"experimental_data;tabular_data"								
syn11374354	go:0009987	has_biolink:BiologicalProcess	"experimental_data;tabular_data"								
syn11374354	go:0010569	has_biolink:BiologicalProcess	"experimental_data;tabular_data"								
syn11374354	go:0071027	has_biolink:BiologicalProcess	"experimental_data;tabular_data"								
syn11374354	go:0071028	has_biolink:BiologicalProcess	"experimental_data;tabular_data"								
syn11374354	go:0043297	has_biolink:BiologicalProcess	"experimental_data;tabular_data"								
syn11374354	go:0071025	has_biolink:BiologicalProcess	"experimental_data;tabular_data"								
syn11374354	go:0050872	has_biolink:BiologicalProcess	"experimental_data;tabular_data"								
syn11374354	go:0043114	has_biolink:BiologicalProcess	"experimental_data;tabular_data"								
syn11374354	go:0060236	has_biolink:BiologicalProcess	"experimental_data;tabular_data"								
syn11374354	go:0004860	has_biolink:BiologicalProcess	"experimental_data;tabular_data"								
syn11374354	go:0051973	has_biolink:BiologicalProcess	"experimental_data;tabular_data"								
syn11374354	go:0043470	has_biolink:BiologicalProcess	"experimental_data;tabular_data"								
syn11374354	go:0000715	has_biolink:BiologicalProcess	"experimental_data;tabular_data"								
syn11374354	go:0033116	has_biolink:CellularComponent	"experimental_data;tabular_data"								
syn11374354	go:0051898	has_biolink:BiologicalProcess	"experimental_data;tabular_data"								
syn11374354	go:0031507	has_biolink:BiologicalProcess	"experimental_data;tabular_data"								
syn11374354	go:0008333	has_biolink:BiologicalProcess	"experimental_data;tabular_data"								
syn11374354	go:0005798	has_biolink:CellularComponent	"experimental_data;tabular_data"								
syn11374354	go:0032210	has_biolink:BiologicalProcess	"experimental_data;tabular_data"								
syn11374354	go:0005905	has_biolink:CellularComponent	"experimental_data;tabular_data"								
syn11374354	go:0016078	has_biolink:BiologicalProcess	"experimental_data;tabular_data"								
syn11374354	go:0090200	has_biolink:BiologicalProcess	"experimental_data;tabular_data"								
syn11374354	go:0045739	has_biolink:BiologicalProcess	"experimental_data;tabular_data"								
syn11374354	go:0071320	has_biolink:BiologicalProcess	"experimental_data;tabular_data"								
syn11374354	go:0035282	has_biolink:BiologicalProcess	"experimental_data;tabular_data"								
syn11374354	go:0051101	has_biolink:BiologicalProcess	"experimental_data;tabular_data"								
syn11374354	go:0120193	has_biolink:BiologicalProcess	"experimental_data;tabular_data"								
syn11374354	go:0070202	has_biolink:BiologicalProcess	"experimental_data;tabular_data"								
syn11374354	go:0062033	has_biolink:BiologicalProcess	"experimental_data;tabular_data"								
syn11374354	go:0030136	has_biolink:CellularComponent	"experimental_data;tabular_data"								
syn11374354	go:2000278	has_biolink:BiologicalProcess	"experimental_data;tabular_data"								
syn11374354	go:0034663	has_biolink:MacromolecularComplexOrProteinFamily	"experimental_data;tabular_data"								
syn11374354	go:0000722	has_biolink:BiologicalProcess	"experimental_data;tabular_data"								
syn11374354	go:0006048	has_biolink:BiologicalProcess	"experimental_data;tabular_data"								
syn11374354	go:0046326	has_biolink:BiologicalProcess	"experimental_data;tabular_data"								
syn11374354	go:0006383	has_biolink:BiologicalProcess	"experimental_data;tabular_data"								
syn11374354	go:0055094	has_biolink:BiologicalProcess	"experimental_data;tabular_data"								
syn11374354	go:0005871	has_biolink:MacromolecularComplexOrProteinFamily	"experimental_data;tabular_data"								
syn11374354	go:0000800	has_biolink:CellularComponent	"experimental_data;tabular_data"								
syn11374354	go:0051561	has_biolink:BiologicalProcess	"experimental_data;tabular_data"								
syn11374354	go:1901028	has_biolink:BiologicalProcess	"experimental_data;tabular_data"								
syn11374354	go:0005665	has_biolink:MacromolecularComplexOrProteinFamily	"experimental_data;tabular_data"								
syn11374354	go:0097107	has_biolink:BiologicalProcess	"experimental_data;tabular_data"								
syn11374354	go:0034244	has_biolink:BiologicalProcess	"experimental_data;tabular_data"								
syn11374354	go:0099072	has_biolink:BiologicalProcess	"experimental_data;tabular_data"								
syn11374354	go:0070830	has_biolink:BiologicalProcess	"experimental_data;tabular_data"								
syn11374354	go:0030665	has_biolink:CellularComponent	"experimental_data;tabular_data"								
syn11374354	go:0032266	has_biolink:BiologicalProcess	"experimental_data;tabular_data"								
syn11374354	go:0016303	has_biolink:BiologicalProcess	"experimental_data;tabular_data"								
syn11374354	go:0034708	has_biolink:MacromolecularComplexOrProteinFamily	"experimental_data;tabular_data"								
syn11374354	go:0002562	has_biolink:BiologicalProcess	"experimental_data;tabular_data"								
syn11374354	go:0016444	has_biolink:BiologicalProcess	"experimental_data;tabular_data"								
syn11374354	go:0043130	has_biolink:BiologicalProcess	"experimental_data;tabular_data"								
syn11374354	go:0045171	has_biolink:CellularComponent	"experimental_data;tabular_data"								
syn11374354	go:0031579	has_biolink:BiologicalProcess	"experimental_data;tabular_data"								
syn11374354	go:0023035	has_biolink:BiologicalProcess	"experimental_data;tabular_data"								
syn11374354	go:0033599	has_biolink:BiologicalProcess	"experimental_data;tabular_data"								
syn11374354	go:0006047	has_biolink:BiologicalProcess	"experimental_data;tabular_data"								
syn11374354	go:0008080	has_biolink:BiologicalProcess	"experimental_data;tabular_data"								
syn11374354	go:0051418	has_biolink:BiologicalProcess	"experimental_data;tabular_data"								
syn11374354	go:0000930	has_biolink:MacromolecularComplexOrProteinFamily	"experimental_data;tabular_data"								
syn11374354	go:0016868	has_biolink:BiologicalProcess	"experimental_data;tabular_data"								
syn11374354	go:0050766	has_biolink:BiologicalProcess	"experimental_data;tabular_data"								
syn11374354	go:0005001	has_biolink:BiologicalProcess	"experimental_data;tabular_data"								
syn11374354	go:0019198	has_biolink:BiologicalProcess	"experimental_data;tabular_data"								
syn11374354	go:0006892	has_biolink:BiologicalProcess	"experimental_data;tabular_data"								
syn11374354	go:0099084	has_biolink:BiologicalProcess	"experimental_data;tabular_data"								
syn11374354	go:0090207	has_biolink:BiologicalProcess	"experimental_data;tabular_data"								
syn11374354	go:0005721	has_biolink:CellularComponent	"experimental_data;tabular_data"								
syn11374354	go:0050764	has_biolink:BiologicalProcess	"experimental_data;tabular_data"								
syn11374354	go:0032934	has_biolink:BiologicalProcess	"experimental_data;tabular_data"								
syn11374354	go:0019511	has_biolink:BiologicalProcess	"experimental_data;tabular_data"								
syn11374354	go:0043647	has_biolink:BiologicalProcess	"experimental_data;tabular_data"								
syn11374354	go:0005669	has_biolink:MacromolecularComplexOrProteinFamily	"experimental_data;tabular_data"								
syn11374354	go:0006895	has_biolink:BiologicalProcess	"experimental_data;tabular_data"								
syn11374354	go:0007389	has_biolink:BiologicalProcess	"experimental_data;tabular_data"								
syn11374354	go:0006623	has_biolink:BiologicalProcess	"experimental_data;tabular_data"								
syn11374354	go:0019104	has_biolink:BiologicalProcess	"experimental_data;tabular_data"								
syn11374354	go:0044090	has_biolink:BiologicalProcess	"experimental_data;tabular_data"								
syn11374354	go:0051055	has_biolink:BiologicalProcess	"experimental_data;tabular_data"								
syn11374354	go:0034375	has_biolink:BiologicalProcess	"experimental_data;tabular_data"								
syn11374354	go:2000171	has_biolink:BiologicalProcess	"experimental_data;tabular_data"								
syn11374354	go:0010332	has_biolink:BiologicalProcess	"experimental_data;tabular_data"								
syn11374354	go:0043173	has_biolink:BiologicalProcess	"experimental_data;tabular_data"								
syn11374354	go:0051299	has_biolink:BiologicalProcess	"experimental_data;tabular_data"								
syn11374354	go:0000164	has_biolink:MacromolecularComplexOrProteinFamily	"experimental_data;tabular_data"								
syn11374354	go:0072176	has_biolink:BiologicalProcess	"experimental_data;tabular_data"								
syn11374354	go:0006144	has_biolink:BiologicalProcess	"experimental_data;tabular_data"								
syn11374354	go:1903726	has_biolink:BiologicalProcess	"experimental_data;tabular_data"								
syn11374354	go:0051057	has_biolink:BiologicalProcess	"experimental_data;tabular_data"								
syn11374354	go:0072010	has_biolink:BiologicalProcess	"experimental_data;tabular_data"								
syn11374354	go:0007019	has_biolink:BiologicalProcess	"experimental_data;tabular_data"								
syn11374354	go:0045945	has_biolink:BiologicalProcess	"experimental_data;tabular_data"								
syn11374354	go:0036465	has_biolink:BiologicalProcess	"experimental_data;tabular_data"								
syn11374354	go:0030291	has_biolink:BiologicalProcess	"experimental_data;tabular_data"								
syn11374354	go:0070316	has_biolink:BiologicalProcess	"experimental_data;tabular_data"								
syn11374354	go:0060292	has_biolink:BiologicalProcess	"experimental_data;tabular_data"								
syn11374354	go:0019042	has_biolink:BiologicalProcess	"experimental_data;tabular_data"								
syn11374354	go:1901981	has_biolink:BiologicalProcess	"experimental_data;tabular_data"								
syn11374354	go:0032182	has_biolink:BiologicalProcess	"experimental_data;tabular_data"								
syn11374354	go:0034204	has_biolink:BiologicalProcess	"experimental_data;tabular_data"								
syn11374354	go:0060044	has_biolink:BiologicalProcess	"experimental_data;tabular_data"								
syn11374354	go:0030048	has_biolink:BiologicalProcess	"experimental_data;tabular_data"								
syn11374354	go:0000212	has_biolink:BiologicalProcess	"experimental_data;tabular_data"								
syn11374354	go:1903522	has_biolink:BiologicalProcess	"experimental_data;tabular_data"								
syn11374354	go:0070672	has_biolink:BiologicalProcess	"experimental_data;tabular_data"								
syn11374354	go:0034314	has_biolink:BiologicalProcess	"experimental_data;tabular_data"								
syn11374354	go:0050434	has_biolink:BiologicalProcess	"experimental_data;tabular_data"								
syn11374354	go:0002691	has_biolink:BiologicalProcess	"experimental_data;tabular_data"								
syn11374354	go:0044322	has_biolink:CellularComponent	"experimental_data;tabular_data"								
syn11374354	go:0042887	has_biolink:BiologicalProcess	"experimental_data;tabular_data"								
syn11374354	go:0032964	has_biolink:BiologicalProcess	"experimental_data;tabular_data"								
syn11374354	go:1904668	has_biolink:BiologicalProcess	"experimental_data;tabular_data"								
syn11374354	go:0050145	has_biolink:BiologicalProcess	"experimental_data;tabular_data"								
syn11374354	go:0034103	has_biolink:BiologicalProcess	"experimental_data;tabular_data"								
syn11374354	go:0045144	has_biolink:BiologicalProcess	"experimental_data;tabular_data"								
syn11374354	go:0051177	has_biolink:BiologicalProcess	"experimental_data;tabular_data"								
syn11374354	go:0010866	has_biolink:BiologicalProcess	"experimental_data;tabular_data"								
syn11374354	go:0001824	has_biolink:BiologicalProcess	"experimental_data;tabular_data"								
syn11374354	go:0040018	has_biolink:BiologicalProcess	"experimental_data;tabular_data"								
syn11374354	go:0070534	has_biolink:BiologicalProcess	"experimental_data;tabular_data"								
syn11374354	go:0035723	has_biolink:BiologicalProcess	"experimental_data;tabular_data"								
syn11374354	go:0071350	has_biolink:BiologicalProcess	"experimental_data;tabular_data"								
syn11374354	go:0086080	has_biolink:BiologicalProcess	"experimental_data;tabular_data"								
syn11374354	go:1904666	has_biolink:BiologicalProcess	"experimental_data;tabular_data"								
syn11374354	go:0090713	has_biolink:BiologicalProcess	"experimental_data;tabular_data"								
syn11374354	go:0010561	has_biolink:BiologicalProcess	"experimental_data;tabular_data"								
syn11374354	go:0046823	has_biolink:BiologicalProcess	"experimental_data;tabular_data"								
syn11374354	go:0046879	has_biolink:BiologicalProcess	"experimental_data;tabular_data"								
syn11374354	go:0071711	has_biolink:BiologicalProcess	"experimental_data;tabular_data"								
syn11374354	go:0045913	has_biolink:BiologicalProcess	"experimental_data;tabular_data"								
syn11374354	go:0048168	has_biolink:BiologicalProcess	"experimental_data;tabular_data"								
syn11374354	go:0018107	has_biolink:BiologicalProcess	"experimental_data;tabular_data"								
syn11374354	go:0031994	has_biolink:BiologicalProcess	"experimental_data;tabular_data"								
syn11374354	go:0097197	has_biolink:CellularComponent	"experimental_data;tabular_data"								
syn11374354	go:0120192	has_biolink:BiologicalProcess	"experimental_data;tabular_data"								
syn11374354	go:0042310	has_biolink:BiologicalProcess	"experimental_data;tabular_data"								
syn11374354	go:0072350	has_biolink:BiologicalProcess	"experimental_data;tabular_data"								
syn11374354	go:0042340	has_biolink:BiologicalProcess	"experimental_data;tabular_data"								
syn11374354	go:0097431	has_biolink:CellularComponent	"experimental_data;tabular_data"								
syn11374354	go:0009190	has_biolink:BiologicalProcess	"experimental_data;tabular_data"								
syn11374354	go:0052652	has_biolink:BiologicalProcess	"experimental_data;tabular_data"								
syn11374354	go:2001212	has_biolink:BiologicalProcess	"experimental_data;tabular_data"								
syn11374354	go:0045023	has_biolink:BiologicalProcess	"experimental_data;tabular_data"								
syn11374354	go:0051043	has_biolink:BiologicalProcess	"experimental_data;tabular_data"								
syn11374354	go:0070601	has_biolink:BiologicalProcess	"experimental_data;tabular_data"								
syn11374354	go:0006620	has_biolink:BiologicalProcess	"experimental_data;tabular_data"								
syn11374354	go:0045835	has_biolink:BiologicalProcess	"experimental_data;tabular_data"								
syn11374354	go:0090657	has_biolink:BiologicalProcess	"experimental_data;tabular_data"								
syn11374354	go:0030501	has_biolink:BiologicalProcess	"experimental_data;tabular_data"								
syn11374354	go:0030449	has_biolink:BiologicalProcess	"experimental_data;tabular_data"								
syn11374354	go:0030865	has_biolink:BiologicalProcess	"experimental_data;tabular_data"								
syn11374354	go:0048070	has_biolink:BiologicalProcess	"experimental_data;tabular_data"								
syn11374354	go:0030374	has_biolink:BiologicalProcess	"experimental_data;tabular_data"								
syn11374354	go:0000792	has_biolink:CellularComponent	"experimental_data;tabular_data"								
syn11374354	go:0005031	has_biolink:BiologicalProcess	"experimental_data;tabular_data"								
syn11374354	go:0005881	has_biolink:CellularComponent	"experimental_data;tabular_data"								
syn11374354	go:0033598	has_biolink:BiologicalProcess	"experimental_data;tabular_data"								
syn11374354	go:0042983	has_biolink:BiologicalProcess	"experimental_data;tabular_data"								
syn11374354	go:0042984	has_biolink:BiologicalProcess	"experimental_data;tabular_data"								
syn11374354	go:0032366	has_biolink:BiologicalProcess	"experimental_data;tabular_data"								
syn11374354	go:0032367	has_biolink:BiologicalProcess	"experimental_data;tabular_data"								
syn11374354	go:0001774	has_biolink:BiologicalProcess	"experimental_data;tabular_data"								
syn11374354	go:0002269	has_biolink:BiologicalProcess	"experimental_data;tabular_data"								
syn11374354	go:0016050	has_biolink:BiologicalProcess	"experimental_data;tabular_data"								
syn11374354	go:0006109	has_biolink:BiologicalProcess	"experimental_data;tabular_data"								
syn11374354	go:0055088	has_biolink:BiologicalProcess	"experimental_data;tabular_data"								
syn11374354	go:2000785	has_biolink:BiologicalProcess	"experimental_data;tabular_data"								
syn11374354	go:0006998	has_biolink:BiologicalProcess	"experimental_data;tabular_data"								
syn11374354	go:0097035	has_biolink:BiologicalProcess	"experimental_data;tabular_data"								
syn11374354	go:0097205	has_biolink:BiologicalProcess	"experimental_data;tabular_data"								
syn11374354	go:0032731	has_biolink:BiologicalProcess	"experimental_data;tabular_data"								
syn11374354	go:0005795	has_biolink:CellularComponent	"experimental_data;tabular_data"								
syn11374354	go:0016327	has_biolink:CellularComponent	"experimental_data;tabular_data"								
syn11374354	go:0031253	has_biolink:CellularComponent	"experimental_data;tabular_data"								
syn11374354	go:0010614	has_biolink:BiologicalProcess	"experimental_data;tabular_data"								
syn11374354	go:0006307	has_biolink:BiologicalProcess	"experimental_data;tabular_data"								
syn11374354	go:0051668	has_biolink:BiologicalProcess	"experimental_data;tabular_data"								
syn11374354	go:0035357	has_biolink:BiologicalProcess	"experimental_data;tabular_data"								
syn11374354	mesh:D012340	has_biolink:SmallMolecule	"experimental_data;tabular_data"								
syn11374354	go:0046929	has_biolink:BiologicalProcess	"experimental_data;tabular_data"								
syn11374354	go:0097306	has_biolink:BiologicalProcess	"experimental_data;tabular_data"								
syn11374354	go:0010884	has_biolink:BiologicalProcess	"experimental_data;tabular_data"								
syn11374354	go:0050321	has_biolink:BiologicalProcess	"experimental_data;tabular_data"								
syn11374354	go:0009650	has_biolink:BiologicalProcess	"experimental_data;tabular_data"								
syn11374354	go:0046883	has_biolink:BiologicalProcess	"experimental_data;tabular_data"								
syn11374354	go:0031118	has_biolink:BiologicalProcess	"experimental_data;tabular_data"								
syn11374354	go:0016073	has_biolink:BiologicalProcess	"experimental_data;tabular_data"								
syn11374354	go:0051560	has_biolink:BiologicalProcess	"experimental_data;tabular_data"								
syn11374354	go:0072666	has_biolink:BiologicalProcess	"experimental_data;tabular_data"								
syn11374354	go:0030534	has_biolink:BiologicalProcess	"experimental_data;tabular_data"								
syn11374354	go:0033687	has_biolink:BiologicalProcess	"experimental_data;tabular_data"								
syn11374354	go:0015026	has_biolink:BiologicalProcess	"experimental_data;tabular_data"								
syn11374354	go:0090201	has_biolink:BiologicalProcess	"experimental_data;tabular_data"								
syn11374354	go:0048839	has_biolink:BiologicalProcess	"experimental_data;tabular_data"								
syn11374354	go:0046887	has_biolink:BiologicalProcess	"experimental_data;tabular_data"								
syn11374354	go:0007096	has_biolink:BiologicalProcess	"experimental_data;tabular_data"								
syn11374354	go:0003887	has_biolink:BiologicalProcess	"experimental_data;tabular_data"								
syn11374354	go:0030050	has_biolink:BiologicalProcess	"experimental_data;tabular_data"								
syn11374354	go:0051298	has_biolink:BiologicalProcess	"experimental_data;tabular_data"								
syn11374354	go:0043422	has_biolink:BiologicalProcess	"experimental_data;tabular_data"								
syn11374354	go:0042632	has_biolink:BiologicalProcess	"experimental_data;tabular_data"								
syn11374354	go:0021533	has_biolink:BiologicalProcess	"experimental_data;tabular_data"								
syn11374354	go:0034104	has_biolink:BiologicalProcess	"experimental_data;tabular_data"								
syn11374354	go:0035176	has_biolink:BiologicalProcess	"experimental_data;tabular_data"								
syn11374354	go:0014850	has_biolink:BiologicalProcess	"experimental_data;tabular_data"								
syn11374354	go:0031418	has_biolink:BiologicalProcess	"experimental_data;tabular_data"								
syn11374354	go:0034453	has_biolink:BiologicalProcess	"experimental_data;tabular_data"								
syn11374354	go:0060338	has_biolink:BiologicalProcess	"experimental_data;tabular_data"								
syn11374354	go:0098534	has_biolink:BiologicalProcess	"experimental_data;tabular_data"								
syn11374354	go:0098554	has_biolink:CellularComponent	"experimental_data;tabular_data"								
syn11374354	go:0045834	has_biolink:BiologicalProcess	"experimental_data;tabular_data"								
syn11374354	go:0018210	has_biolink:BiologicalProcess	"experimental_data;tabular_data"								
syn11374354	go:0006958	has_biolink:BiologicalProcess	"experimental_data;tabular_data"								
syn11374354	go:2000104	has_biolink:BiologicalProcess	"experimental_data;tabular_data"								
syn11374354	go:1904047	has_biolink:BiologicalProcess	"experimental_data;tabular_data"								
syn11374354	go:0005751	has_biolink:MacromolecularComplexOrProteinFamily	"experimental_data;tabular_data"								
syn11374354	go:0034450	has_biolink:BiologicalProcess	"experimental_data;tabular_data"								
syn11374354	go:0051294	has_biolink:BiologicalProcess	"experimental_data;tabular_data"								
syn11374354	go:1900449	has_biolink:BiologicalProcess	"experimental_data;tabular_data"								
syn11374354	go:0032785	has_biolink:BiologicalProcess	"experimental_data;tabular_data"								
syn11374354	go:0072170	has_biolink:BiologicalProcess	"experimental_data;tabular_data"								
syn11374354	go:0016840	has_biolink:BiologicalProcess	"experimental_data;tabular_data"								
syn11374354	go:0010664	has_biolink:BiologicalProcess	"experimental_data;tabular_data"								
syn11374354	go:0007099	has_biolink:BiologicalProcess	"experimental_data;tabular_data"								
syn11374354	go:0003188	has_biolink:BiologicalProcess	"experimental_data;tabular_data"								
syn11374354	go:0046037	has_biolink:BiologicalProcess	"experimental_data;tabular_data"								
syn11374354	go:0009914	has_biolink:BiologicalProcess	"experimental_data;tabular_data"								
syn11374354	go:0061053	has_biolink:BiologicalProcess	"experimental_data;tabular_data"								
syn11374354	go:0030166	has_biolink:BiologicalProcess	"experimental_data;tabular_data"								
syn11374354	go:0005977	has_biolink:BiologicalProcess	"experimental_data;tabular_data"								
syn11374354	go:0009952	has_biolink:BiologicalProcess	"experimental_data;tabular_data"								
syn11374354	go:0010742	has_biolink:BiologicalProcess	"experimental_data;tabular_data"								
syn11374354	go:0090077	has_biolink:BiologicalProcess	"experimental_data;tabular_data"								
syn11374354	go:0015923	has_biolink:BiologicalProcess	"experimental_data;tabular_data"								
syn11374354	go:0005035	has_biolink:BiologicalProcess	"experimental_data;tabular_data"								
syn11374354	go:0022037	has_biolink:BiologicalProcess	"experimental_data;tabular_data"								
syn11374354	go:0045332	has_biolink:BiologicalProcess	"experimental_data;tabular_data"								
syn11374354	go:0004559	has_biolink:BiologicalProcess	"experimental_data;tabular_data"								
syn11374354	go:0006206	has_biolink:BiologicalProcess	"experimental_data;tabular_data"								
syn11374354	go:0042471	has_biolink:BiologicalProcess	"experimental_data;tabular_data"								
syn11374354	go:0000028	has_biolink:BiologicalProcess	"experimental_data;tabular_data"								
syn11374354	go:1901030	has_biolink:BiologicalProcess	"experimental_data;tabular_data"								
syn11374354	go:0035418	has_biolink:BiologicalProcess	"experimental_data;tabular_data"								
syn11374354	go:0003094	has_biolink:BiologicalProcess	"experimental_data;tabular_data"								
syn11374354	go:0001832	has_biolink:BiologicalProcess	"experimental_data;tabular_data"								
syn11374354	go:0000795	has_biolink:MacromolecularComplexOrProteinFamily	"experimental_data;tabular_data"								
syn11374354	go:0099086	has_biolink:CellularComponent	"experimental_data;tabular_data"								
syn11374354	go:0045940	has_biolink:BiologicalProcess	"experimental_data;tabular_data"								
syn11374354	chebi:28765	has_biolink:SmallMolecule	"experimental_data;tabular_data"								
syn11374354	go:0021527	has_biolink:BiologicalProcess	"experimental_data;tabular_data"								
syn11374354	go:0032482	has_biolink:BiologicalProcess	"experimental_data;tabular_data"								
syn11374354	go:0009151	has_biolink:BiologicalProcess	"experimental_data;tabular_data"								
syn11374354	go:0010893	has_biolink:BiologicalProcess	"experimental_data;tabular_data"								
syn11374354	go:0010603	has_biolink:BiologicalProcess	"experimental_data;tabular_data"								
syn11374354	go:0032957	has_biolink:BiologicalProcess	"experimental_data;tabular_data"								
syn11374354	go:0045953	has_biolink:BiologicalProcess	"experimental_data;tabular_data"								
syn11374354	go:1905048	has_biolink:BiologicalProcess	"experimental_data;tabular_data"								
syn11374354	go:0000109	has_biolink:MacromolecularComplexOrProteinFamily	"experimental_data;tabular_data"								
syn11374354	go:0004016	has_biolink:BiologicalProcess	"experimental_data;tabular_data"								
syn11374354	go:0006171	has_biolink:BiologicalProcess	"experimental_data;tabular_data"								
syn11374354	go:0007215	has_biolink:BiologicalProcess	"experimental_data;tabular_data"								
syn11374354	go:0006971	has_biolink:BiologicalProcess	"experimental_data;tabular_data"								
syn11374354	go:0015937	has_biolink:BiologicalProcess	"experimental_data;tabular_data"								
syn11374354	go:0034368	has_biolink:BiologicalProcess	"experimental_data;tabular_data"								
syn11374354	go:0034369	has_biolink:BiologicalProcess	"experimental_data;tabular_data"								
syn11374354	go:0045725	has_biolink:BiologicalProcess	"experimental_data;tabular_data"								
syn11374354	go:0002455	has_biolink:BiologicalProcess	"experimental_data;tabular_data"								
syn11374354	go:0072224	has_biolink:BiologicalProcess	"experimental_data;tabular_data"								
syn11374354	go:1904321	has_biolink:BiologicalProcess	"experimental_data;tabular_data"								
syn11374354	go:1904322	has_biolink:BiologicalProcess	"experimental_data;tabular_data"								
syn11374354	go:0006956	has_biolink:BiologicalProcess	"experimental_data;tabular_data"								
syn11374354	go:0072677	has_biolink:BiologicalProcess	"experimental_data;tabular_data"								
syn11374354	go:0006222	has_biolink:BiologicalProcess	"experimental_data;tabular_data"								
syn11374354	go:0009173	has_biolink:BiologicalProcess	"experimental_data;tabular_data"								
syn11374354	go:0009174	has_biolink:BiologicalProcess	"experimental_data;tabular_data"								
syn11374354	go:0046049	has_biolink:BiologicalProcess	"experimental_data;tabular_data"								
syn11374354	go:0006140	has_biolink:BiologicalProcess	"experimental_data;tabular_data"								
syn11374354	go:0006112	has_biolink:BiologicalProcess	"experimental_data;tabular_data"								
syn11374354	go:0005496	has_biolink:BiologicalProcess	"experimental_data;tabular_data"								
syn11374354	go:0071104	has_biolink:BiologicalProcess	"experimental_data;tabular_data"								
syn11374354	go:0051604	has_biolink:BiologicalProcess	"experimental_data;tabular_data"								
syn11374354	go:0060042	has_biolink:BiologicalProcess	"experimental_data;tabular_data"								
syn11374354	go:1904589	has_biolink:BiologicalProcess	"experimental_data;tabular_data"								
syn11374354	go:0071695	has_biolink:BiologicalProcess	"experimental_data;tabular_data"								
syn11374354	go:0004722	has_biolink:BiologicalProcess	"experimental_data;tabular_data"								
syn11374354	go:0002092	has_biolink:BiologicalProcess	"experimental_data;tabular_data"								
syn11374354	go:0006942	has_biolink:BiologicalProcess	"experimental_data;tabular_data"								
syn11374354	go:0035331	has_biolink:BiologicalProcess	"experimental_data;tabular_data"								
syn11374354	go:0072665	has_biolink:BiologicalProcess	"experimental_data;tabular_data"								
syn11374354	go:1901096	has_biolink:BiologicalProcess	"experimental_data;tabular_data"								
syn11374354	go:0046889	has_biolink:BiologicalProcess	"experimental_data;tabular_data"								
syn11374354	go:0097060	has_biolink:CellularComponent	"experimental_data;tabular_data"								
syn11374354	go:0042130	has_biolink:BiologicalProcess	"experimental_data;tabular_data"								
syn11374354	go:0016407	has_biolink:BiologicalProcess	"experimental_data;tabular_data"								
syn11374354	go:0034638	has_biolink:BiologicalProcess	"experimental_data;tabular_data"								
syn11374354	go:0052742	has_biolink:BiologicalProcess	"experimental_data;tabular_data"								
syn11374354	go:0099092	has_biolink:CellularComponent	"experimental_data;tabular_data"								
syn11374354	go:0033688	has_biolink:BiologicalProcess	"experimental_data;tabular_data"								
syn11374354	go:0046931	has_biolink:BiologicalProcess	"experimental_data;tabular_data"								
syn11374354	go:0051703	has_biolink:BiologicalProcess	"experimental_data;tabular_data"								
syn11374354	go:0000123	has_biolink:MacromolecularComplexOrProteinFamily	"experimental_data;tabular_data"								
syn11374354	go:0071322	has_biolink:BiologicalProcess	"experimental_data;tabular_data"								
syn11374354	go:0098698	has_biolink:BiologicalProcess	"experimental_data;tabular_data"								
syn11374354	go:0055092	has_biolink:BiologicalProcess	"experimental_data;tabular_data"								
syn11374354	go:0048245	has_biolink:BiologicalProcess	"experimental_data;tabular_data"								
syn11374354	go:0050775	has_biolink:BiologicalProcess	"experimental_data;tabular_data"								
syn11374354	go:0048018	has_biolink:BiologicalProcess	"experimental_data;tabular_data"								
syn11374354	go:0030546	has_biolink:BiologicalProcess	"experimental_data;tabular_data"								
syn11374354	go:0140296	has_biolink:BiologicalProcess	"experimental_data;tabular_data"								
syn11374354	go:1990351	has_biolink:MacromolecularComplexOrProteinFamily	"experimental_data;tabular_data"								
syn11374354	go:0006743	has_biolink:BiologicalProcess	"experimental_data;tabular_data"								
syn11374354	go:0034703	has_biolink:MacromolecularComplexOrProteinFamily	"experimental_data;tabular_data"								
syn11374354	go:0005244	has_biolink:BiologicalProcess	"experimental_data;tabular_data"								
syn11374354	go:0022832	has_biolink:BiologicalProcess	"experimental_data;tabular_data"								
syn11374354	go:0006744	has_biolink:BiologicalProcess	"experimental_data;tabular_data"								
syn11374354	go:1901663	has_biolink:BiologicalProcess	"experimental_data;tabular_data"								
syn11374354	go:1902495	has_biolink:MacromolecularComplexOrProteinFamily	"experimental_data;tabular_data"								
syn11374354	go:1901661	has_biolink:BiologicalProcess	"experimental_data;tabular_data"								
syn11374354	go:0005852	has_biolink:MacromolecularComplexOrProteinFamily	"experimental_data;tabular_data"								
syn11374354	go:0006622	has_biolink:BiologicalProcess	"experimental_data;tabular_data"								
syn11374354	go:0046825	has_biolink:BiologicalProcess	"experimental_data;tabular_data"								
syn11374354	go:0019730	has_biolink:BiologicalProcess	"experimental_data;tabular_data"								
syn11374354	go:0031514	has_biolink:CellularComponent	"experimental_data;tabular_data"								
syn11374354	go:0030214	has_biolink:BiologicalProcess	"experimental_data;tabular_data"								
syn11374354	hgnc:12679	has_biolink:GeneOrGeneProduct	"experimental_data;tabular_data"								
syn11374354	go:0061515	has_biolink:BiologicalProcess	"experimental_data;tabular_data"								
syn11374354	go:0009063	has_biolink:BiologicalProcess	"experimental_data;tabular_data"								
syn11374354	go:0034705	has_biolink:MacromolecularComplexOrProteinFamily	"experimental_data;tabular_data"								
syn11374354	go:0061844	has_biolink:BiologicalProcess	"experimental_data;tabular_data"								
syn11374354	go:0001893	has_biolink:BiologicalProcess	"experimental_data;tabular_data"								
syn11374354	go:0008076	has_biolink:MacromolecularComplexOrProteinFamily	"experimental_data;tabular_data"								
syn11374354	go:0090110	has_biolink:BiologicalProcess	"experimental_data;tabular_data"								
syn11374354	go:0015079	has_biolink:BiologicalProcess	"experimental_data;tabular_data"								
syn11374354	go:0004312	has_biolink:BiologicalProcess	"experimental_data;tabular_data"								
syn11374354	go:0072498	has_biolink:BiologicalProcess	"experimental_data;tabular_data"								
syn11374354	go:0031258	has_biolink:CellularComponent	"experimental_data;tabular_data"								
syn11374354	go:0042162	has_biolink:BiologicalProcess	"experimental_data;tabular_data"								
syn11374354	go:0031122	has_biolink:BiologicalProcess	"experimental_data;tabular_data"								
syn11374354	go:0006959	has_biolink:BiologicalProcess	"experimental_data;tabular_data"								
syn11374354	go:0097731	has_biolink:CellularComponent	"experimental_data;tabular_data"								
syn11374354	go:2000392	has_biolink:BiologicalProcess	"experimental_data;tabular_data"								
syn11374354	go:0097729	has_biolink:CellularComponent	"experimental_data;tabular_data"								
syn11374354	go:0071479	has_biolink:BiologicalProcess	"experimental_data;tabular_data"								
syn11374354	go:0003725	has_biolink:BiologicalProcess	"experimental_data;tabular_data"								
syn11374354	go:1903749	has_biolink:BiologicalProcess	"experimental_data;tabular_data"								
syn11374354	go:0008088	has_biolink:BiologicalProcess	"experimental_data;tabular_data"								
syn11374354	go:0045943	has_biolink:BiologicalProcess	"experimental_data;tabular_data"								
syn11374354	go:0070897	has_biolink:BiologicalProcess	"experimental_data;tabular_data"								
syn11374354	go:0099529	has_biolink:BiologicalProcess	"experimental_data;tabular_data"								
syn11374354	go:0006356	has_biolink:BiologicalProcess	"experimental_data;tabular_data"								
syn11374354	go:1901606	has_biolink:BiologicalProcess	"experimental_data;tabular_data"								
syn11374354	go:0042532	has_biolink:BiologicalProcess	"experimental_data;tabular_data"								
syn11374354	go:0031640	has_biolink:BiologicalProcess	"experimental_data;tabular_data"								
syn11374354	go:0015081	has_biolink:BiologicalProcess	"experimental_data;tabular_data"								
syn11374354	go:0004252	has_biolink:BiologicalProcess	"experimental_data;tabular_data"								
syn11374354	go:0046854	has_biolink:BiologicalProcess	"experimental_data;tabular_data"								
syn11374354	go:0097733	has_biolink:CellularComponent	"experimental_data;tabular_data"								
syn11374354	go:0019731	has_biolink:BiologicalProcess	"experimental_data;tabular_data"								
syn11374354	go:0051457	has_biolink:BiologicalProcess	"experimental_data;tabular_data"								
syn11374354	go:0098751	has_biolink:BiologicalProcess	"experimental_data;tabular_data"								
syn11374354	go:0000407	has_biolink:CellularComponent	"experimental_data;tabular_data"								
syn11374354	go:0035024	has_biolink:BiologicalProcess	"experimental_data;tabular_data"								
syn11374354	go:0030206	has_biolink:BiologicalProcess	"experimental_data;tabular_data"								
syn11374354	go:0036126	has_biolink:CellularComponent	"experimental_data;tabular_data"								
syn11374354	go:0046697	has_biolink:BiologicalProcess	"experimental_data;tabular_data"								
syn11374354	go:0016553	has_biolink:BiologicalProcess	"experimental_data;tabular_data"								
syn11374354	go:0030992	has_biolink:CellularComponent	"experimental_data;tabular_data"								
syn11374354	go:0048665	has_biolink:BiologicalProcess	"experimental_data;tabular_data"								
syn11374354	go:0000098	has_biolink:BiologicalProcess	"experimental_data;tabular_data"								
syn11374354	go:0035082	has_biolink:BiologicalProcess	"experimental_data;tabular_data"								
syn11374354	go:1903054	has_biolink:BiologicalProcess	"experimental_data;tabular_data"								
syn11374354	go:0035635	has_biolink:BiologicalProcess	"experimental_data;tabular_data"								
syn11374354	go:0070286	has_biolink:BiologicalProcess	"experimental_data;tabular_data"								
syn11374354	go:0031593	has_biolink:BiologicalProcess	"experimental_data;tabular_data"								
syn11374354	go:0001676	has_biolink:BiologicalProcess	"experimental_data;tabular_data"								
syn11374354	go:0033540	has_biolink:BiologicalProcess	"experimental_data;tabular_data"								
syn11374354	go:0002385	has_biolink:BiologicalProcess	"experimental_data;tabular_data"								
syn11374354	go:0010273	has_biolink:BiologicalProcess	"experimental_data;tabular_data"								
syn11374354	go:1990169	has_biolink:BiologicalProcess	"experimental_data;tabular_data"								
syn11374354	go:0003352	has_biolink:BiologicalProcess	"experimental_data;tabular_data"								
syn11374354	go:0046426	has_biolink:BiologicalProcess	"experimental_data;tabular_data"								
syn11374354	go:1901317	has_biolink:BiologicalProcess	"experimental_data;tabular_data"								
syn11374354	go:0015103	has_biolink:BiologicalProcess	"experimental_data;tabular_data"								
syn11374354	go:0009223	has_biolink:BiologicalProcess	"experimental_data;tabular_data"								
syn11374354	go:0030548	has_biolink:BiologicalProcess	"experimental_data;tabular_data"								
syn11374354	go:0099602	has_biolink:BiologicalProcess	"experimental_data;tabular_data"								
syn11374354	go:0005161	has_biolink:BiologicalProcess	"experimental_data;tabular_data"								
syn11374354	go:0044030	has_biolink:BiologicalProcess	"experimental_data;tabular_data"								
syn11374354	go:0016442	has_biolink:MacromolecularComplexOrProteinFamily	"experimental_data;tabular_data"								
syn11374354	go:0031332	has_biolink:MacromolecularComplexOrProteinFamily	"experimental_data;tabular_data"								
syn11374354	go:0002251	has_biolink:BiologicalProcess	"experimental_data;tabular_data"								
syn11374354	go:0047760	has_biolink:BiologicalProcess	"experimental_data;tabular_data"								
syn11374354	go:1902117	has_biolink:BiologicalProcess	"experimental_data;tabular_data"								
syn11374354	go:1900120	has_biolink:BiologicalProcess	"experimental_data;tabular_data"								
syn11374354	fplx:Histone_H2A	has_biolink:MacromolecularComplexOrProteinFamily	"experimental_data;tabular_data"								
syn11374354	go:0005125	has_biolink:BiologicalProcess	"experimental_data;tabular_data"								
syn11374354	go:0042921	has_biolink:BiologicalProcess	"experimental_data;tabular_data"								
syn11374354	go:0007224	has_biolink:BiologicalProcess	"experimental_data;tabular_data"								
syn11374354	go:0045070	has_biolink:BiologicalProcess	"experimental_data;tabular_data"								
syn11374354	go:0051721	has_biolink:BiologicalProcess	"experimental_data;tabular_data"								
syn11374354	go:0061024	has_biolink:BiologicalProcess	"experimental_data;tabular_data"								
syn11374354	go:0006525	has_biolink:BiologicalProcess	"experimental_data;tabular_data"								
syn11374354	go:0002063	has_biolink:BiologicalProcess	"experimental_data;tabular_data"								
syn11374354	go:0050855	has_biolink:BiologicalProcess	"experimental_data;tabular_data"								
syn11374354	go:0036010	has_biolink:BiologicalProcess	"experimental_data;tabular_data"								
syn11374354	go:0050829	has_biolink:BiologicalProcess	"experimental_data;tabular_data"								
syn11374354	go:0071230	has_biolink:BiologicalProcess	"experimental_data;tabular_data"								
syn11374354	go:0048663	has_biolink:BiologicalProcess	"experimental_data;tabular_data"								
syn11374354	go:0042537	has_biolink:BiologicalProcess	"experimental_data;tabular_data"								
syn11374354	go:0034755	has_biolink:BiologicalProcess	"experimental_data;tabular_data"								
syn11374354	go:0032205	has_biolink:BiologicalProcess	"experimental_data;tabular_data"								
syn11374354	go:0046527	has_biolink:BiologicalProcess	"experimental_data;tabular_data"								
syn11374354	go:1903214	has_biolink:BiologicalProcess	"experimental_data;tabular_data"								
syn11374354	go:0015125	has_biolink:BiologicalProcess	"experimental_data;tabular_data"								
syn11374354	go:0019076	has_biolink:BiologicalProcess	"experimental_data;tabular_data"								
syn11374354	go:0035891	has_biolink:BiologicalProcess	"experimental_data;tabular_data"								
syn11374354	go:0019068	has_biolink:BiologicalProcess	"experimental_data;tabular_data"								
syn11374354	go:0009143	has_biolink:BiologicalProcess	"experimental_data;tabular_data"								
syn11374354	go:0016554	has_biolink:BiologicalProcess	"experimental_data;tabular_data"								
syn11374354	go:1903077	has_biolink:BiologicalProcess	"experimental_data;tabular_data"								
syn11374354	go:0060295	has_biolink:BiologicalProcess	"experimental_data;tabular_data"								
syn11374354	go:1902019	has_biolink:BiologicalProcess	"experimental_data;tabular_data"								
syn11374354	go:0042054	has_biolink:BiologicalProcess	"experimental_data;tabular_data"								
syn11374354	go:0042742	has_biolink:BiologicalProcess	"experimental_data;tabular_data"								
syn11374354	go:0030904	has_biolink:MacromolecularComplexOrProteinFamily	"experimental_data;tabular_data"								
syn11374354	go:0002328	has_biolink:BiologicalProcess	"experimental_data;tabular_data"								
syn11374354	chebi:27365	has_biolink:SmallMolecule	"experimental_data;tabular_data"								
syn11374354	go:0050482	has_biolink:BiologicalProcess	"experimental_data;tabular_data"								
syn11374354	go:1903963	has_biolink:BiologicalProcess	"experimental_data;tabular_data"								
syn11374354	go:0006086	has_biolink:BiologicalProcess	"experimental_data;tabular_data"								
syn11374354	go:0010369	has_biolink:CellularComponent	"experimental_data;tabular_data"								
syn11374354	go:0035459	has_biolink:BiologicalProcess	"experimental_data;tabular_data"								
syn11374354	go:0000050	has_biolink:BiologicalProcess	"experimental_data;tabular_data"								
syn11374354	go:0015108	has_biolink:BiologicalProcess	"experimental_data;tabular_data"								
syn11374354	go:0015844	has_biolink:BiologicalProcess	"experimental_data;tabular_data"								
syn11374354	go:0043116	has_biolink:BiologicalProcess	"experimental_data;tabular_data"								
syn11374354	go:0071294	has_biolink:BiologicalProcess	"experimental_data;tabular_data"								
syn11374354	go:0045006	has_biolink:BiologicalProcess	"experimental_data;tabular_data"								
syn11374354	go:0045211	has_biolink:CellularComponent	"experimental_data;tabular_data"								
syn11374354	go:0035336	has_biolink:BiologicalProcess	"experimental_data;tabular_data"								
syn11374354	go:0031111	has_biolink:BiologicalProcess	"experimental_data;tabular_data"								
syn11374354	go:0016405	has_biolink:BiologicalProcess	"experimental_data;tabular_data"								
syn11374354	go:0071480	has_biolink:BiologicalProcess	"experimental_data;tabular_data"								
syn11374354	go:0005159	has_biolink:BiologicalProcess	"experimental_data;tabular_data"								
syn11374354	go:0001750	has_biolink:CellularComponent	"experimental_data;tabular_data"								
syn11374354	go:0070530	has_biolink:BiologicalProcess	"experimental_data;tabular_data"								
syn11374354	go:1903977	has_biolink:BiologicalProcess	"experimental_data;tabular_data"								
syn11374354	go:0097501	has_biolink:BiologicalProcess	"experimental_data;tabular_data"								
syn11374354	go:0016279	has_biolink:BiologicalProcess	"experimental_data;tabular_data"								
syn11374354	go:0007187	has_biolink:BiologicalProcess	"experimental_data;tabular_data"								
syn11374354	go:0001917	has_biolink:CellularComponent	"experimental_data;tabular_data"								
syn11374354	go:0006978	has_biolink:BiologicalProcess	"experimental_data;tabular_data"								
syn11374354	go:0035308	has_biolink:BiologicalProcess	"experimental_data;tabular_data"								
syn11374354	go:0060272	has_biolink:BiologicalProcess	"experimental_data;tabular_data"								
syn11374354	go:0010762	has_biolink:BiologicalProcess	"experimental_data;tabular_data"								
syn11374354	go:0042430	has_biolink:BiologicalProcess	"experimental_data;tabular_data"								
syn11374354	go:1990756	has_biolink:BiologicalProcess	"experimental_data;tabular_data"								
syn11374354	go:0015671	has_biolink:BiologicalProcess	"experimental_data;tabular_data"								
syn11374354	go:1902710	has_biolink:MacromolecularComplexOrProteinFamily	"experimental_data;tabular_data"								
syn11374354	go:0141137	has_biolink:BiologicalProcess	"experimental_data;tabular_data"								
syn11374354	go:0032309	has_biolink:BiologicalProcess	"experimental_data;tabular_data"								
syn11374354	go:0043015	has_biolink:BiologicalProcess	"experimental_data;tabular_data"								
syn11374354	go:1903599	has_biolink:BiologicalProcess	"experimental_data;tabular_data"								
syn11374354	go:0007032	has_biolink:BiologicalProcess	"experimental_data;tabular_data"								
syn11374354	go:0036148	has_biolink:BiologicalProcess	"experimental_data;tabular_data"								
syn11374354	go:0072595	has_biolink:BiologicalProcess	"experimental_data;tabular_data"								
syn11374354	go:0000096	has_biolink:BiologicalProcess	"experimental_data;tabular_data"								
syn11374354	go:0016538	has_biolink:BiologicalProcess	"experimental_data;tabular_data"								
syn11374354	go:0008236	has_biolink:BiologicalProcess	"experimental_data;tabular_data"								
syn11374354	go:0044458	has_biolink:BiologicalProcess	"experimental_data;tabular_data"								
syn11374354	go:0046434	has_biolink:BiologicalProcess	"experimental_data;tabular_data"								
syn11374354	go:0021936	has_biolink:BiologicalProcess	"experimental_data;tabular_data"								
syn11374354	go:1902410	has_biolink:BiologicalProcess	"experimental_data;tabular_data"								
syn11374354	go:0048711	has_biolink:BiologicalProcess	"experimental_data;tabular_data"								
syn11374354	go:0048706	has_biolink:BiologicalProcess	"experimental_data;tabular_data"								
syn11374354	go:0016917	has_biolink:BiologicalProcess	"experimental_data;tabular_data"								
syn11374354	go:0017171	has_biolink:BiologicalProcess	"experimental_data;tabular_data"								
syn11374354	go:0035855	has_biolink:BiologicalProcess	"experimental_data;tabular_data"								
syn11374354	go:0001895	has_biolink:BiologicalProcess	"experimental_data;tabular_data"								
syn11374354	go:0070911	has_biolink:BiologicalProcess	"experimental_data;tabular_data"								
syn11374354	go:0031616	has_biolink:CellularComponent	"experimental_data;tabular_data"								
syn11374354	go:0018202	has_biolink:BiologicalProcess	"experimental_data;tabular_data"								
syn11374354	go:1902751	has_biolink:BiologicalProcess	"experimental_data;tabular_data"								
syn11374354	go:0034776	has_biolink:BiologicalProcess	"experimental_data;tabular_data"								
syn11374354	go:0035631	has_biolink:MacromolecularComplexOrProteinFamily	"experimental_data;tabular_data"								
syn11374354	go:0005685	has_biolink:CellularComponent	"experimental_data;tabular_data"								
syn11374354	go:0018027	has_biolink:BiologicalProcess	"experimental_data;tabular_data"								
syn11374354	go:0039529	has_biolink:BiologicalProcess	"experimental_data;tabular_data"								
syn11374354	go:0031338	has_biolink:BiologicalProcess	"experimental_data;tabular_data"								
syn11374354	go:1990535	has_biolink:BiologicalProcess	"experimental_data;tabular_data"								
syn11374354	go:0060135	has_biolink:BiologicalProcess	"experimental_data;tabular_data"								
syn11374354	go:0005251	has_biolink:BiologicalProcess	"experimental_data;tabular_data"								
syn11374354	go:0042772	has_biolink:BiologicalProcess	"experimental_data;tabular_data"								
syn11374354	go:0008327	has_biolink:BiologicalProcess	"experimental_data;tabular_data"								
syn11374354	go:0050786	has_biolink:BiologicalProcess	"experimental_data;tabular_data"								
syn11374354	go:0015645	has_biolink:BiologicalProcess	"experimental_data;tabular_data"								
syn11374354	go:0050832	has_biolink:BiologicalProcess	"experimental_data;tabular_data"								
syn11374354	go:0001881	has_biolink:BiologicalProcess	"experimental_data;tabular_data"								
syn11374354	go:0043476	has_biolink:BiologicalProcess	"experimental_data;tabular_data"								
syn11374354	go:0043482	has_biolink:BiologicalProcess	"experimental_data;tabular_data"								
syn11374354	go:0097228	has_biolink:CellularComponent	"experimental_data;tabular_data"								
syn11374354	go:0015643	has_biolink:BiologicalProcess	"experimental_data;tabular_data"								
syn11374354	go:0051937	has_biolink:BiologicalProcess	"experimental_data;tabular_data"								
syn11374354	go:0060340	has_biolink:BiologicalProcess	"experimental_data;tabular_data"								
syn11374354	go:0005344	has_biolink:BiologicalProcess	"experimental_data;tabular_data"								
syn11374354	go:0042405	has_biolink:CellularComponent	"experimental_data;tabular_data"								
syn11374354	go:0035735	has_biolink:BiologicalProcess	"experimental_data;tabular_data"								
syn11374354	go:0005942	has_biolink:MacromolecularComplexOrProteinFamily	"experimental_data;tabular_data"								
syn11374354	go:0000812	has_biolink:MacromolecularComplexOrProteinFamily	"experimental_data;tabular_data"								
syn11374354	go:0032435	has_biolink:BiologicalProcess	"experimental_data;tabular_data"								
syn11374354	go:0015701	has_biolink:BiologicalProcess	"experimental_data;tabular_data"								
syn11374354	go:0070034	has_biolink:BiologicalProcess	"experimental_data;tabular_data"								
syn11374354	go:0051965	has_biolink:BiologicalProcess	"experimental_data;tabular_data"								
syn11374354	go:0006378	has_biolink:BiologicalProcess	"experimental_data;tabular_data"								
syn11374354	go:0090398	has_biolink:BiologicalProcess	"experimental_data;tabular_data"								
syn11374354	go:0015030	has_biolink:CellularComponent	"experimental_data;tabular_data"								
syn11374354	go:0044380	has_biolink:BiologicalProcess	"experimental_data;tabular_data"								
syn11374354	go:0140375	has_biolink:BiologicalProcess	"experimental_data;tabular_data"								
syn11374354	go:0044088	has_biolink:BiologicalProcess	"experimental_data;tabular_data"								
syn11374354	go:1905037	has_biolink:BiologicalProcess	"experimental_data;tabular_data"								
syn11374354	go:0031248	has_biolink:MacromolecularComplexOrProteinFamily	"experimental_data;tabular_data"								
syn11374354	go:1902493	has_biolink:MacromolecularComplexOrProteinFamily	"experimental_data;tabular_data"								
syn11374354	go:0007416	has_biolink:BiologicalProcess	"experimental_data;tabular_data"								
syn11374354	go:0016638	has_biolink:BiologicalProcess	"experimental_data;tabular_data"								
syn11374354	go:0000002	has_biolink:BiologicalProcess	"experimental_data;tabular_data"								
syn11374354	go:0016581	has_biolink:MacromolecularComplexOrProteinFamily	"experimental_data;tabular_data"								
syn11374354	go:0090545	has_biolink:MacromolecularComplexOrProteinFamily	"experimental_data;tabular_data"								
syn11374354	go:0019787	has_biolink:BiologicalProcess	"experimental_data;tabular_data"								
syn11374354	go:0099068	has_biolink:BiologicalProcess	"experimental_data;tabular_data"								
syn11374354	go:0051963	has_biolink:BiologicalProcess	"experimental_data;tabular_data"								
syn11374354	go:0010586	has_biolink:BiologicalProcess	"experimental_data;tabular_data"								
syn11374354	go:0046640	has_biolink:BiologicalProcess	"experimental_data;tabular_data"								
syn11374354	go:0046641	has_biolink:BiologicalProcess	"experimental_data;tabular_data"								
syn11374354	go:0001906	has_biolink:BiologicalProcess	"experimental_data;tabular_data"								
syn11374354	mesh:D017136	has_biolink:BiologicalProcess	"experimental_data;tabular_data"								
syn11374354	go:0000045	has_biolink:BiologicalProcess	"experimental_data;tabular_data"								
syn11374354	go:0072698	has_biolink:BiologicalProcess	"experimental_data;tabular_data"								
syn11374354	go:0000422	has_biolink:BiologicalProcess	"experimental_data;tabular_data"								
syn11374354	go:0004842	has_biolink:BiologicalProcess	"experimental_data;tabular_data"								
syn11374354	go:0071415	has_biolink:BiologicalProcess	"experimental_data;tabular_data"								
syn11374354	go:0016641	has_biolink:BiologicalProcess	"experimental_data;tabular_data"								
syn11374354	go:0031343	has_biolink:BiologicalProcess	"experimental_data;tabular_data"								
syn11374354	go:0030593	has_biolink:BiologicalProcess	"experimental_data;tabular_data"								
syn11374354	go:1904064	has_biolink:BiologicalProcess	"experimental_data;tabular_data"								
syn11374354	go:0032986	has_biolink:BiologicalProcess	"experimental_data;tabular_data"								
syn11374354	go:0005044	has_biolink:BiologicalProcess	"experimental_data;tabular_data"								
syn11374354	go:0019228	has_biolink:BiologicalProcess	"experimental_data;tabular_data"								
syn11374354	go:0016556	has_biolink:BiologicalProcess	"experimental_data;tabular_data"								
syn11374354	go:0032481	has_biolink:BiologicalProcess	"experimental_data;tabular_data"								
syn11374354	go:0003015	has_biolink:BiologicalProcess	"experimental_data;tabular_data"								
syn11374354	go:0003746	has_biolink:BiologicalProcess	"experimental_data;tabular_data"								
syn11374354	go:0042391	has_biolink:BiologicalProcess	"experimental_data;tabular_data"								
syn11374354	go:0048247	has_biolink:BiologicalProcess	"experimental_data;tabular_data"								
syn11374354	go:0001508	has_biolink:BiologicalProcess	"experimental_data;tabular_data"								
syn11374354	go:0007204	has_biolink:BiologicalProcess	"experimental_data;tabular_data"								
syn11374354	go:1905508	has_biolink:BiologicalProcess	"experimental_data;tabular_data"								
syn11374354	go:0050901	has_biolink:BiologicalProcess	"experimental_data;tabular_data"								
syn11374354	go:2001223	has_biolink:BiologicalProcess	"experimental_data;tabular_data"								
syn11374354	go:0005776	has_biolink:CellularComponent	"experimental_data;tabular_data"								
syn11374354	hgnc:7841	has_biolink:Gene	"experimental_data;tabular_data"								
syn11374354	go:0008009	has_biolink:BiologicalProcess	"experimental_data;tabular_data"								
syn11374354	go:0016278	has_biolink:BiologicalProcess	"experimental_data;tabular_data"								
syn11374354	go:0060047	has_biolink:BiologicalProcess	"experimental_data;tabular_data"								
syn11374354	go:0008016	has_biolink:BiologicalProcess	"experimental_data;tabular_data"								
syn11374354	go:0006337	has_biolink:BiologicalProcess	"experimental_data;tabular_data"								
syn11374354	go:0080009	has_biolink:BiologicalProcess	"experimental_data;tabular_data"								
syn11374354	go:0097530	has_biolink:BiologicalProcess	"experimental_data;tabular_data"								
syn11374354	go:0001909	has_biolink:BiologicalProcess	"experimental_data;tabular_data"								
syn11374354	go:0051480	has_biolink:BiologicalProcess	"experimental_data;tabular_data"								
syn11374354	go:1902562	has_biolink:MacromolecularComplexOrProteinFamily	"experimental_data;tabular_data"								
syn11374354	go:1901799	has_biolink:BiologicalProcess	"experimental_data;tabular_data"								
syn11374354	go:0140115	has_biolink:BiologicalProcess	"experimental_data;tabular_data"								
syn11374354	go:0071539	has_biolink:BiologicalProcess	"experimental_data;tabular_data"								
syn11374354	go:0060601	has_biolink:BiologicalProcess	"experimental_data;tabular_data"								
syn11374354	go:0032806	has_biolink:MacromolecularComplexOrProteinFamily	"experimental_data;tabular_data"								
syn11374354	go:0099024	has_biolink:BiologicalProcess	"experimental_data;tabular_data"								
syn11374354	go:0046633	has_biolink:BiologicalProcess	"experimental_data;tabular_data"								
syn11374354	go:0043162	has_biolink:BiologicalProcess	"experimental_data;tabular_data"								
syn11374354	go:0032183	has_biolink:BiologicalProcess	"experimental_data;tabular_data"								
syn11374354	go:0071621	has_biolink:BiologicalProcess	"experimental_data;tabular_data"								
syn11374354	go:0032653	has_biolink:BiologicalProcess	"experimental_data;tabular_data"								
syn11374354	go:0001569	has_biolink:BiologicalProcess	"experimental_data;tabular_data"								
syn11374354	go:0006513	has_biolink:BiologicalProcess	"experimental_data;tabular_data"								
syn11374354	go:0051219	has_biolink:BiologicalProcess	"experimental_data;tabular_data"								
syn11374354	go:0019226	has_biolink:BiologicalProcess	"experimental_data;tabular_data"								
syn11374354	go:0002861	has_biolink:BiologicalProcess	"experimental_data;tabular_data"								
syn11374354	chebi:133334	has_biolink:SmallMolecule	"experimental_data;tabular_data"								
syn11374354	go:0004896	has_biolink:BiologicalProcess	"experimental_data;tabular_data"								
syn11374354	go:0060740	has_biolink:BiologicalProcess	"experimental_data;tabular_data"								
syn11374354	go:0044304	has_biolink:CellularComponent	"experimental_data;tabular_data"								
syn11374354	go:0060513	has_biolink:BiologicalProcess	"experimental_data;tabular_data"								
syn11374354	go:0016339	has_biolink:BiologicalProcess	"experimental_data;tabular_data"								
syn11374354	go:0000027	has_biolink:BiologicalProcess	"experimental_data;tabular_data"								
syn11374354	go:1903332	has_biolink:BiologicalProcess	"experimental_data;tabular_data"								
syn11374354	go:0061098	has_biolink:BiologicalProcess	"experimental_data;tabular_data"								
syn11374354	go:0030890	has_biolink:BiologicalProcess	"experimental_data;tabular_data"								
syn11374354	go:1904779	has_biolink:BiologicalProcess	"experimental_data;tabular_data"								
syn11374354	go:2000403	has_biolink:BiologicalProcess	"experimental_data;tabular_data"								
syn11374354	go:0034661	has_biolink:BiologicalProcess	"experimental_data;tabular_data"								
syn11374354	go:0035747	has_biolink:BiologicalProcess	"experimental_data;tabular_data"								
syn11374354	go:1901623	has_biolink:BiologicalProcess	"experimental_data;tabular_data"								
syn11374354	go:0045947	has_biolink:BiologicalProcess	"experimental_data;tabular_data"								
syn11374354	go:0072078	has_biolink:BiologicalProcess	"experimental_data;tabular_data"								
syn11374354	go:0001912	has_biolink:BiologicalProcess	"experimental_data;tabular_data"								
syn11374354	go:1902116	has_biolink:BiologicalProcess	"experimental_data;tabular_data"								
syn11374354	go:0055012	has_biolink:BiologicalProcess	"experimental_data;tabular_data"								
syn11374354	go:0051283	has_biolink:BiologicalProcess	"experimental_data;tabular_data"								
syn11374354	go:0032007	has_biolink:BiologicalProcess	"experimental_data;tabular_data"								
syn11374354	go:0034142	has_biolink:BiologicalProcess	"experimental_data;tabular_data"								
syn11374354	go:0016410	has_biolink:BiologicalProcess	"experimental_data;tabular_data"								
syn11374354	go:0090102	has_biolink:BiologicalProcess	"experimental_data;tabular_data"								
syn11374354	go:0008139	has_biolink:BiologicalProcess	"experimental_data;tabular_data"								
syn11374354	go:0016324	has_biolink:CellularComponent	"experimental_data;tabular_data"								
syn11374354	go:0097090	has_biolink:BiologicalProcess	"experimental_data;tabular_data"								
syn11374354	chebi:25512	has_biolink:SmallMolecule	"experimental_data;tabular_data"								
syn11374354	go:0010799	has_biolink:BiologicalProcess	"experimental_data;tabular_data"								
syn11374354	go:0051952	has_biolink:BiologicalProcess	"experimental_data;tabular_data"								
syn11374354	go:2000232	has_biolink:BiologicalProcess	"experimental_data;tabular_data"								
syn11374354	go:1990928	has_biolink:BiologicalProcess	"experimental_data;tabular_data"								
syn11374354	go:0008038	has_biolink:BiologicalProcess	"experimental_data;tabular_data"								
syn11374354	go:0042379	has_biolink:BiologicalProcess	"experimental_data;tabular_data"								
syn11374354	go:0006941	has_biolink:BiologicalProcess	"experimental_data;tabular_data"								
syn11374354	go:0001891	has_biolink:CellularComponent	"experimental_data;tabular_data"								
syn11374354	go:0099172	has_biolink:BiologicalProcess	"experimental_data;tabular_data"								
syn11374354	go:0048020	has_biolink:BiologicalProcess	"experimental_data;tabular_data"								
syn11374354	go:0000339	has_biolink:BiologicalProcess	"experimental_data;tabular_data"								
syn11374354	go:0031341	has_biolink:BiologicalProcess	"experimental_data;tabular_data"								
syn11374354	go:0051899	has_biolink:BiologicalProcess	"experimental_data;tabular_data"								
syn11374354	go:0070822	has_biolink:MacromolecularComplexOrProteinFamily	"experimental_data;tabular_data"								
syn11374354	go:0051282	has_biolink:BiologicalProcess	"experimental_data;tabular_data"								
syn11374354	go:0032613	has_biolink:BiologicalProcess	"experimental_data;tabular_data"								
syn11374354	go:0032692	has_biolink:BiologicalProcess	"experimental_data;tabular_data"								
syn11374354	go:0032042	has_biolink:BiologicalProcess	"experimental_data;tabular_data"								
syn11374354	go:0046849	has_biolink:BiologicalProcess	"experimental_data;tabular_data"								
syn11374354	go:1903514	has_biolink:BiologicalProcess	"experimental_data;tabular_data"								
syn11374354	go:0071044	has_biolink:BiologicalProcess	"experimental_data;tabular_data"								
syn11374354	go:0006006	has_biolink:BiologicalProcess	"experimental_data;tabular_data"								
syn11374354	go:0060048	has_biolink:BiologicalProcess	"experimental_data;tabular_data"								
syn11374354	go:1903008	has_biolink:BiologicalProcess	"experimental_data;tabular_data"								
syn11374354	go:0099054	has_biolink:BiologicalProcess	"experimental_data;tabular_data"								
syn11374354	go:0051053	has_biolink:BiologicalProcess	"experimental_data;tabular_data"								
syn11374354	go:0045576	has_biolink:BiologicalProcess	"experimental_data;tabular_data"								
syn11374354	go:0031369	has_biolink:BiologicalProcess	"experimental_data;tabular_data"								
syn11374354	go:0099532	has_biolink:BiologicalProcess	"experimental_data;tabular_data"								
syn11374354	go:1903524	has_biolink:BiologicalProcess	"experimental_data;tabular_data"								
syn11374354	go:0006813	has_biolink:BiologicalProcess	"experimental_data;tabular_data"								
syn11374354	go:0050830	has_biolink:BiologicalProcess	"experimental_data;tabular_data"								
syn11374354	go:0036376	has_biolink:BiologicalProcess	"experimental_data;tabular_data"								
syn11374354	go:2000310	has_biolink:BiologicalProcess	"experimental_data;tabular_data"								
syn11374354	go:0097105	has_biolink:BiologicalProcess	"experimental_data;tabular_data"								
syn11374354	go:0060675	has_biolink:BiologicalProcess	"experimental_data;tabular_data"								
syn11374354	go:2000177	has_biolink:BiologicalProcess	"experimental_data;tabular_data"								
syn11374354	go:0010324	has_biolink:BiologicalProcess	"experimental_data;tabular_data"								
syn11374354	go:0007413	has_biolink:BiologicalProcess	"experimental_data;tabular_data"								
syn11374354	go:0106030	has_biolink:BiologicalProcess	"experimental_data;tabular_data"								
syn11374354	go:0070098	has_biolink:BiologicalProcess	"experimental_data;tabular_data"								
syn11374354	go:0061337	has_biolink:BiologicalProcess	"experimental_data;tabular_data"								
syn11374354	go:1904889	has_biolink:BiologicalProcess	"experimental_data;tabular_data"								
syn11374354	go:0051208	has_biolink:BiologicalProcess	"experimental_data;tabular_data"								
syn11374354	go:0003149	has_biolink:BiologicalProcess	"experimental_data;tabular_data"								
syn11374354	go:0099150	has_biolink:BiologicalProcess	"experimental_data;tabular_data"								
syn11374354	go:0150052	has_biolink:BiologicalProcess	"experimental_data;tabular_data"								
syn11374354	go:0086010	has_biolink:BiologicalProcess	"experimental_data;tabular_data"								
syn11374354	go:0090533	has_biolink:MacromolecularComplexOrProteinFamily	"experimental_data;tabular_data"								
syn11374354	go:0005811	has_biolink:CellularComponent	"experimental_data;tabular_data"								
syn11374354	go:0007200	has_biolink:BiologicalProcess	"experimental_data;tabular_data"								
syn11374354	go:0098982	has_biolink:CellularComponent	"experimental_data;tabular_data"								
syn11374354	go:0030575	has_biolink:BiologicalProcess	"experimental_data;tabular_data"								
syn11374354	go:0035235	has_biolink:BiologicalProcess	"experimental_data;tabular_data"								
syn11374354	go:0043383	has_biolink:BiologicalProcess	"experimental_data;tabular_data"								
syn11374354	go:0071622	has_biolink:BiologicalProcess	"experimental_data;tabular_data"								
syn11374354	go:0019213	has_biolink:BiologicalProcess	"experimental_data;tabular_data"								
syn11374354	go:0019233	has_biolink:BiologicalProcess	"experimental_data;tabular_data"								
syn11374354	go:0001910	has_biolink:BiologicalProcess	"experimental_data;tabular_data"								
syn11374354	go:0050850	has_biolink:BiologicalProcess	"experimental_data;tabular_data"								
syn11374354	go:0005697	has_biolink:MacromolecularComplexOrProteinFamily	"experimental_data;tabular_data"								
syn11374354	go:0033691	has_biolink:BiologicalProcess	"experimental_data;tabular_data"								
syn11374354	go:2000772	has_biolink:BiologicalProcess	"experimental_data;tabular_data"								
syn11374354	go:0099174	has_biolink:BiologicalProcess	"experimental_data;tabular_data"								
syn11374354	go:0030205	has_biolink:BiologicalProcess	"experimental_data;tabular_data"								
syn11374354	go:0006474	has_biolink:BiologicalProcess	"experimental_data;tabular_data"								
syn11374354	go:0005796	has_biolink:CellularComponent	"experimental_data;tabular_data"								
syn11374354	go:0071313	has_biolink:BiologicalProcess	"experimental_data;tabular_data"								
syn11374354	go:1904292	has_biolink:BiologicalProcess	"experimental_data;tabular_data"								
syn11374354	go:0070296	has_biolink:BiologicalProcess	"experimental_data;tabular_data"								
syn11374354	go:0008045	has_biolink:BiologicalProcess	"experimental_data;tabular_data"								
syn11374354	go:1903358	has_biolink:BiologicalProcess	"experimental_data;tabular_data"								
syn11374354	go:0010824	has_biolink:BiologicalProcess	"experimental_data;tabular_data"								
syn11374354	go:0000717	has_biolink:BiologicalProcess	"experimental_data;tabular_data"								
syn11374354	go:0097553	has_biolink:BiologicalProcess	"experimental_data;tabular_data"								
syn11374354	go:2000107	has_biolink:BiologicalProcess	"experimental_data;tabular_data"								
syn11374354	go:0009713	has_biolink:BiologicalProcess	"experimental_data;tabular_data"								
syn11374354	go:0042423	has_biolink:BiologicalProcess	"experimental_data;tabular_data"								
syn11374354	go:0032069	has_biolink:BiologicalProcess	"experimental_data;tabular_data"								
syn11374354	go:0090070	has_biolink:BiologicalProcess	"experimental_data;tabular_data"								
syn11374354	go:2000234	has_biolink:BiologicalProcess	"experimental_data;tabular_data"								
syn11374354	go:0009311	has_biolink:BiologicalProcess	"experimental_data;tabular_data"								
syn11374354	go:0002116	has_biolink:MacromolecularComplexOrProteinFamily	"experimental_data;tabular_data"								
syn11374354	go:0000244	has_biolink:BiologicalProcess	"experimental_data;tabular_data"								
syn11374354	go:0099151	has_biolink:BiologicalProcess	"experimental_data;tabular_data"								
syn11374354	go:0030246	has_biolink:BiologicalProcess	"experimental_data;tabular_data"								
syn11374354	go:0038201	has_biolink:MacromolecularComplexOrProteinFamily	"experimental_data;tabular_data"								
syn11374354	go:0055074	has_biolink:BiologicalProcess	"experimental_data;tabular_data"								
syn11374354	go:0042417	has_biolink:BiologicalProcess	"experimental_data;tabular_data"								
syn11374354	go:0015837	has_biolink:BiologicalProcess	"experimental_data;tabular_data"								
syn11374354	go:0048570	has_biolink:BiologicalProcess	"experimental_data;tabular_data"								
syn11374354	go:0006826	has_biolink:BiologicalProcess	"experimental_data;tabular_data"								
syn11374354	go:0002438	has_biolink:BiologicalProcess	"experimental_data;tabular_data"								
syn11374354	go:0071677	has_biolink:BiologicalProcess	"experimental_data;tabular_data"								
syn11374354	go:0010457	has_biolink:BiologicalProcess	"experimental_data;tabular_data"								
syn11374354	go:0061436	has_biolink:BiologicalProcess	"experimental_data;tabular_data"								
syn11374354	go:0006465	has_biolink:BiologicalProcess	"experimental_data;tabular_data"								
syn11374354	go:0034143	has_biolink:BiologicalProcess	"experimental_data;tabular_data"								
syn11374354	go:0001965	has_biolink:BiologicalProcess	"experimental_data;tabular_data"								
syn11374354	go:0034198	has_biolink:BiologicalProcess	"experimental_data;tabular_data"								
syn11374354	go:0001094	has_biolink:BiologicalProcess	"experimental_data;tabular_data"								
syn11374354	go:0060261	has_biolink:BiologicalProcess	"experimental_data;tabular_data"								
syn11374354	go:0070664	has_biolink:BiologicalProcess	"experimental_data;tabular_data"								
syn11374354	go:0015173	has_biolink:BiologicalProcess	"experimental_data;tabular_data"								
syn11374354	go:0007622	has_biolink:BiologicalProcess	"experimental_data;tabular_data"								
syn11374354	go:0019336	has_biolink:BiologicalProcess	"experimental_data;tabular_data"								
syn11374354	go:0055015	has_biolink:BiologicalProcess	"experimental_data;tabular_data"								
syn11374354	go:0002524	has_biolink:BiologicalProcess	"experimental_data;tabular_data"								
syn11374354	go:2000773	has_biolink:BiologicalProcess	"experimental_data;tabular_data"								
syn11374354	go:0006584	has_biolink:BiologicalProcess	"experimental_data;tabular_data"								
syn11374354	go:0009712	has_biolink:BiologicalProcess	"experimental_data;tabular_data"								
syn11374354	go:0030208	has_biolink:BiologicalProcess	"experimental_data;tabular_data"								
syn11374354	go:0010822	has_biolink:BiologicalProcess	"experimental_data;tabular_data"								
syn11374354	go:0034121	has_biolink:BiologicalProcess	"experimental_data;tabular_data"								
syn11374354	go:0051953	has_biolink:BiologicalProcess	"experimental_data;tabular_data"								
syn11374354	go:0035025	has_biolink:BiologicalProcess	"experimental_data;tabular_data"								
syn11374354	go:0046755	has_biolink:BiologicalProcess	"experimental_data;tabular_data"								
syn11374354	go:0005003	has_biolink:BiologicalProcess	"experimental_data;tabular_data"								
syn11374354	go:0110111	has_biolink:BiologicalProcess	"experimental_data;tabular_data"								
syn11374354	go:0045654	has_biolink:BiologicalProcess	"experimental_data;tabular_data"								
syn11374354	go:0098847	has_biolink:BiologicalProcess	"experimental_data;tabular_data"								
syn11374354	go:0036452	has_biolink:MacromolecularComplexOrProteinFamily	"experimental_data;tabular_data"								
syn11374354	go:0032700	has_biolink:BiologicalProcess	"experimental_data;tabular_data"								
syn11374354	go:0032755	has_biolink:BiologicalProcess	"experimental_data;tabular_data"								
syn11374354	go:0035590	has_biolink:BiologicalProcess	"experimental_data;tabular_data"								
syn11374354	go:0032070	has_biolink:BiologicalProcess	"experimental_data;tabular_data"								
syn11374354	go:1901071	has_biolink:BiologicalProcess	"experimental_data;tabular_data"								
syn11374354	go:0140036	has_biolink:BiologicalProcess	"experimental_data;tabular_data"								
syn11374354	go:0005890	has_biolink:MacromolecularComplexOrProteinFamily	"experimental_data;tabular_data"								
syn11374354	go:0042734	has_biolink:CellularComponent	"experimental_data;tabular_data"								
syn11374354	go:1904357	has_biolink:BiologicalProcess	"experimental_data;tabular_data"								
syn11374354	go:0061659	has_biolink:BiologicalProcess	"experimental_data;tabular_data"								
syn11374354	go:0030247	has_biolink:BiologicalProcess	"experimental_data;tabular_data"								
syn11374354	go:2000273	has_biolink:BiologicalProcess	"experimental_data;tabular_data"								
syn11374354	go:0002863	has_biolink:BiologicalProcess	"experimental_data;tabular_data"								
syn11374354	go:0060402	has_biolink:BiologicalProcess	"experimental_data;tabular_data"								
syn11374354	go:0001658	has_biolink:BiologicalProcess	"experimental_data;tabular_data"								
syn11374354	go:1903533	has_biolink:BiologicalProcess	"experimental_data;tabular_data"								
syn11374354	go:0022858	has_biolink:BiologicalProcess	"experimental_data;tabular_data"								
syn11374354	go:0071805	has_biolink:BiologicalProcess	"experimental_data;tabular_data"								
syn11374354	go:0016895	has_biolink:BiologicalProcess	"experimental_data;tabular_data"								
syn11374354	go:1904115	has_biolink:CellularComponent	"experimental_data;tabular_data"								
syn11374354	go:0045060	has_biolink:BiologicalProcess	"experimental_data;tabular_data"								
syn11374354	go:0010522	has_biolink:BiologicalProcess	"experimental_data;tabular_data"								
syn11374354	go:0039694	has_biolink:BiologicalProcess	"experimental_data;tabular_data"								
syn11374354	go:1902414	has_biolink:BiologicalProcess	"experimental_data;tabular_data"								
syn11374354	go:0006874	has_biolink:BiologicalProcess	"experimental_data;tabular_data"								
syn11374354	go:0052695	has_biolink:BiologicalProcess	"experimental_data;tabular_data"								
syn11374354	go:0042043	has_biolink:BiologicalProcess	"experimental_data;tabular_data"								
syn11374354	go:0009312	has_biolink:BiologicalProcess	"experimental_data;tabular_data"								
syn11374354	go:0015175	has_biolink:BiologicalProcess	"experimental_data;tabular_data"								
syn11374354	go:2001257	has_biolink:BiologicalProcess	"experimental_data;tabular_data"								
syn11374354	go:0006885	has_biolink:BiologicalProcess	"experimental_data;tabular_data"								
syn11374354	go:0002923	has_biolink:BiologicalProcess	"experimental_data;tabular_data"								
syn11374354	go:1903975	has_biolink:BiologicalProcess	"experimental_data;tabular_data"								
syn11374354	go:1905606	has_biolink:BiologicalProcess	"experimental_data;tabular_data"								
syn11374354	go:0045722	has_biolink:BiologicalProcess	"experimental_data;tabular_data"								
syn11374354	go:2000551	has_biolink:BiologicalProcess	"experimental_data;tabular_data"								
syn11374354	go:0043020	has_biolink:MacromolecularComplexOrProteinFamily	"experimental_data;tabular_data"								
syn11374354	go:0072173	has_biolink:BiologicalProcess	"experimental_data;tabular_data"								
syn11374354	go:0010485	has_biolink:BiologicalProcess	"experimental_data;tabular_data"								
syn11374354	go:1903236	has_biolink:BiologicalProcess	"experimental_data;tabular_data"								
syn11374354	go:0033604	has_biolink:BiologicalProcess	"experimental_data;tabular_data"								
syn11374354	fplx:Clathrin	has_biolink:MacromolecularComplexOrProteinFamily	"experimental_data;tabular_data"								
syn11374354	go:2000242	has_biolink:BiologicalProcess	"experimental_data;tabular_data"								
syn11374354	go:0032328	has_biolink:BiologicalProcess	"experimental_data;tabular_data"								
syn11374354	go:1903543	has_biolink:BiologicalProcess	"experimental_data;tabular_data"								
syn11374354	go:0090069	has_biolink:BiologicalProcess	"experimental_data;tabular_data"								
syn11374354	go:0070936	has_biolink:BiologicalProcess	"experimental_data;tabular_data"								
syn11374354	go:0061630	has_biolink:BiologicalProcess	"experimental_data;tabular_data"								
syn11374354	go:0044539	has_biolink:BiologicalProcess	"experimental_data;tabular_data"								
syn11374354	go:0140354	has_biolink:BiologicalProcess	"experimental_data;tabular_data"								
syn11374354	go:0032769	has_biolink:BiologicalProcess	"experimental_data;tabular_data"								
syn11374354	go:0060525	has_biolink:BiologicalProcess	"experimental_data;tabular_data"								
syn11374354	go:0043247	has_biolink:BiologicalProcess	"experimental_data;tabular_data"								
syn11374354	go:0010517	has_biolink:BiologicalProcess	"experimental_data;tabular_data"								
syn11374354	go:0002347	has_biolink:BiologicalProcess	"experimental_data;tabular_data"								
syn11374354	go:0031848	has_biolink:BiologicalProcess	"experimental_data;tabular_data"								
syn11374354	go:0002448	has_biolink:BiologicalProcess	"experimental_data;tabular_data"								
syn11374354	go:0036336	has_biolink:BiologicalProcess	"experimental_data;tabular_data"								
syn11374354	go:0032211	has_biolink:BiologicalProcess	"experimental_data;tabular_data"								
syn11374354	go:0017121	has_biolink:BiologicalProcess	"experimental_data;tabular_data"								
syn11374354	go:0098505	has_biolink:BiologicalProcess	"experimental_data;tabular_data"								
syn11374354	go:0000803	has_biolink:CellularComponent	"experimental_data;tabular_data"								
syn11374354	go:0090649	has_biolink:BiologicalProcess	"experimental_data;tabular_data"								
syn11374354	go:0001914	has_biolink:BiologicalProcess	"experimental_data;tabular_data"								
syn11374354	go:0140131	has_biolink:BiologicalProcess	"experimental_data;tabular_data"								
syn11374354	go:0008217	has_biolink:BiologicalProcess	"experimental_data;tabular_data"								
syn11374354	go:0006595	has_biolink:BiologicalProcess	"experimental_data;tabular_data"								
syn11374354	go:0072348	has_biolink:BiologicalProcess	"experimental_data;tabular_data"								
syn11374354	go:0035646	has_biolink:BiologicalProcess	"experimental_data;tabular_data"								
syn11374354	go:0043485	has_biolink:BiologicalProcess	"experimental_data;tabular_data"								
syn11374354	go:0048757	has_biolink:BiologicalProcess	"experimental_data;tabular_data"								
syn11374354	go:0043084	has_biolink:BiologicalProcess	"experimental_data;tabular_data"								
syn11374354	go:0046599	has_biolink:BiologicalProcess	"experimental_data;tabular_data"								
syn11374354	go:0043652	has_biolink:BiologicalProcess	"experimental_data;tabular_data"								
syn11374354	go:0051354	has_biolink:BiologicalProcess	"experimental_data;tabular_data"								
syn11374354	go:1904923	has_biolink:BiologicalProcess	"experimental_data;tabular_data"								
syn11374354	go:0099149	has_biolink:BiologicalProcess	"experimental_data;tabular_data"								
syn11374354	go:0030125	has_biolink:CellularComponent	"experimental_data;tabular_data"								
syn11374354	go:0051673	has_biolink:BiologicalProcess	"experimental_data;tabular_data"								
syn11374354	go:0015808	has_biolink:BiologicalProcess	"experimental_data;tabular_data"								
syn11374354	go:0006968	has_biolink:BiologicalProcess	"experimental_data;tabular_data"								
syn11374354	go:0072376	has_biolink:BiologicalProcess	"experimental_data;tabular_data"								
syn11374354	go:0072378	has_biolink:BiologicalProcess	"experimental_data;tabular_data"								
syn11374354	go:0017128	has_biolink:BiologicalProcess	"experimental_data;tabular_data"								
syn11374354	go:2000318	has_biolink:BiologicalProcess	"experimental_data;tabular_data"								
syn11374354	go:0050795	has_biolink:BiologicalProcess	"experimental_data;tabular_data"								
syn11374354	go:0019865	has_biolink:BiologicalProcess	"experimental_data;tabular_data"								
syn11374354	go:1905521	has_biolink:BiologicalProcess	"experimental_data;tabular_data"								
syn11374354	go:2001185	has_biolink:BiologicalProcess	"experimental_data;tabular_data"								
syn11374354	go:0090026	has_biolink:BiologicalProcess	"experimental_data;tabular_data"								
syn11374354	go:0071723	has_biolink:BiologicalProcess	"experimental_data;tabular_data"								
syn11374354	go:0017080	has_biolink:BiologicalProcess	"experimental_data;tabular_data"								
syn11374354	go:0030971	has_biolink:BiologicalProcess	"experimental_data;tabular_data"								
syn11374354	go:0006111	has_biolink:BiologicalProcess	"experimental_data;tabular_data"								
syn11374354	go:0002703	has_biolink:BiologicalProcess	"experimental_data;tabular_data"								
syn11374354	go:0070566	has_biolink:BiologicalProcess	"experimental_data;tabular_data"								
syn11374354	go:0017154	has_biolink:BiologicalProcess	"experimental_data;tabular_data"								
syn11374354	go:0006607	has_biolink:BiologicalProcess	"experimental_data;tabular_data"								
syn11374354	go:1903169	has_biolink:BiologicalProcess	"experimental_data;tabular_data"								
syn11374354	go:0002704	has_biolink:BiologicalProcess	"experimental_data;tabular_data"								
syn11374354	go:0035358	has_biolink:BiologicalProcess	"experimental_data;tabular_data"								
syn11374354	go:0030544	has_biolink:BiologicalProcess	"experimental_data;tabular_data"								
syn11374354	go:0034393	has_biolink:BiologicalProcess	"experimental_data;tabular_data"								
syn11374354	go:1902914	has_biolink:BiologicalProcess	"experimental_data;tabular_data"								
syn11374354	go:0018026	has_biolink:BiologicalProcess	"experimental_data;tabular_data"								
syn11374354	go:0031414	has_biolink:MacromolecularComplexOrProteinFamily	"experimental_data;tabular_data"								
syn11374354	go:0043023	has_biolink:BiologicalProcess	"experimental_data;tabular_data"								
syn11374354	go:0043047	has_biolink:BiologicalProcess	"experimental_data;tabular_data"								
syn11374354	go:0051152	has_biolink:BiologicalProcess	"experimental_data;tabular_data"								
syn11374354	go:0010092	has_biolink:BiologicalProcess	"experimental_data;tabular_data"								
syn11374354	go:0030135	has_biolink:CellularComponent	"experimental_data;tabular_data"								
syn11374354	go:0051216	has_biolink:BiologicalProcess	"experimental_data;tabular_data"								
syn11374354	go:0030662	has_biolink:CellularComponent	"experimental_data;tabular_data"								
syn11374354	go:0060976	has_biolink:BiologicalProcess	"experimental_data;tabular_data"								
syn11374354	go:0050431	has_biolink:BiologicalProcess	"experimental_data;tabular_data"								
syn11374354	go:0070778	has_biolink:BiologicalProcess	"experimental_data;tabular_data"								
syn11374354	go:0061035	has_biolink:BiologicalProcess	"experimental_data;tabular_data"								
syn11374354	go:1990404	has_biolink:BiologicalProcess	"experimental_data;tabular_data"								
syn11374354	go:0035850	has_biolink:BiologicalProcess	"experimental_data;tabular_data"								
syn11374354	go:1903725	has_biolink:BiologicalProcess	"experimental_data;tabular_data"								
syn11374354	go:0015740	has_biolink:BiologicalProcess	"experimental_data;tabular_data"								
syn11374354	go:0001669	has_biolink:CellularComponent	"experimental_data;tabular_data"								
syn11374354	go:0002920	has_biolink:BiologicalProcess	"experimental_data;tabular_data"								
syn11374354	go:0001702	has_biolink:BiologicalProcess	"experimental_data;tabular_data"								
syn11374354	go:0061134	has_biolink:BiologicalProcess	"experimental_data;tabular_data"								
syn11374354	go:0001767	has_biolink:BiologicalProcess	"experimental_data;tabular_data"								
syn11374354	go:2000726	has_biolink:BiologicalProcess	"experimental_data;tabular_data"								
syn11374354	go:0006828	has_biolink:BiologicalProcess	"experimental_data;tabular_data"								
syn11374354	go:0035014	has_biolink:BiologicalProcess	"experimental_data;tabular_data"								
syn11374354	go:1990909	has_biolink:CellularComponent	"experimental_data;tabular_data"								
syn11374354	go:0001768	has_biolink:BiologicalProcess	"experimental_data;tabular_data"								
syn11374354	go:0048799	has_biolink:BiologicalProcess	"experimental_data;tabular_data"								
syn11374354	go:0032839	has_biolink:CellularComponent	"experimental_data;tabular_data"								
syn11374354	go:0010971	has_biolink:BiologicalProcess	"experimental_data;tabular_data"								
syn11374354	go:0009086	has_biolink:BiologicalProcess	"experimental_data;tabular_data"								
syn11374354	go:1901474	has_biolink:BiologicalProcess	"experimental_data;tabular_data"								
syn11374354	go:1900746	has_biolink:BiologicalProcess	"experimental_data;tabular_data"								
syn11374354	go:0060395	has_biolink:BiologicalProcess	"experimental_data;tabular_data"								
syn11374354	go:0098868	has_biolink:BiologicalProcess	"experimental_data;tabular_data"								
syn11374354	go:0070571	has_biolink:BiologicalProcess	"experimental_data;tabular_data"								
syn11374354	go:0097381	has_biolink:CellularComponent	"experimental_data;tabular_data"								
syn11374354	go:0045824	has_biolink:BiologicalProcess	"experimental_data;tabular_data"								
syn11374354	go:0001894	has_biolink:BiologicalProcess	"experimental_data;tabular_data"								
syn11374354	go:0019098	has_biolink:BiologicalProcess	"experimental_data;tabular_data"								
syn11374354	go:0016064	has_biolink:BiologicalProcess	"experimental_data;tabular_data"								
syn11374354	go:1903020	has_biolink:BiologicalProcess	"experimental_data;tabular_data"								
syn11374354	go:1905517	has_biolink:BiologicalProcess	"experimental_data;tabular_data"								
syn11374354	go:0008143	has_biolink:BiologicalProcess	"experimental_data;tabular_data"								
syn11374354	go:0030239	has_biolink:BiologicalProcess	"experimental_data;tabular_data"								
syn11374354	go:0005767	has_biolink:CellularComponent	"experimental_data;tabular_data"								
syn11374354	go:0015605	has_biolink:BiologicalProcess	"experimental_data;tabular_data"								
syn11374354	go:1903909	has_biolink:BiologicalProcess	"experimental_data;tabular_data"								
syn11374354	go:0042501	has_biolink:BiologicalProcess	"experimental_data;tabular_data"								
syn11374354	go:0072202	has_biolink:BiologicalProcess	"experimental_data;tabular_data"								
syn11374354	go:0044224	has_biolink:CellularComponent	"experimental_data;tabular_data"								
syn11374354	go:0033218	has_biolink:BiologicalProcess	"experimental_data;tabular_data"								
syn11374354	go:0003203	has_biolink:BiologicalProcess	"experimental_data;tabular_data"								
syn11374354	go:0032465	has_biolink:BiologicalProcess	"experimental_data;tabular_data"								
syn11374354	go:0033273	has_biolink:BiologicalProcess	"experimental_data;tabular_data"								
syn11374354	go:0044273	has_biolink:BiologicalProcess	"experimental_data;tabular_data"								
syn11374354	go:0000097	has_biolink:BiologicalProcess	"experimental_data;tabular_data"								
syn11374354	go:0045117	has_biolink:BiologicalProcess	"experimental_data;tabular_data"								
syn11374354	go:0070213	has_biolink:BiologicalProcess	"experimental_data;tabular_data"								
syn11374354	go:0032732	has_biolink:BiologicalProcess	"experimental_data;tabular_data"								
syn11374354	go:0021549	has_biolink:BiologicalProcess	"experimental_data;tabular_data"								
syn11374354	go:0031435	has_biolink:BiologicalProcess	"experimental_data;tabular_data"								
syn11374354	go:0060767	has_biolink:BiologicalProcess	"experimental_data;tabular_data"								
syn11374354	go:0010642	has_biolink:BiologicalProcess	"experimental_data;tabular_data"								
syn11374354	go:0050885	has_biolink:BiologicalProcess	"experimental_data;tabular_data"								
syn11374354	go:0034695	has_biolink:BiologicalProcess	"experimental_data;tabular_data"								
syn11374354	go:0062009	has_biolink:BiologicalProcess	"experimental_data;tabular_data"								
syn11374354	go:0032288	has_biolink:BiologicalProcess	"experimental_data;tabular_data"								
syn11374354	go:0071875	has_biolink:BiologicalProcess	"experimental_data;tabular_data"								
syn11374354	go:0008429	has_biolink:BiologicalProcess	"experimental_data;tabular_data"								
syn11374354	go:1900747	has_biolink:BiologicalProcess	"experimental_data;tabular_data"								
syn11374354	go:0071855	has_biolink:BiologicalProcess	"experimental_data;tabular_data"								
syn11374354	go:0015215	has_biolink:BiologicalProcess	"experimental_data;tabular_data"								
syn11374354	go:0060713	has_biolink:BiologicalProcess	"experimental_data;tabular_data"								
syn11374354	go:0002716	has_biolink:BiologicalProcess	"experimental_data;tabular_data"								
syn11374354	go:2001214	has_biolink:BiologicalProcess	"experimental_data;tabular_data"								
syn11374354	go:0030318	has_biolink:BiologicalProcess	"experimental_data;tabular_data"								
syn11374354	go:0070325	has_biolink:BiologicalProcess	"experimental_data;tabular_data"								
syn11374354	go:0015556	has_biolink:BiologicalProcess	"experimental_data;tabular_data"								
syn11374354	go:0035092	has_biolink:BiologicalProcess	"experimental_data;tabular_data"								
syn11374354	go:0043277	has_biolink:BiologicalProcess	"experimental_data;tabular_data"								
syn11374354	go:0045663	has_biolink:BiologicalProcess	"experimental_data;tabular_data"								
syn11374354	go:0048641	has_biolink:BiologicalProcess	"experimental_data;tabular_data"								
syn11374354	go:0030414	has_biolink:BiologicalProcess	"experimental_data;tabular_data"								
syn11374354	go:0071360	has_biolink:BiologicalProcess	"experimental_data;tabular_data"								
syn11374354	go:0019724	has_biolink:BiologicalProcess	"experimental_data;tabular_data"								
syn11374354	go:0046850	has_biolink:BiologicalProcess	"experimental_data;tabular_data"								
syn11374354	go:0017147	has_biolink:BiologicalProcess	"experimental_data;tabular_data"								
syn11374354	go:0014889	has_biolink:BiologicalProcess	"experimental_data;tabular_data"								
syn11374354	go:0045475	has_biolink:BiologicalProcess	"experimental_data;tabular_data"								
syn11374354	go:0043256	has_biolink:MacromolecularComplexOrProteinFamily	"experimental_data;tabular_data"								
syn11374354	go:0002921	has_biolink:BiologicalProcess	"experimental_data;tabular_data"								
syn11374354	go:0032332	has_biolink:BiologicalProcess	"experimental_data;tabular_data"								
syn11374354	go:0030497	has_biolink:BiologicalProcess	"experimental_data;tabular_data"								
syn11374354	go:0070938	has_biolink:CellularComponent	"experimental_data;tabular_data"								
syn11374354	go:0006957	has_biolink:BiologicalProcess	"experimental_data;tabular_data"								
syn11374354	go:0048185	has_biolink:BiologicalProcess	"experimental_data;tabular_data"								
syn11374354	go:0046935	has_biolink:BiologicalProcess	"experimental_data;tabular_data"								
syn11374354	go:0002832	has_biolink:BiologicalProcess	"experimental_data;tabular_data"								
syn11374354	go:0007063	has_biolink:BiologicalProcess	"experimental_data;tabular_data"								
syn11374354	go:0060439	has_biolink:BiologicalProcess	"experimental_data;tabular_data"								
syn11374354	go:0048048	has_biolink:BiologicalProcess	"experimental_data;tabular_data"								
syn11374354	go:0001916	has_biolink:BiologicalProcess	"experimental_data;tabular_data"								
syn11374354	go:0061036	has_biolink:BiologicalProcess	"experimental_data;tabular_data"								
syn11374354	go:0010951	has_biolink:BiologicalProcess	"experimental_data;tabular_data"								
syn11374354	go:0060191	has_biolink:BiologicalProcess	"experimental_data;tabular_data"								
syn11374354	go:0033632	has_biolink:BiologicalProcess	"experimental_data;tabular_data"								
syn11374354	go:1900087	has_biolink:BiologicalProcess	"experimental_data;tabular_data"								
syn11374354	go:0035116	has_biolink:BiologicalProcess	"experimental_data;tabular_data"								
syn11374354	go:0007617	has_biolink:BiologicalProcess	"experimental_data;tabular_data"								
syn11374354	go:0031664	has_biolink:BiologicalProcess	"experimental_data;tabular_data"								
syn11374354	go:0005024	has_biolink:BiologicalProcess	"experimental_data;tabular_data"								
syn11374354	go:1904424	has_biolink:BiologicalProcess	"experimental_data;tabular_data"								
syn11374354	go:0008483	has_biolink:BiologicalProcess	"experimental_data;tabular_data"								
syn11374354	go:0072215	has_biolink:BiologicalProcess	"experimental_data;tabular_data"								
syn11374354	go:0033141	has_biolink:BiologicalProcess	"experimental_data;tabular_data"								
syn11374354	go:0060416	has_biolink:BiologicalProcess	"experimental_data;tabular_data"								
syn11374354	go:0010719	has_biolink:BiologicalProcess	"experimental_data;tabular_data"								
syn11374354	go:0046942	has_biolink:BiologicalProcess	"experimental_data;tabular_data"								
syn11374354	go:0007435	has_biolink:BiologicalProcess	"experimental_data;tabular_data"								
syn11374354	go:0033210	has_biolink:BiologicalProcess	"experimental_data;tabular_data"								
syn11374354	go:0061037	has_biolink:BiologicalProcess	"experimental_data;tabular_data"								
syn11374354	go:0007140	has_biolink:BiologicalProcess	"experimental_data;tabular_data"								
syn11374354	go:0005771	has_biolink:CellularComponent	"experimental_data;tabular_data"								
syn11374354	go:0015801	has_biolink:BiologicalProcess	"experimental_data;tabular_data"								
syn11374354	go:0052372	has_biolink:BiologicalProcess	"experimental_data;tabular_data"								
syn11374354	go:0051154	has_biolink:BiologicalProcess	"experimental_data;tabular_data"								
syn11374354	go:0043218	has_biolink:CellularComponent	"experimental_data;tabular_data"								
syn11374354	go:0042476	has_biolink:BiologicalProcess	"experimental_data;tabular_data"								
syn11374354	go:0060391	has_biolink:BiologicalProcess	"experimental_data;tabular_data"								
syn11374354	go:0070169	has_biolink:BiologicalProcess	"experimental_data;tabular_data"								
syn11374354	go:1900274	has_biolink:BiologicalProcess	"experimental_data;tabular_data"								
syn11374354	go:0048407	has_biolink:BiologicalProcess	"experimental_data;tabular_data"								
syn11374354	go:1990782	has_biolink:BiologicalProcess	"experimental_data;tabular_data"								
syn11374354	go:0034185	has_biolink:BiologicalProcess	"experimental_data;tabular_data"								
syn11374354	go:1903978	has_biolink:BiologicalProcess	"experimental_data;tabular_data"								
syn11374354	go:0003951	has_biolink:BiologicalProcess	"experimental_data;tabular_data"								
syn11374354	go:0031645	has_biolink:BiologicalProcess	"experimental_data;tabular_data"								
syn11374354	go:0048681	has_biolink:BiologicalProcess	"experimental_data;tabular_data"								
syn11374354	go:0106056	has_biolink:BiologicalProcess	"experimental_data;tabular_data"								
syn11374354	go:0035335	has_biolink:BiologicalProcess	"experimental_data;tabular_data"								
syn11374354	fplx:SMAD	has_biolink:MacromolecularComplexOrProteinFamily	"experimental_data;tabular_data"								
syn11374354	go:0004535	has_biolink:BiologicalProcess	"experimental_data;tabular_data"								
syn11374354	go:0070227	has_biolink:BiologicalProcess	"experimental_data;tabular_data"								
syn11374354	go:0060350	has_biolink:BiologicalProcess	"experimental_data;tabular_data"								
syn11374354	go:0046596	has_biolink:BiologicalProcess	"experimental_data;tabular_data"								
syn11374354	go:0007612	has_biolink:BiologicalProcess	"experimental_data;tabular_data"								
syn11374354	go:0006555	has_biolink:BiologicalProcess	"experimental_data;tabular_data"								
syn11374354	go:0016646	has_biolink:BiologicalProcess	"experimental_data;tabular_data"								
syn11374354	go:1901569	has_biolink:BiologicalProcess	"experimental_data;tabular_data"								
syn11374354	go:0007498	has_biolink:BiologicalProcess	"experimental_data;tabular_data"								
syn11374354	go:0002076	has_biolink:BiologicalProcess	"experimental_data;tabular_data"								
syn11374354	go:0003333	has_biolink:BiologicalProcess	"experimental_data;tabular_data"								
syn11374354	go:0071880	has_biolink:BiologicalProcess	"experimental_data;tabular_data"								
syn11374354	go:0015849	has_biolink:BiologicalProcess	"experimental_data;tabular_data"								
syn11374354	go:0043567	has_biolink:BiologicalProcess	"experimental_data;tabular_data"								
syn11374354	go:0003272	has_biolink:BiologicalProcess	"experimental_data;tabular_data"								
syn11374354	go:0003416	has_biolink:BiologicalProcess	"experimental_data;tabular_data"								
syn11374354	go:0008344	has_biolink:BiologicalProcess	"experimental_data;tabular_data"								
syn11374354	go:0046834	has_biolink:BiologicalProcess	"experimental_data;tabular_data"								
syn11374354	go:0048246	has_biolink:BiologicalProcess	"experimental_data;tabular_data"								
syn11374354	go:0019955	has_biolink:BiologicalProcess	"experimental_data;tabular_data"								
syn11374354	go:0097150	has_biolink:BiologicalProcess	"experimental_data;tabular_data"								
syn11374354	go:0070977	has_biolink:BiologicalProcess	"experimental_data;tabular_data"								
syn11374354	go:0060425	has_biolink:BiologicalProcess	"experimental_data;tabular_data"								
syn11374354	go:0044331	has_biolink:BiologicalProcess	"experimental_data;tabular_data"								
syn11374354	go:0034694	has_biolink:BiologicalProcess	"experimental_data;tabular_data"								
syn11374354	go:0033628	has_biolink:BiologicalProcess	"experimental_data;tabular_data"								
syn11374354	go:0008343	has_biolink:BiologicalProcess	"experimental_data;tabular_data"								
syn11374354	go:0016810	has_biolink:BiologicalProcess	"experimental_data;tabular_data"								
syn11374354	go:0033139	has_biolink:BiologicalProcess	"experimental_data;tabular_data"								
syn11374354	go:1904893	has_biolink:BiologicalProcess	"experimental_data;tabular_data"								
syn11374354	go:0061135	has_biolink:BiologicalProcess	"experimental_data;tabular_data"								
syn11374354	go:1903859	has_biolink:BiologicalProcess	"experimental_data;tabular_data"								
syn11374354	go:1903861	has_biolink:BiologicalProcess	"experimental_data;tabular_data"								
syn11374354	go:0010863	has_biolink:BiologicalProcess	"experimental_data;tabular_data"								
syn11374354	go:0004675	has_biolink:BiologicalProcess	"experimental_data;tabular_data"								
syn11374354	go:0033032	has_biolink:BiologicalProcess	"experimental_data;tabular_data"								
syn11374354	go:0005902	has_biolink:CellularComponent	"experimental_data;tabular_data"								
syn11374354	go:0060795	has_biolink:BiologicalProcess	"experimental_data;tabular_data"								
syn11374354	go:0035307	has_biolink:BiologicalProcess	"experimental_data;tabular_data"								
syn11374354	go:0090383	has_biolink:BiologicalProcess	"experimental_data;tabular_data"								
syn11374354	go:1990182	has_biolink:BiologicalProcess	"experimental_data;tabular_data"								
syn11374354	go:1903541	has_biolink:BiologicalProcess	"experimental_data;tabular_data"								
syn11374354	go:0035739	has_biolink:BiologicalProcess	"experimental_data;tabular_data"								
syn11374354	go:2000561	has_biolink:BiologicalProcess	"experimental_data;tabular_data"								
syn11374354	go:0018410	has_biolink:BiologicalProcess	"experimental_data;tabular_data"								
syn11374354	go:0044804	has_biolink:BiologicalProcess	"experimental_data;tabular_data"								
syn11374354	go:0044406	has_biolink:BiologicalProcess	"experimental_data;tabular_data"								
syn11374354	go:0002507	has_biolink:BiologicalProcess	"experimental_data;tabular_data"								
syn11374354	go:0003073	has_biolink:BiologicalProcess	"experimental_data;tabular_data"								
syn11374354	go:0030540	has_biolink:BiologicalProcess	"experimental_data;tabular_data"								
syn11374354	go:0002693	has_biolink:BiologicalProcess	"experimental_data;tabular_data"								
syn11374354	go:0050886	has_biolink:BiologicalProcess	"experimental_data;tabular_data"								
syn11374354	go:0097734	has_biolink:BiologicalProcess	"experimental_data;tabular_data"								
syn11374354	go:0033176	has_biolink:MacromolecularComplexOrProteinFamily	"experimental_data;tabular_data"								
syn11374354	go:0097094	has_biolink:BiologicalProcess	"experimental_data;tabular_data"								
syn11374354	go:0015485	has_biolink:BiologicalProcess	"experimental_data;tabular_data"								
syn11374354	go:0140052	has_biolink:BiologicalProcess	"experimental_data;tabular_data"								
syn11374354	go:0050672	has_biolink:BiologicalProcess	"experimental_data;tabular_data"								
syn11374354	go:2000758	has_biolink:BiologicalProcess	"experimental_data;tabular_data"								
syn11374354	go:0035640	has_biolink:BiologicalProcess	"experimental_data;tabular_data"								
syn11374354	go:0045104	has_biolink:BiologicalProcess	"experimental_data;tabular_data"								
syn11374354	go:0032945	has_biolink:BiologicalProcess	"experimental_data;tabular_data"								
syn11374354	go:0036257	has_biolink:BiologicalProcess	"experimental_data;tabular_data"								
syn11374354	go:0035374	has_biolink:BiologicalProcess	"experimental_data;tabular_data"								
syn11374354	go:0002664	has_biolink:BiologicalProcess	"experimental_data;tabular_data"								
syn11374354	go:0043178	has_biolink:BiologicalProcess	"experimental_data;tabular_data"								
syn11374354	go:0019933	has_biolink:BiologicalProcess	"experimental_data;tabular_data"								
syn11374354	go:0036315	has_biolink:BiologicalProcess	"experimental_data;tabular_data"								
syn11374354	go:0140112	has_biolink:BiologicalProcess	"experimental_data;tabular_data"								
syn11374354	go:0071333	has_biolink:BiologicalProcess	"experimental_data;tabular_data"								
syn11374354	go:0070542	has_biolink:BiologicalProcess	"experimental_data;tabular_data"								
syn11374354	go:0016830	has_biolink:BiologicalProcess	"experimental_data;tabular_data"								
syn11374354	go:0007029	has_biolink:BiologicalProcess	"experimental_data;tabular_data"								
syn11374354	go:0000491	has_biolink:BiologicalProcess	"experimental_data;tabular_data"								
syn11374354	go:0032736	has_biolink:BiologicalProcess	"experimental_data;tabular_data"								
syn11374354	go:0097091	has_biolink:BiologicalProcess	"experimental_data;tabular_data"								
syn11374354	go:0032722	has_biolink:BiologicalProcess	"experimental_data;tabular_data"								
syn11374354	go:0002523	has_biolink:BiologicalProcess	"experimental_data;tabular_data"								
syn11374354	go:0016447	has_biolink:BiologicalProcess	"experimental_data;tabular_data"								
syn11374354	go:0098917	has_biolink:BiologicalProcess	"experimental_data;tabular_data"								
syn11374354	go:0060441	has_biolink:BiologicalProcess	"experimental_data;tabular_data"								
syn11374354	go:0034045	has_biolink:CellularComponent	"experimental_data;tabular_data"								
syn11374354	go:0071218	has_biolink:BiologicalProcess	"experimental_data;tabular_data"								
syn11374354	go:0000768	has_biolink:BiologicalProcess	"experimental_data;tabular_data"								
syn11374354	go:0140253	has_biolink:BiologicalProcess	"experimental_data;tabular_data"								
syn11374354	go:0010232	has_biolink:BiologicalProcess	"experimental_data;tabular_data"								
syn11374354	go:0035641	has_biolink:BiologicalProcess	"experimental_data;tabular_data"								
syn11374354	go:0086065	has_biolink:BiologicalProcess	"experimental_data;tabular_data"								
syn11374354	go:0044665	has_biolink:MacromolecularComplexOrProteinFamily	"experimental_data;tabular_data"								
syn11374354	go:0071339	has_biolink:MacromolecularComplexOrProteinFamily	"experimental_data;tabular_data"								
syn11374354	go:1900451	has_biolink:BiologicalProcess	"experimental_data;tabular_data"								
syn11374354	go:0031463	has_biolink:MacromolecularComplexOrProteinFamily	"experimental_data;tabular_data"								
syn11374354	go:0032933	has_biolink:BiologicalProcess	"experimental_data;tabular_data"								
syn11374354	go:0050862	has_biolink:BiologicalProcess	"experimental_data;tabular_data"								
syn11374354	go:2000311	has_biolink:BiologicalProcess	"experimental_data;tabular_data"								
syn11374354	go:0036258	has_biolink:BiologicalProcess	"experimental_data;tabular_data"								
syn11374354	go:0120015	has_biolink:BiologicalProcess	"experimental_data;tabular_data"								
syn11374354	go:1904263	has_biolink:BiologicalProcess	"experimental_data;tabular_data"								
syn11374354	go:0002204	has_biolink:BiologicalProcess	"experimental_data;tabular_data"								
syn11374354	go:0002208	has_biolink:BiologicalProcess	"experimental_data;tabular_data"								
syn11374354	go:0045190	has_biolink:BiologicalProcess	"experimental_data;tabular_data"								
syn11374354	go:0048512	has_biolink:BiologicalProcess	"experimental_data;tabular_data"								
syn11374354	go:0060914	has_biolink:BiologicalProcess	"experimental_data;tabular_data"								
syn11374354	go:0035376	has_biolink:BiologicalProcess	"experimental_data;tabular_data"								
syn11374354	go:0070508	has_biolink:BiologicalProcess	"experimental_data;tabular_data"								
syn11374354	go:0032602	has_biolink:BiologicalProcess	"experimental_data;tabular_data"								
syn11374354	go:0034358	has_biolink:CellularComponent	"experimental_data;tabular_data"								
syn11374354	go:1990777	has_biolink:CellularComponent	"experimental_data;tabular_data"								
syn11374354	go:0090276	has_biolink:BiologicalProcess	"experimental_data;tabular_data"								
syn11374354	go:2000001	has_biolink:BiologicalProcess	"experimental_data;tabular_data"								
syn11374354	go:0050798	has_biolink:BiologicalProcess	"experimental_data;tabular_data"								
syn11374354	go:0030057	has_biolink:CellularComponent	"experimental_data;tabular_data"								
syn11374354	go:0071331	has_biolink:BiologicalProcess	"experimental_data;tabular_data"								
syn11374354	go:0045103	has_biolink:BiologicalProcess	"experimental_data;tabular_data"								
syn11374354	go:0007520	has_biolink:BiologicalProcess	"experimental_data;tabular_data"								
syn11374354	go:0031083	has_biolink:MacromolecularComplexOrProteinFamily	"experimental_data;tabular_data"								
syn11374354	go:0008035	has_biolink:BiologicalProcess	"experimental_data;tabular_data"								
syn11374354	go:0032908	has_biolink:BiologicalProcess	"experimental_data;tabular_data"								
syn11374354	go:0010453	has_biolink:BiologicalProcess	"experimental_data;tabular_data"								
syn11374354	go:0006949	has_biolink:BiologicalProcess	"experimental_data;tabular_data"								
syn11374354	go:0016831	has_biolink:BiologicalProcess	"experimental_data;tabular_data"								
syn11374354	go:1904896	has_biolink:BiologicalProcess	"experimental_data;tabular_data"								
syn11374354	go:1904903	has_biolink:BiologicalProcess	"experimental_data;tabular_data"								
syn11374354	go:0007202	has_biolink:BiologicalProcess	"experimental_data;tabular_data"								
syn11374354	go:0015850	has_biolink:BiologicalProcess	"experimental_data;tabular_data"								
syn11374354	go:0045686	has_biolink:BiologicalProcess	"experimental_data;tabular_data"								
syn11374354	go:0051924	has_biolink:BiologicalProcess	"experimental_data;tabular_data"								
syn11374354	go:0016323	has_biolink:CellularComponent	"experimental_data;tabular_data"								
syn11374354	go:0016101	has_biolink:BiologicalProcess	"experimental_data;tabular_data"								
syn11374354	go:0050796	has_biolink:BiologicalProcess	"experimental_data;tabular_data"								
syn11374354	go:0071300	has_biolink:BiologicalProcess	"experimental_data;tabular_data"								
syn11374354	go:0042472	has_biolink:BiologicalProcess	"experimental_data;tabular_data"								
syn11374354	go:0071501	has_biolink:BiologicalProcess	"experimental_data;tabular_data"								
syn11374354	go:0006182	has_biolink:BiologicalProcess	"experimental_data;tabular_data"								
syn11374354	go:0043587	has_biolink:BiologicalProcess	"experimental_data;tabular_data"								
syn11374354	go:0010635	has_biolink:BiologicalProcess	"experimental_data;tabular_data"								
syn11374354	go:0048469	has_biolink:BiologicalProcess	"experimental_data;tabular_data"								
syn11374354	go:0004596	has_biolink:BiologicalProcess	"experimental_data;tabular_data"								
syn11374354	go:0120020	has_biolink:BiologicalProcess	"experimental_data;tabular_data"								
syn11374354	go:0008228	has_biolink:BiologicalProcess	"experimental_data;tabular_data"								
syn11374354	go:0033179	has_biolink:CellularComponent	"experimental_data;tabular_data"								
syn11374354	go:0071352	has_biolink:BiologicalProcess	"experimental_data;tabular_data"								
syn11374354	go:0050999	has_biolink:BiologicalProcess	"experimental_data;tabular_data"								
syn11374354	go:2000178	has_biolink:BiologicalProcess	"experimental_data;tabular_data"								
syn11374354	go:0032905	has_biolink:BiologicalProcess	"experimental_data;tabular_data"								
syn11374354	go:1902692	has_biolink:BiologicalProcess	"experimental_data;tabular_data"								
syn11374354	go:0090394	has_biolink:BiologicalProcess	"experimental_data;tabular_data"								
syn11374354	go:0007616	has_biolink:BiologicalProcess	"experimental_data;tabular_data"								
syn11374354	go:2000404	has_biolink:BiologicalProcess	"experimental_data;tabular_data"								
syn11374354	go:0099522	has_biolink:CellularComponent	"experimental_data;tabular_data"								
syn11374354	go:0120162	has_biolink:BiologicalProcess	"experimental_data;tabular_data"								
syn11374354	go:0086001	has_biolink:BiologicalProcess	"experimental_data;tabular_data"								
syn11374354	go:0046597	has_biolink:BiologicalProcess	"experimental_data;tabular_data"								
syn11374354	go:1902570	has_biolink:BiologicalProcess	"experimental_data;tabular_data"								
syn11374354	go:0046579	has_biolink:BiologicalProcess	"experimental_data;tabular_data"								
syn11374354	go:0060487	has_biolink:BiologicalProcess	"experimental_data;tabular_data"								
syn11374354	go:0060079	has_biolink:BiologicalProcess	"experimental_data;tabular_data"								
syn11374354	go:0061952	has_biolink:BiologicalProcess	"experimental_data;tabular_data"								
syn11374354	go:0048703	has_biolink:BiologicalProcess	"experimental_data;tabular_data"								
syn11374354	go:0038110	has_biolink:BiologicalProcess	"experimental_data;tabular_data"								
syn11374354	go:0072178	has_biolink:BiologicalProcess	"experimental_data;tabular_data"								
syn11374354	go:0060068	has_biolink:BiologicalProcess	"experimental_data;tabular_data"								
syn11374354	go:0031234	has_biolink:CellularComponent	"experimental_data;tabular_data"								
syn11374354	go:0006721	has_biolink:BiologicalProcess	"experimental_data;tabular_data"								
syn11374354	go:0033555	has_biolink:BiologicalProcess	"experimental_data;tabular_data"								
syn11374354	go:0090277	has_biolink:BiologicalProcess	"experimental_data;tabular_data"								
syn11374354	go:0032994	has_biolink:MacromolecularComplexOrProteinFamily	"experimental_data;tabular_data"								
syn11374354	go:0046006	has_biolink:BiologicalProcess	"experimental_data;tabular_data"								
syn11374354	go:0072384	has_biolink:BiologicalProcess	"experimental_data;tabular_data"								
syn11374354	go:0021532	has_biolink:BiologicalProcess	"experimental_data;tabular_data"								
syn11374354	go:1903523	has_biolink:BiologicalProcess	"experimental_data;tabular_data"								
syn11374354	go:0045821	has_biolink:BiologicalProcess	"experimental_data;tabular_data"								
syn11374354	go:0003081	has_biolink:BiologicalProcess	"experimental_data;tabular_data"								
syn11374354	go:0042311	has_biolink:BiologicalProcess	"experimental_data;tabular_data"								
syn11374354	go:0030073	has_biolink:BiologicalProcess	"experimental_data;tabular_data"								
syn11374354	go:0030008	has_biolink:MacromolecularComplexOrProteinFamily	"experimental_data;tabular_data"								
syn11374354	go:0140326	has_biolink:BiologicalProcess	"experimental_data;tabular_data"								
syn11374354	go:0035456	has_biolink:BiologicalProcess	"experimental_data;tabular_data"								
syn11374354	go:0002643	has_biolink:BiologicalProcess	"experimental_data;tabular_data"								
syn11374354	go:0042754	has_biolink:BiologicalProcess	"experimental_data;tabular_data"								
syn11374354	go:2000781	has_biolink:BiologicalProcess	"experimental_data;tabular_data"								
syn11374354	go:0045591	has_biolink:BiologicalProcess	"experimental_data;tabular_data"								
syn11374354	go:0030072	has_biolink:BiologicalProcess	"experimental_data;tabular_data"								
syn11374354	go:0060768	has_biolink:BiologicalProcess	"experimental_data;tabular_data"								
syn11374354	go:0001523	has_biolink:BiologicalProcess	"experimental_data;tabular_data"								
syn11374354	go:0019054	has_biolink:BiologicalProcess	"experimental_data;tabular_data"								
syn11374354	go:0099524	has_biolink:CellularComponent	"experimental_data;tabular_data"								
syn11374354	go:1904680	has_biolink:BiologicalProcess	"experimental_data;tabular_data"								
syn11374354	go:0010518	has_biolink:BiologicalProcess	"experimental_data;tabular_data"								
syn11374354	go:0048873	has_biolink:BiologicalProcess	"experimental_data;tabular_data"								
syn11374354	go:1901985	has_biolink:BiologicalProcess	"experimental_data;tabular_data"								
syn11374354	go:0003208	has_biolink:BiologicalProcess	"experimental_data;tabular_data"								
syn11374354	go:0002604	has_biolink:BiologicalProcess	"experimental_data;tabular_data"								
syn11374354	go:0006991	has_biolink:BiologicalProcess	"experimental_data;tabular_data"								
syn11374354	go:0010662	has_biolink:BiologicalProcess	"experimental_data;tabular_data"								
syn11374354	go:0071326	has_biolink:BiologicalProcess	"experimental_data;tabular_data"								
syn11374354	go:1902931	has_biolink:BiologicalProcess	"experimental_data;tabular_data"								
syn11374354	go:0015248	has_biolink:BiologicalProcess	"experimental_data;tabular_data"								
syn11374354	hgnc:7765	has_biolink:GeneOrGeneProduct	"experimental_data;tabular_data"								
syn11374354	efo:0009813	has_experimental_factor	"experimental_data;tabular_data"								
syn11374354	hp:0012826	has_biolink:Disease	"experimental_data;tabular_data"								
syn11374354	mesh:D000081246	has_experimental_factor	"experimental_data;tabular_data"								
syn11374354	mesh:D006801	has_biolink:OrganismTaxon	"experimental_data;tabular_data"								
syn11374354	mesh:D009456	has_biolink:Disease	"experimental_data;tabular_data"								
syn11374354	mesh:D009455	has_biolink:Disease	"experimental_data;tabular_data"								
syn11374354	mesh:D012867	has_biolink:GrossAnatomicalStructure	"experimental_data;tabular_data"								
syn11374354	efo:0008637	has_experimental_factor	"experimental_data;tabular_data"								
syn11374354	hgnc:1510	has_biolink:GeneOrGeneProduct	"experimental_data;tabular_data"								
syn11374354	efo:0008931	has_experimental_factor	"experimental_data;tabular_data"								
syn11374354	efo:0003753	has_experimental_factor	"experimental_data;tabular_data"								
syn11374354	mesh:D012583	has_biolink:GrossAnatomicalStructure	"experimental_data;tabular_data"								
NF0007-2	syn22753075	has_sequencing_experiment	"sequencing_experiments"								
syn11374354	NF0007-2	has_specimen	"sequencing_experiments"								
NF0007-2	mesh:D006801	has_organism	"sequencing_experiments"								
syn11374354	mesh:D006801	has_organism	"sequencing_experiments"								
syn22753075	mesh:D012867	has_anatomical_region	"sequencing_experiments"								
syn11374354	mesh:D012867	has_anatomical_region	"sequencing_experiments"								
NF0007-2	syn22753079	has_sequencing_experiment	"sequencing_experiments"								
syn22753079	mesh:D012867	has_anatomical_region	"sequencing_experiments"								
NF0007-2	syn22753093	has_sequencing_experiment	"sequencing_experiments"								
syn22753093	mesh:D012867	has_anatomical_region	"sequencing_experiments"								
NF0007-2	syn22753084	has_sequencing_experiment	"sequencing_experiments"								
syn22753084	mesh:D012867	has_anatomical_region	"sequencing_experiments"								
NF0007-2	syn22753073	has_sequencing_experiment	"sequencing_experiments"								
syn22753073	mesh:D012867	has_anatomical_region	"sequencing_experiments"								
NF0007-2	syn22753091	has_sequencing_experiment	"sequencing_experiments"								
syn22753091	mesh:D012867	has_anatomical_region	"sequencing_experiments"								
NF0007-2-D+C	syn22753141	has_sequencing_experiment	"sequencing_experiments"								
syn11374354	NF0007-2-D+C	has_specimen	"sequencing_experiments"								
NF0007-2-D+C	mesh:D006801	has_organism	"sequencing_experiments"								
syn22753141	mesh:D012867	has_anatomical_region	"sequencing_experiments"								
NF0007-2-D+C	syn22753119	has_sequencing_experiment	"sequencing_experiments"								
syn22753119	mesh:D012867	has_anatomical_region	"sequencing_experiments"								
NF0007-2-D+C	syn22753251	has_sequencing_experiment	"sequencing_experiments"								
syn22753251	mesh:D012867	has_anatomical_region	"sequencing_experiments"								
NF0007-2-D+C	syn22753252	has_sequencing_experiment	"sequencing_experiments"								
syn22753252	mesh:D012867	has_anatomical_region	"sequencing_experiments"								
NF0007-2-D+C	syn22753249	has_sequencing_experiment	"sequencing_experiments"								
syn22753249	mesh:D012867	has_anatomical_region	"sequencing_experiments"								
NF0007-2-D+C	syn22753245	has_sequencing_experiment	"sequencing_experiments"								
syn22753245	mesh:D012867	has_anatomical_region	"sequencing_experiments"								
NF0007-2-D+C+F	syn22753247	has_sequencing_experiment	"sequencing_experiments"								
syn11374354	NF0007-2-D+C+F	has_specimen	"sequencing_experiments"								
NF0007-2-D+C+F	mesh:D006801	has_organism	"sequencing_experiments"								
syn22753247	mesh:D012867	has_anatomical_region	"sequencing_experiments"								
NF0007-2-D+C+F	syn22753263	has_sequencing_experiment	"sequencing_experiments"								
syn22753263	mesh:D012867	has_anatomical_region	"sequencing_experiments"								
NF0007-2-D+C+F	syn22753267	has_sequencing_experiment	"sequencing_experiments"								
syn22753267	mesh:D012867	has_anatomical_region	"sequencing_experiments"								
NF0007-2-D+C+F	syn22753254	has_sequencing_experiment	"sequencing_experiments"								
syn22753254	mesh:D012867	has_anatomical_region	"sequencing_experiments"								
NF0007-2-D+C+F	syn22753297	has_sequencing_experiment	"sequencing_experiments"								
syn22753297	mesh:D012867	has_anatomical_region	"sequencing_experiments"								
NF0007-2-D+C+F	syn22753298	has_sequencing_experiment	"sequencing_experiments"								
syn22753298	mesh:D012867	has_anatomical_region	"sequencing_experiments"								
NF0007-2 S	syn22753301	has_sequencing_experiment	"sequencing_experiments"								
syn11374354	NF0007-2 S	has_specimen	"sequencing_experiments"								
NF0007-2 S	mesh:D006801	has_organism	"sequencing_experiments"								
syn22753301	mesh:D012867	has_anatomical_region	"sequencing_experiments"								
NF0007-2 S	syn22753311	has_sequencing_experiment	"sequencing_experiments"								
syn22753311	mesh:D012867	has_anatomical_region	"sequencing_experiments"								
NF0007-2 S	syn22753302	has_sequencing_experiment	"sequencing_experiments"								
syn22753302	mesh:D012867	has_anatomical_region	"sequencing_experiments"								
NF0007-2 S	syn22753299	has_sequencing_experiment	"sequencing_experiments"								
syn22753299	mesh:D012867	has_anatomical_region	"sequencing_experiments"								
NF0007-2 S	syn22753308	has_sequencing_experiment	"sequencing_experiments"								
syn22753308	mesh:D012867	has_anatomical_region	"sequencing_experiments"								
NF0007-2 S	syn22753318	has_sequencing_experiment	"sequencing_experiments"								
syn22753318	mesh:D012867	has_anatomical_region	"sequencing_experiments"								
NF0007-2-S+C	syn22753350	has_sequencing_experiment	"sequencing_experiments"								
syn11374354	NF0007-2-S+C	has_specimen	"sequencing_experiments"								
NF0007-2-S+C	mesh:D006801	has_organism	"sequencing_experiments"								
syn22753350	mesh:D012867	has_anatomical_region	"sequencing_experiments"								
NF0007-2-S+C	syn22753364	has_sequencing_experiment	"sequencing_experiments"								
syn22753364	mesh:D012867	has_anatomical_region	"sequencing_experiments"								
NF0007-2-S+C	syn22753353	has_sequencing_experiment	"sequencing_experiments"								
syn22753353	mesh:D012867	has_anatomical_region	"sequencing_experiments"								
NF0007-2-S+C	syn22753343	has_sequencing_experiment	"sequencing_experiments"								
syn22753343	mesh:D012867	has_anatomical_region	"sequencing_experiments"								
NF0007-2-S+C	syn22753367	has_sequencing_experiment	"sequencing_experiments"								
syn22753367	mesh:D012867	has_anatomical_region	"sequencing_experiments"								
NF0007-2-S+C	syn22753366	has_sequencing_experiment	"sequencing_experiments"								
syn22753366	mesh:D012867	has_anatomical_region	"sequencing_experiments"								
NF0007-2-S+C+F	syn22753359	has_sequencing_experiment	"sequencing_experiments"								
syn11374354	NF0007-2-S+C+F	has_specimen	"sequencing_experiments"								
NF0007-2-S+C+F	mesh:D006801	has_organism	"sequencing_experiments"								
syn22753359	mesh:D012867	has_anatomical_region	"sequencing_experiments"								
NF0007-2-S+C+F	syn22753375	has_sequencing_experiment	"sequencing_experiments"								
syn22753375	mesh:D012867	has_anatomical_region	"sequencing_experiments"								
NF0007-2-S+C+F	syn22753402	has_sequencing_experiment	"sequencing_experiments"								
syn22753402	mesh:D012867	has_anatomical_region	"sequencing_experiments"								
NF0007-2-S+C+F	syn22753408	has_sequencing_experiment	"sequencing_experiments"								
syn22753408	mesh:D012867	has_anatomical_region	"sequencing_experiments"								
NF0007-2-S+C+F	syn22753409	has_sequencing_experiment	"sequencing_experiments"								
syn22753409	mesh:D012867	has_anatomical_region	"sequencing_experiments"								
NF0007-2-S+C+F	syn22753415	has_sequencing_experiment	"sequencing_experiments"								
syn22753415	mesh:D012867	has_anatomical_region	"sequencing_experiments"								
NF0007-4-M	syn22753430	has_sequencing_experiment	"sequencing_experiments"								
syn11374354	NF0007-4-M	has_specimen	"sequencing_experiments"								
NF0007-4-M	mesh:D006801	has_organism	"sequencing_experiments"								
syn22753430	mesh:D012867	has_anatomical_region	"sequencing_experiments"								
NF0007-4-M	syn22753433	has_sequencing_experiment	"sequencing_experiments"								
syn22753433	mesh:D012867	has_anatomical_region	"sequencing_experiments"								
NF0007-4-M	syn22753418	has_sequencing_experiment	"sequencing_experiments"								
syn22753418	mesh:D012867	has_anatomical_region	"sequencing_experiments"								
NF0007-4-M	syn22753422	has_sequencing_experiment	"sequencing_experiments"								
syn22753422	mesh:D012867	has_anatomical_region	"sequencing_experiments"								
NF0007-4-M	syn22753463	has_sequencing_experiment	"sequencing_experiments"								
syn22753463	mesh:D012867	has_anatomical_region	"sequencing_experiments"								
NF0007-4-M	syn22753485	has_sequencing_experiment	"sequencing_experiments"								
syn22753485	mesh:D012867	has_anatomical_region	"sequencing_experiments"								
NF0007-4-M+C	syn22753458	has_sequencing_experiment	"sequencing_experiments"								
syn11374354	NF0007-4-M+C	has_specimen	"sequencing_experiments"								
NF0007-4-M+C	mesh:D006801	has_organism	"sequencing_experiments"								
syn22753458	mesh:D012867	has_anatomical_region	"sequencing_experiments"								
NF0007-4-M+C	syn22753476	has_sequencing_experiment	"sequencing_experiments"								
syn22753476	mesh:D012867	has_anatomical_region	"sequencing_experiments"								
NF0007-4-M+C	syn22753477	has_sequencing_experiment	"sequencing_experiments"								
syn22753477	mesh:D012867	has_anatomical_region	"sequencing_experiments"								
NF0007-4-M+C	syn22753482	has_sequencing_experiment	"sequencing_experiments"								
syn22753482	mesh:D012867	has_anatomical_region	"sequencing_experiments"								
NF0007-4-M+C	syn22753483	has_sequencing_experiment	"sequencing_experiments"								
syn22753483	mesh:D012867	has_anatomical_region	"sequencing_experiments"								
NF0007-4-M+C	syn22753486	has_sequencing_experiment	"sequencing_experiments"								
syn22753486	mesh:D012867	has_anatomical_region	"sequencing_experiments"								
NF0007-4-M+C+F	syn22753511	has_sequencing_experiment	"sequencing_experiments"								
syn11374354	NF0007-4-M+C+F	has_specimen	"sequencing_experiments"								
NF0007-4-M+C+F	mesh:D006801	has_organism	"sequencing_experiments"								
syn22753511	mesh:D012867	has_anatomical_region	"sequencing_experiments"								
NF0007-4-M+C+F	syn22753515	has_sequencing_experiment	"sequencing_experiments"								
syn22753515	mesh:D012867	has_anatomical_region	"sequencing_experiments"								
NF0007-4-M+C+F	syn22753522	has_sequencing_experiment	"sequencing_experiments"								
syn22753522	mesh:D012867	has_anatomical_region	"sequencing_experiments"								
NF0007-4-M+C+F	syn22753531	has_sequencing_experiment	"sequencing_experiments"								
syn22753531	mesh:D012867	has_anatomical_region	"sequencing_experiments"								
NF0007-4-M+C+F	syn22753533	has_sequencing_experiment	"sequencing_experiments"								
syn22753533	mesh:D012867	has_anatomical_region	"sequencing_experiments"								
NF0007-4-M+C+F	syn22753527	has_sequencing_experiment	"sequencing_experiments"								
syn22753527	mesh:D012867	has_anatomical_region	"sequencing_experiments"								
NF0007-4 D	syn22753535	has_sequencing_experiment	"sequencing_experiments"								
syn11374354	NF0007-4 D	has_specimen	"sequencing_experiments"								
NF0007-4 D	mesh:D006801	has_organism	"sequencing_experiments"								
syn22753535	mesh:D012867	has_anatomical_region	"sequencing_experiments"								
NF0007-4 D	syn22753537	has_sequencing_experiment	"sequencing_experiments"								
syn22753537	mesh:D012867	has_anatomical_region	"sequencing_experiments"								
NF0007-4 D	syn22753558	has_sequencing_experiment	"sequencing_experiments"								
syn22753558	mesh:D012867	has_anatomical_region	"sequencing_experiments"								
NF0007-4 D	syn22753557	has_sequencing_experiment	"sequencing_experiments"								
syn22753557	mesh:D012867	has_anatomical_region	"sequencing_experiments"								
NF0007-4 D	syn22753564	has_sequencing_experiment	"sequencing_experiments"								
syn22753564	mesh:D012867	has_anatomical_region	"sequencing_experiments"								
NF0007-4 D	syn22753576	has_sequencing_experiment	"sequencing_experiments"								
syn22753576	mesh:D012867	has_anatomical_region	"sequencing_experiments"								
NF0007-4-D+C	syn22753572	has_sequencing_experiment	"sequencing_experiments"								
syn11374354	NF0007-4-D+C	has_specimen	"sequencing_experiments"								
NF0007-4-D+C	mesh:D006801	has_organism	"sequencing_experiments"								
syn22753572	mesh:D012867	has_anatomical_region	"sequencing_experiments"								
NF0007-4-D+C	syn22753581	has_sequencing_experiment	"sequencing_experiments"								
syn22753581	mesh:D012867	has_anatomical_region	"sequencing_experiments"								
NF0007-4-D+C	syn22753578	has_sequencing_experiment	"sequencing_experiments"								
syn22753578	mesh:D012867	has_anatomical_region	"sequencing_experiments"								
NF0007-4-D+C	syn22753589	has_sequencing_experiment	"sequencing_experiments"								
syn22753589	mesh:D012867	has_anatomical_region	"sequencing_experiments"								
NF0007-4-D+C	syn22753598	has_sequencing_experiment	"sequencing_experiments"								
syn22753598	mesh:D012867	has_anatomical_region	"sequencing_experiments"								
NF0007-4-D+C	syn22753593	has_sequencing_experiment	"sequencing_experiments"								
syn22753593	mesh:D012867	has_anatomical_region	"sequencing_experiments"								
NF0007-4	syn22753614	has_sequencing_experiment	"sequencing_experiments"								
syn11374354	NF0007-4	has_specimen	"sequencing_experiments"								
NF0007-4	mesh:D006801	has_organism	"sequencing_experiments"								
syn22753614	mesh:D012867	has_anatomical_region	"sequencing_experiments"								
NF0007-4	syn22753623	has_sequencing_experiment	"sequencing_experiments"								
syn22753623	mesh:D012867	has_anatomical_region	"sequencing_experiments"								
NF0007-4	syn22753627	has_sequencing_experiment	"sequencing_experiments"								
syn22753627	mesh:D012867	has_anatomical_region	"sequencing_experiments"								
NF0007-4	syn22753624	has_sequencing_experiment	"sequencing_experiments"								
syn22753624	mesh:D012867	has_anatomical_region	"sequencing_experiments"								
NF0007-4	syn22753634	has_sequencing_experiment	"sequencing_experiments"								
syn22753634	mesh:D012867	has_anatomical_region	"sequencing_experiments"								
NF0007-4	syn22753647	has_sequencing_experiment	"sequencing_experiments"								
syn22753647	mesh:D012867	has_anatomical_region	"sequencing_experiments"								
NF0007-4-D+C+F	syn22753640	has_sequencing_experiment	"sequencing_experiments"								
syn11374354	NF0007-4-D+C+F	has_specimen	"sequencing_experiments"								
NF0007-4-D+C+F	mesh:D006801	has_organism	"sequencing_experiments"								
syn22753640	mesh:D012867	has_anatomical_region	"sequencing_experiments"								
NF0007-4-D+C+F	syn22753642	has_sequencing_experiment	"sequencing_experiments"								
syn22753642	mesh:D012867	has_anatomical_region	"sequencing_experiments"								
NF0007-4-D+C+F	syn22753656	has_sequencing_experiment	"sequencing_experiments"								
syn22753656	mesh:D012867	has_anatomical_region	"sequencing_experiments"								
NF0007-4-D+C+F	syn22753668	has_sequencing_experiment	"sequencing_experiments"								
syn22753668	mesh:D012867	has_anatomical_region	"sequencing_experiments"								
NF0007-4-D+C+F	syn22753677	has_sequencing_experiment	"sequencing_experiments"								
syn22753677	mesh:D012867	has_anatomical_region	"sequencing_experiments"								
NF0007-4-D+C+F	syn22753669	has_sequencing_experiment	"sequencing_experiments"								
syn22753669	mesh:D012867	has_anatomical_region	"sequencing_experiments"								
NF0007-4 S	syn22753681	has_sequencing_experiment	"sequencing_experiments"								
syn11374354	NF0007-4 S	has_specimen	"sequencing_experiments"								
NF0007-4 S	mesh:D006801	has_organism	"sequencing_experiments"								
syn22753681	mesh:D012867	has_anatomical_region	"sequencing_experiments"								
NF0007-4 S	syn22753695	has_sequencing_experiment	"sequencing_experiments"								
syn22753695	mesh:D012867	has_anatomical_region	"sequencing_experiments"								
NF0007-4 S	syn22753692	has_sequencing_experiment	"sequencing_experiments"								
syn22753692	mesh:D012867	has_anatomical_region	"sequencing_experiments"								
NF0007-4 S	syn22753682	has_sequencing_experiment	"sequencing_experiments"								
syn22753682	mesh:D012867	has_anatomical_region	"sequencing_experiments"								
NF0007-4 S	syn22753697	has_sequencing_experiment	"sequencing_experiments"								
syn22753697	mesh:D012867	has_anatomical_region	"sequencing_experiments"								
NF0007-4 S	syn22753715	has_sequencing_experiment	"sequencing_experiments"								
syn22753715	mesh:D012867	has_anatomical_region	"sequencing_experiments"								
NF0007-4-S+C	syn22753732	has_sequencing_experiment	"sequencing_experiments"								
syn11374354	NF0007-4-S+C	has_specimen	"sequencing_experiments"								
NF0007-4-S+C	mesh:D006801	has_organism	"sequencing_experiments"								
syn22753732	mesh:D012867	has_anatomical_region	"sequencing_experiments"								
NF0007-4-S+C	syn22753730	has_sequencing_experiment	"sequencing_experiments"								
syn22753730	mesh:D012867	has_anatomical_region	"sequencing_experiments"								
NF0007-4-S+C	syn22753731	has_sequencing_experiment	"sequencing_experiments"								
syn22753731	mesh:D012867	has_anatomical_region	"sequencing_experiments"								
NF0007-4-S+C	syn22753737	has_sequencing_experiment	"sequencing_experiments"								
syn22753737	mesh:D012867	has_anatomical_region	"sequencing_experiments"								
NF0007-4-S+C	syn22753745	has_sequencing_experiment	"sequencing_experiments"								
syn22753745	mesh:D012867	has_anatomical_region	"sequencing_experiments"								
NF0007-4-S+C	syn22753743	has_sequencing_experiment	"sequencing_experiments"								
syn22753743	mesh:D012867	has_anatomical_region	"sequencing_experiments"								
NF0007-4-S+C+F	syn22753747	has_sequencing_experiment	"sequencing_experiments"								
syn11374354	NF0007-4-S+C+F	has_specimen	"sequencing_experiments"								
NF0007-4-S+C+F	mesh:D006801	has_organism	"sequencing_experiments"								
syn22753747	mesh:D012867	has_anatomical_region	"sequencing_experiments"								
NF0007-4-S+C+F	syn22753770	has_sequencing_experiment	"sequencing_experiments"								
syn22753770	mesh:D012867	has_anatomical_region	"sequencing_experiments"								
NF0007-4-S+C+F	syn22753788	has_sequencing_experiment	"sequencing_experiments"								
syn22753788	mesh:D012867	has_anatomical_region	"sequencing_experiments"								
NF0007-4-S+C+F	syn22753782	has_sequencing_experiment	"sequencing_experiments"								
syn22753782	mesh:D012867	has_anatomical_region	"sequencing_experiments"								
NF0007-4-S+C+F	syn22753787	has_sequencing_experiment	"sequencing_experiments"								
syn22753787	mesh:D012867	has_anatomical_region	"sequencing_experiments"								
NF0007-4-S+C+F	syn22753797	has_sequencing_experiment	"sequencing_experiments"								
syn22753797	mesh:D012867	has_anatomical_region	"sequencing_experiments"								
NF0012-3-6 M	syn22753802	has_sequencing_experiment	"sequencing_experiments"								
syn11374354	NF0012-3-6 M	has_specimen	"sequencing_experiments"								
NF0012-3-6 M	mesh:D006801	has_organism	"sequencing_experiments"								
syn22753802	mesh:D012867	has_anatomical_region	"sequencing_experiments"								
NF0012-3-6 M	syn22753790	has_sequencing_experiment	"sequencing_experiments"								
syn22753790	mesh:D012867	has_anatomical_region	"sequencing_experiments"								
NF0012-3-6 M	syn22753791	has_sequencing_experiment	"sequencing_experiments"								
syn22753791	mesh:D012867	has_anatomical_region	"sequencing_experiments"								
NF0012-3-6 M	syn22753823	has_sequencing_experiment	"sequencing_experiments"								
syn22753823	mesh:D012867	has_anatomical_region	"sequencing_experiments"								
NF0012-3-6 M	syn22753826	has_sequencing_experiment	"sequencing_experiments"								
syn22753826	mesh:D012867	has_anatomical_region	"sequencing_experiments"								
NF0012-3-6 M	syn22753836	has_sequencing_experiment	"sequencing_experiments"								
syn22753836	mesh:D012867	has_anatomical_region	"sequencing_experiments"								
NF0012-3-6-M+C	syn22753840	has_sequencing_experiment	"sequencing_experiments"								
syn11374354	NF0012-3-6-M+C	has_specimen	"sequencing_experiments"								
NF0012-3-6-M+C	mesh:D006801	has_organism	"sequencing_experiments"								
syn22753840	mesh:D012867	has_anatomical_region	"sequencing_experiments"								
NF0012-3-6-M+C	syn22753837	has_sequencing_experiment	"sequencing_experiments"								
syn22753837	mesh:D012867	has_anatomical_region	"sequencing_experiments"								
NF0012-3-6-M+C	syn22753830	has_sequencing_experiment	"sequencing_experiments"								
syn22753830	mesh:D012867	has_anatomical_region	"sequencing_experiments"								
NF0012-3-6-M+C	syn22753833	has_sequencing_experiment	"sequencing_experiments"								
syn22753833	mesh:D012867	has_anatomical_region	"sequencing_experiments"								
NF0012-3-6-M+C	syn22753843	has_sequencing_experiment	"sequencing_experiments"								
syn22753843	mesh:D012867	has_anatomical_region	"sequencing_experiments"								
NF0012-3-6-M+C	syn22753853	has_sequencing_experiment	"sequencing_experiments"								
syn22753853	mesh:D012867	has_anatomical_region	"sequencing_experiments"								
NF0012-3-6-M+C+F	syn22753865	has_sequencing_experiment	"sequencing_experiments"								
syn11374354	NF0012-3-6-M+C+F	has_specimen	"sequencing_experiments"								
NF0012-3-6-M+C+F	mesh:D006801	has_organism	"sequencing_experiments"								
syn22753865	mesh:D012867	has_anatomical_region	"sequencing_experiments"								
NF0012-3-6-M+C+F	syn22753868	has_sequencing_experiment	"sequencing_experiments"								
syn22753868	mesh:D012867	has_anatomical_region	"sequencing_experiments"								
NF0012-3-6-M+C+F	syn22753863	has_sequencing_experiment	"sequencing_experiments"								
syn22753863	mesh:D012867	has_anatomical_region	"sequencing_experiments"								
NF0012-3-6-M+C+F	syn22753870	has_sequencing_experiment	"sequencing_experiments"								
syn22753870	mesh:D012867	has_anatomical_region	"sequencing_experiments"								
NF0012-3-6-M+C+F	syn22753864	has_sequencing_experiment	"sequencing_experiments"								
syn22753864	mesh:D012867	has_anatomical_region	"sequencing_experiments"								
NF0012-3-6-M+C+F	syn22753862	has_sequencing_experiment	"sequencing_experiments"								
syn22753862	mesh:D012867	has_anatomical_region	"sequencing_experiments"								
NF0012-3-6 D	syn22753883	has_sequencing_experiment	"sequencing_experiments"								
syn11374354	NF0012-3-6 D	has_specimen	"sequencing_experiments"								
NF0012-3-6 D	mesh:D006801	has_organism	"sequencing_experiments"								
syn22753883	mesh:D012867	has_anatomical_region	"sequencing_experiments"								
NF0012-3-6 D	syn22753888	has_sequencing_experiment	"sequencing_experiments"								
syn22753888	mesh:D012867	has_anatomical_region	"sequencing_experiments"								
NF0012-3-6 D	syn22753907	has_sequencing_experiment	"sequencing_experiments"								
syn22753907	mesh:D012867	has_anatomical_region	"sequencing_experiments"								
NF0012-3-6 D	syn22753903	has_sequencing_experiment	"sequencing_experiments"								
syn22753903	mesh:D012867	has_anatomical_region	"sequencing_experiments"								
NF0012-3-6 D	syn22753909	has_sequencing_experiment	"sequencing_experiments"								
syn22753909	mesh:D012867	has_anatomical_region	"sequencing_experiments"								
NF0012-3-6 D	syn22753900	has_sequencing_experiment	"sequencing_experiments"								
syn22753900	mesh:D012867	has_anatomical_region	"sequencing_experiments"								
NF0012-3-6-D+C	syn22753908	has_sequencing_experiment	"sequencing_experiments"								
syn11374354	NF0012-3-6-D+C	has_specimen	"sequencing_experiments"								
NF0012-3-6-D+C	mesh:D006801	has_organism	"sequencing_experiments"								
syn22753908	mesh:D012867	has_anatomical_region	"sequencing_experiments"								
NF0012-3-6-D+C	syn22753913	has_sequencing_experiment	"sequencing_experiments"								
syn22753913	mesh:D012867	has_anatomical_region	"sequencing_experiments"								
NF0012-3-6-D+C	syn22753924	has_sequencing_experiment	"sequencing_experiments"								
syn22753924	mesh:D012867	has_anatomical_region	"sequencing_experiments"								
NF0012-3-6-D+C	syn22753928	has_sequencing_experiment	"sequencing_experiments"								
syn22753928	mesh:D012867	has_anatomical_region	"sequencing_experiments"								
NF0012-3-6-D+C	syn22753947	has_sequencing_experiment	"sequencing_experiments"								
syn22753947	mesh:D012867	has_anatomical_region	"sequencing_experiments"								
NF0012-3-6-D+C	syn22753937	has_sequencing_experiment	"sequencing_experiments"								
syn22753937	mesh:D012867	has_anatomical_region	"sequencing_experiments"								
NF0012-3-6-D+C+F	syn22753946	has_sequencing_experiment	"sequencing_experiments"								
syn11374354	NF0012-3-6-D+C+F	has_specimen	"sequencing_experiments"								
NF0012-3-6-D+C+F	mesh:D006801	has_organism	"sequencing_experiments"								
syn22753946	mesh:D012867	has_anatomical_region	"sequencing_experiments"								
NF0012-3-6-D+C+F	syn22753949	has_sequencing_experiment	"sequencing_experiments"								
syn22753949	mesh:D012867	has_anatomical_region	"sequencing_experiments"								
NF0012-3-6-D+C+F	syn22753943	has_sequencing_experiment	"sequencing_experiments"								
syn22753943	mesh:D012867	has_anatomical_region	"sequencing_experiments"								
NF0012-3-6-D+C+F	syn22753945	has_sequencing_experiment	"sequencing_experiments"								
syn22753945	mesh:D012867	has_anatomical_region	"sequencing_experiments"								
NF0012-3-6-D+C+F	syn22753965	has_sequencing_experiment	"sequencing_experiments"								
syn22753965	mesh:D012867	has_anatomical_region	"sequencing_experiments"								
NF0012-3-6-D+C+F	syn22753963	has_sequencing_experiment	"sequencing_experiments"								
syn22753963	mesh:D012867	has_anatomical_region	"sequencing_experiments"								
NF0012-3-6	syn22753985	has_sequencing_experiment	"sequencing_experiments"								
syn11374354	NF0012-3-6	has_specimen	"sequencing_experiments"								
NF0012-3-6	mesh:D006801	has_organism	"sequencing_experiments"								
syn22753985	mesh:D012867	has_anatomical_region	"sequencing_experiments"								
NF0012-3-6	syn22753989	has_sequencing_experiment	"sequencing_experiments"								
syn22753989	mesh:D012867	has_anatomical_region	"sequencing_experiments"								
NF0012-3-6	syn22753992	has_sequencing_experiment	"sequencing_experiments"								
syn22753992	mesh:D012867	has_anatomical_region	"sequencing_experiments"								
NF0012-3-6	syn22753991	has_sequencing_experiment	"sequencing_experiments"								
syn22753991	mesh:D012867	has_anatomical_region	"sequencing_experiments"								
NF0012-3-6	syn22754005	has_sequencing_experiment	"sequencing_experiments"								
syn22754005	mesh:D012867	has_anatomical_region	"sequencing_experiments"								
NF0012-3-6	syn22754000	has_sequencing_experiment	"sequencing_experiments"								
syn22754000	mesh:D012867	has_anatomical_region	"sequencing_experiments"								
NF0012-3-6 S	syn22753996	has_sequencing_experiment	"sequencing_experiments"								
syn11374354	NF0012-3-6 S	has_specimen	"sequencing_experiments"								
NF0012-3-6 S	mesh:D006801	has_organism	"sequencing_experiments"								
syn22753996	mesh:D012867	has_anatomical_region	"sequencing_experiments"								
NF0012-3-6 S	syn22753999	has_sequencing_experiment	"sequencing_experiments"								
syn22753999	mesh:D012867	has_anatomical_region	"sequencing_experiments"								
NF0012-3-6 S	syn22754013	has_sequencing_experiment	"sequencing_experiments"								
syn22754013	mesh:D012867	has_anatomical_region	"sequencing_experiments"								
NF0012-3-6 S	syn22754011	has_sequencing_experiment	"sequencing_experiments"								
syn22754011	mesh:D012867	has_anatomical_region	"sequencing_experiments"								
NF0012-3-6 S	syn22754018	has_sequencing_experiment	"sequencing_experiments"								
syn22754018	mesh:D012867	has_anatomical_region	"sequencing_experiments"								
NF0012-3-6 S	syn22754019	has_sequencing_experiment	"sequencing_experiments"								
syn22754019	mesh:D012867	has_anatomical_region	"sequencing_experiments"								
NF0012-3-6-S+C	syn22754030	has_sequencing_experiment	"sequencing_experiments"								
syn11374354	NF0012-3-6-S+C	has_specimen	"sequencing_experiments"								
NF0012-3-6-S+C	mesh:D006801	has_organism	"sequencing_experiments"								
syn22754030	mesh:D012867	has_anatomical_region	"sequencing_experiments"								
NF0012-3-6-S+C	syn22754036	has_sequencing_experiment	"sequencing_experiments"								
syn22754036	mesh:D012867	has_anatomical_region	"sequencing_experiments"								
NF0012-3-6-S+C	syn22754043	has_sequencing_experiment	"sequencing_experiments"								
syn22754043	mesh:D012867	has_anatomical_region	"sequencing_experiments"								
NF0012-3-6-S+C	syn22754040	has_sequencing_experiment	"sequencing_experiments"								
syn22754040	mesh:D012867	has_anatomical_region	"sequencing_experiments"								
NF0012-3-6-S+C	syn22754044	has_sequencing_experiment	"sequencing_experiments"								
syn22754044	mesh:D012867	has_anatomical_region	"sequencing_experiments"								
NF0012-3-6-S+C	syn22754051	has_sequencing_experiment	"sequencing_experiments"								
syn22754051	mesh:D012867	has_anatomical_region	"sequencing_experiments"								
NF0012-3-6-S+C+F	syn22754065	has_sequencing_experiment	"sequencing_experiments"								
syn11374354	NF0012-3-6-S+C+F	has_specimen	"sequencing_experiments"								
NF0012-3-6-S+C+F	mesh:D006801	has_organism	"sequencing_experiments"								
syn22754065	mesh:D012867	has_anatomical_region	"sequencing_experiments"								
NF0012-3-6-S+C+F	syn22754068	has_sequencing_experiment	"sequencing_experiments"								
syn22754068	mesh:D012867	has_anatomical_region	"sequencing_experiments"								
NF0012-3-6-S+C+F	syn22754085	has_sequencing_experiment	"sequencing_experiments"								
syn22754085	mesh:D012867	has_anatomical_region	"sequencing_experiments"								
NF0012-3-6-S+C+F	syn22754094	has_sequencing_experiment	"sequencing_experiments"								
syn22754094	mesh:D012867	has_anatomical_region	"sequencing_experiments"								
NF0012-3-6-S+C+F	syn22754096	has_sequencing_experiment	"sequencing_experiments"								
syn22754096	mesh:D012867	has_anatomical_region	"sequencing_experiments"								
NF0012-3-6-S+C+F	syn22754097	has_sequencing_experiment	"sequencing_experiments"								
syn22754097	mesh:D012867	has_anatomical_region	"sequencing_experiments"								
NF0009-1 M	syn22754045	has_sequencing_experiment	"sequencing_experiments"								
syn11374354	NF0009-1 M	has_specimen	"sequencing_experiments"								
NF0009-1 M	mesh:D006801	has_organism	"sequencing_experiments"								
syn22754045	mesh:D012867	has_anatomical_region	"sequencing_experiments"								
NF0009-1 M	syn22754049	has_sequencing_experiment	"sequencing_experiments"								
syn22754049	mesh:D012867	has_anatomical_region	"sequencing_experiments"								
NF0009-1 M	syn22754053	has_sequencing_experiment	"sequencing_experiments"								
syn22754053	mesh:D012867	has_anatomical_region	"sequencing_experiments"								
NF0009-1 M	syn22754056	has_sequencing_experiment	"sequencing_experiments"								
syn22754056	mesh:D012867	has_anatomical_region	"sequencing_experiments"								
NF0009-1 M	syn22754060	has_sequencing_experiment	"sequencing_experiments"								
syn22754060	mesh:D012867	has_anatomical_region	"sequencing_experiments"								
NF0009-1 M	syn22754063	has_sequencing_experiment	"sequencing_experiments"								
syn22754063	mesh:D012867	has_anatomical_region	"sequencing_experiments"								
NF0009-1-M+C	syn22754077	has_sequencing_experiment	"sequencing_experiments"								
syn11374354	NF0009-1-M+C	has_specimen	"sequencing_experiments"								
NF0009-1-M+C	mesh:D006801	has_organism	"sequencing_experiments"								
syn22754077	mesh:D012867	has_anatomical_region	"sequencing_experiments"								
NF0009-1-M+C	syn22754075	has_sequencing_experiment	"sequencing_experiments"								
syn22754075	mesh:D012867	has_anatomical_region	"sequencing_experiments"								
NF0009-1-M+C	syn22754076	has_sequencing_experiment	"sequencing_experiments"								
syn22754076	mesh:D012867	has_anatomical_region	"sequencing_experiments"								
NF0009-1-M+C	syn22754080	has_sequencing_experiment	"sequencing_experiments"								
syn22754080	mesh:D012867	has_anatomical_region	"sequencing_experiments"								
NF0009-1-M+C	syn22754086	has_sequencing_experiment	"sequencing_experiments"								
syn22754086	mesh:D012867	has_anatomical_region	"sequencing_experiments"								
NF0009-1-M+C	syn22754089	has_sequencing_experiment	"sequencing_experiments"								
syn22754089	mesh:D012867	has_anatomical_region	"sequencing_experiments"								
NF0009-1-M+C+F	syn22754125	has_sequencing_experiment	"sequencing_experiments"								
syn11374354	NF0009-1-M+C+F	has_specimen	"sequencing_experiments"								
NF0009-1-M+C+F	mesh:D006801	has_organism	"sequencing_experiments"								
syn22754125	mesh:D012867	has_anatomical_region	"sequencing_experiments"								
NF0009-1-M+C+F	syn22754133	has_sequencing_experiment	"sequencing_experiments"								
syn22754133	mesh:D012867	has_anatomical_region	"sequencing_experiments"								
NF0009-1-M+C+F	syn22754141	has_sequencing_experiment	"sequencing_experiments"								
syn22754141	mesh:D012867	has_anatomical_region	"sequencing_experiments"								
NF0009-1-M+C+F	syn22754137	has_sequencing_experiment	"sequencing_experiments"								
syn22754137	mesh:D012867	has_anatomical_region	"sequencing_experiments"								
NF0009-1-M+C+F	syn22754134	has_sequencing_experiment	"sequencing_experiments"								
syn22754134	mesh:D012867	has_anatomical_region	"sequencing_experiments"								
NF0009-1-M+C+F	syn22754135	has_sequencing_experiment	"sequencing_experiments"								
syn22754135	mesh:D012867	has_anatomical_region	"sequencing_experiments"								
NF0009-1 D	syn22754145	has_sequencing_experiment	"sequencing_experiments"								
syn11374354	NF0009-1 D	has_specimen	"sequencing_experiments"								
NF0009-1 D	mesh:D006801	has_organism	"sequencing_experiments"								
syn22754145	mesh:D012867	has_anatomical_region	"sequencing_experiments"								
NF0009-1 D	syn22754142	has_sequencing_experiment	"sequencing_experiments"								
syn22754142	mesh:D012867	has_anatomical_region	"sequencing_experiments"								
NF0009-1 D	syn22754179	has_sequencing_experiment	"sequencing_experiments"								
syn22754179	mesh:D012867	has_anatomical_region	"sequencing_experiments"								
NF0009-1 D	syn22754187	has_sequencing_experiment	"sequencing_experiments"								
syn22754187	mesh:D012867	has_anatomical_region	"sequencing_experiments"								
NF0009-1 D	syn22754194	has_sequencing_experiment	"sequencing_experiments"								
syn22754194	mesh:D012867	has_anatomical_region	"sequencing_experiments"								
NF0009-1 D	syn22754185	has_sequencing_experiment	"sequencing_experiments"								
syn22754185	mesh:D012867	has_anatomical_region	"sequencing_experiments"								
NF0009-1-D+C	syn22754197	has_sequencing_experiment	"sequencing_experiments"								
syn11374354	NF0009-1-D+C	has_specimen	"sequencing_experiments"								
NF0009-1-D+C	mesh:D006801	has_organism	"sequencing_experiments"								
syn22754197	mesh:D012867	has_anatomical_region	"sequencing_experiments"								
NF0009-1-D+C	syn22754199	has_sequencing_experiment	"sequencing_experiments"								
syn22754199	mesh:D012867	has_anatomical_region	"sequencing_experiments"								
NF0009-1-D+C	syn22754189	has_sequencing_experiment	"sequencing_experiments"								
syn22754189	mesh:D012867	has_anatomical_region	"sequencing_experiments"								
NF0009-1-D+C	syn22754201	has_sequencing_experiment	"sequencing_experiments"								
syn22754201	mesh:D012867	has_anatomical_region	"sequencing_experiments"								
NF0009-1-D+C	syn22754219	has_sequencing_experiment	"sequencing_experiments"								
syn22754219	mesh:D012867	has_anatomical_region	"sequencing_experiments"								
NF0009-1-D+C	syn22754238	has_sequencing_experiment	"sequencing_experiments"								
syn22754238	mesh:D012867	has_anatomical_region	"sequencing_experiments"								
NF0009-1-D+C+F	syn22754237	has_sequencing_experiment	"sequencing_experiments"								
syn11374354	NF0009-1-D+C+F	has_specimen	"sequencing_experiments"								
NF0009-1-D+C+F	mesh:D006801	has_organism	"sequencing_experiments"								
syn22754237	mesh:D012867	has_anatomical_region	"sequencing_experiments"								
NF0009-1-D+C+F	syn22754232	has_sequencing_experiment	"sequencing_experiments"								
syn22754232	mesh:D012867	has_anatomical_region	"sequencing_experiments"								
NF0009-1-D+C+F	syn22754247	has_sequencing_experiment	"sequencing_experiments"								
syn22754247	mesh:D012867	has_anatomical_region	"sequencing_experiments"								
NF0009-1-D+C+F	syn22754248	has_sequencing_experiment	"sequencing_experiments"								
syn22754248	mesh:D012867	has_anatomical_region	"sequencing_experiments"								
NF0009-1-D+C+F	syn22754242	has_sequencing_experiment	"sequencing_experiments"								
syn22754242	mesh:D012867	has_anatomical_region	"sequencing_experiments"								
NF0009-1-D+C+F	syn22754233	has_sequencing_experiment	"sequencing_experiments"								
syn22754233	mesh:D012867	has_anatomical_region	"sequencing_experiments"								
NF0009-1 S	syn22754256	has_sequencing_experiment	"sequencing_experiments"								
syn11374354	NF0009-1 S	has_specimen	"sequencing_experiments"								
NF0009-1 S	mesh:D006801	has_organism	"sequencing_experiments"								
syn22754256	mesh:D012867	has_anatomical_region	"sequencing_experiments"								
NF0009-1 S	syn22754280	has_sequencing_experiment	"sequencing_experiments"								
syn22754280	mesh:D012867	has_anatomical_region	"sequencing_experiments"								
NF0009-1 S	syn22754282	has_sequencing_experiment	"sequencing_experiments"								
syn22754282	mesh:D012867	has_anatomical_region	"sequencing_experiments"								
NF0009-1 S	syn22754277	has_sequencing_experiment	"sequencing_experiments"								
syn22754277	mesh:D012867	has_anatomical_region	"sequencing_experiments"								
NF0009-1 S	syn22754275	has_sequencing_experiment	"sequencing_experiments"								
syn22754275	mesh:D012867	has_anatomical_region	"sequencing_experiments"								
NF0009-1 S	syn22754284	has_sequencing_experiment	"sequencing_experiments"								
syn22754284	mesh:D012867	has_anatomical_region	"sequencing_experiments"								
NF0009-1	syn22754291	has_sequencing_experiment	"sequencing_experiments"								
syn11374354	NF0009-1	has_specimen	"sequencing_experiments"								
NF0009-1	mesh:D006801	has_organism	"sequencing_experiments"								
syn22754291	mesh:D012867	has_anatomical_region	"sequencing_experiments"								
NF0009-1	syn22754292	has_sequencing_experiment	"sequencing_experiments"								
syn22754292	mesh:D012867	has_anatomical_region	"sequencing_experiments"								
NF0009-1	syn22754294	has_sequencing_experiment	"sequencing_experiments"								
syn22754294	mesh:D012867	has_anatomical_region	"sequencing_experiments"								
NF0009-1	syn22754316	has_sequencing_experiment	"sequencing_experiments"								
syn22754316	mesh:D012867	has_anatomical_region	"sequencing_experiments"								
NF0009-1	syn22754333	has_sequencing_experiment	"sequencing_experiments"								
syn22754333	mesh:D012867	has_anatomical_region	"sequencing_experiments"								
NF0009-1	syn22754335	has_sequencing_experiment	"sequencing_experiments"								
syn22754335	mesh:D012867	has_anatomical_region	"sequencing_experiments"								
NF0009-1-S+C	syn22754320	has_sequencing_experiment	"sequencing_experiments"								
syn11374354	NF0009-1-S+C	has_specimen	"sequencing_experiments"								
NF0009-1-S+C	mesh:D006801	has_organism	"sequencing_experiments"								
syn22754320	mesh:D012867	has_anatomical_region	"sequencing_experiments"								
NF0009-1-S+C	syn22754321	has_sequencing_experiment	"sequencing_experiments"								
syn22754321	mesh:D012867	has_anatomical_region	"sequencing_experiments"								
NF0009-1-S+C	syn22754328	has_sequencing_experiment	"sequencing_experiments"								
syn22754328	mesh:D012867	has_anatomical_region	"sequencing_experiments"								
NF0009-1-S+C	syn22754332	has_sequencing_experiment	"sequencing_experiments"								
syn22754332	mesh:D012867	has_anatomical_region	"sequencing_experiments"								
NF0009-1-S+C	syn22754330	has_sequencing_experiment	"sequencing_experiments"								
syn22754330	mesh:D012867	has_anatomical_region	"sequencing_experiments"								
NF0009-1-S+C	syn22754355	has_sequencing_experiment	"sequencing_experiments"								
syn22754355	mesh:D012867	has_anatomical_region	"sequencing_experiments"								
NF0009-1-S+C+F	syn22754376	has_sequencing_experiment	"sequencing_experiments"								
syn11374354	NF0009-1-S+C+F	has_specimen	"sequencing_experiments"								
NF0009-1-S+C+F	mesh:D006801	has_organism	"sequencing_experiments"								
syn22754376	mesh:D012867	has_anatomical_region	"sequencing_experiments"								
NF0009-1-S+C+F	syn22754368	has_sequencing_experiment	"sequencing_experiments"								
syn22754368	mesh:D012867	has_anatomical_region	"sequencing_experiments"								
NF0009-1-S+C+F	syn22754366	has_sequencing_experiment	"sequencing_experiments"								
syn22754366	mesh:D012867	has_anatomical_region	"sequencing_experiments"								
NF0009-1-S+C+F	syn22754367	has_sequencing_experiment	"sequencing_experiments"								
syn22754367	mesh:D012867	has_anatomical_region	"sequencing_experiments"								
NF0009-1-S+C+F	syn22754380	has_sequencing_experiment	"sequencing_experiments"								
syn22754380	mesh:D012867	has_anatomical_region	"sequencing_experiments"								
NF0009-1-S+C+F	syn22754382	has_sequencing_experiment	"sequencing_experiments"								
syn22754382	mesh:D012867	has_anatomical_region	"sequencing_experiments"								
NF0002-8-19 M	syn22754381	has_sequencing_experiment	"sequencing_experiments"								
syn11374354	NF0002-8-19 M	has_specimen	"sequencing_experiments"								
NF0002-8-19 M	mesh:D006801	has_organism	"sequencing_experiments"								
syn22754381	mesh:D012867	has_anatomical_region	"sequencing_experiments"								
NF0002-8-19 M	syn22754399	has_sequencing_experiment	"sequencing_experiments"								
syn22754399	mesh:D012867	has_anatomical_region	"sequencing_experiments"								
NF0002-8-19 M	syn22754406	has_sequencing_experiment	"sequencing_experiments"								
syn22754406	mesh:D012867	has_anatomical_region	"sequencing_experiments"								
NF0002-8-19 M	syn22754411	has_sequencing_experiment	"sequencing_experiments"								
syn22754411	mesh:D012867	has_anatomical_region	"sequencing_experiments"								
NF0002-8-19 M	syn22754410	has_sequencing_experiment	"sequencing_experiments"								
syn22754410	mesh:D012867	has_anatomical_region	"sequencing_experiments"								
NF0002-8-19 M	syn22754417	has_sequencing_experiment	"sequencing_experiments"								
syn22754417	mesh:D012867	has_anatomical_region	"sequencing_experiments"								
NF0002-8-19-M+C	syn22754429	has_sequencing_experiment	"sequencing_experiments"								
syn11374354	NF0002-8-19-M+C	has_specimen	"sequencing_experiments"								
NF0002-8-19-M+C	mesh:D006801	has_organism	"sequencing_experiments"								
syn22754429	mesh:D012867	has_anatomical_region	"sequencing_experiments"								
NF0002-8-19-M+C	syn22754431	has_sequencing_experiment	"sequencing_experiments"								
syn22754431	mesh:D012867	has_anatomical_region	"sequencing_experiments"								
NF0002-8-19-M+C	syn22754428	has_sequencing_experiment	"sequencing_experiments"								
syn22754428	mesh:D012867	has_anatomical_region	"sequencing_experiments"								
NF0002-8-19-M+C	syn22754441	has_sequencing_experiment	"sequencing_experiments"								
syn22754441	mesh:D012867	has_anatomical_region	"sequencing_experiments"								
NF0002-8-19-M+C	syn22754452	has_sequencing_experiment	"sequencing_experiments"								
syn22754452	mesh:D012867	has_anatomical_region	"sequencing_experiments"								
NF0002-8-19-M+C	syn22754455	has_sequencing_experiment	"sequencing_experiments"								
syn22754455	mesh:D012867	has_anatomical_region	"sequencing_experiments"								
NF0002-8-19 D	syn22754472	has_sequencing_experiment	"sequencing_experiments"								
syn11374354	NF0002-8-19 D	has_specimen	"sequencing_experiments"								
NF0002-8-19 D	mesh:D006801	has_organism	"sequencing_experiments"								
syn22754472	mesh:D012867	has_anatomical_region	"sequencing_experiments"								
NF0002-8-19 D	syn22754474	has_sequencing_experiment	"sequencing_experiments"								
syn22754474	mesh:D012867	has_anatomical_region	"sequencing_experiments"								
NF0002-8-19 D	syn22754471	has_sequencing_experiment	"sequencing_experiments"								
syn22754471	mesh:D012867	has_anatomical_region	"sequencing_experiments"								
NF0002-8-19 D	syn22754469	has_sequencing_experiment	"sequencing_experiments"								
syn22754469	mesh:D012867	has_anatomical_region	"sequencing_experiments"								
NF0002-8-19 D	syn22754491	has_sequencing_experiment	"sequencing_experiments"								
syn22754491	mesh:D012867	has_anatomical_region	"sequencing_experiments"								
NF0002-8-19 D	syn22754493	has_sequencing_experiment	"sequencing_experiments"								
syn22754493	mesh:D012867	has_anatomical_region	"sequencing_experiments"								
NF0002-8-19 S	syn22754520	has_sequencing_experiment	"sequencing_experiments"								
syn11374354	NF0002-8-19 S	has_specimen	"sequencing_experiments"								
NF0002-8-19 S	mesh:D006801	has_organism	"sequencing_experiments"								
syn22754520	mesh:D012867	has_anatomical_region	"sequencing_experiments"								
NF0002-8-19 S	syn22754523	has_sequencing_experiment	"sequencing_experiments"								
syn22754523	mesh:D012867	has_anatomical_region	"sequencing_experiments"								
NF0002-8-19 S	syn22754521	has_sequencing_experiment	"sequencing_experiments"								
syn22754521	mesh:D012867	has_anatomical_region	"sequencing_experiments"								
NF0002-8-19 S	syn22754522	has_sequencing_experiment	"sequencing_experiments"								
syn22754522	mesh:D012867	has_anatomical_region	"sequencing_experiments"								
NF0002-8-19 S	syn22754525	has_sequencing_experiment	"sequencing_experiments"								
syn22754525	mesh:D012867	has_anatomical_region	"sequencing_experiments"								
NF0002-8-19 S	syn22754519	has_sequencing_experiment	"sequencing_experiments"								
syn22754519	mesh:D012867	has_anatomical_region	"sequencing_experiments"								
NF0002-8-19-S+C	syn22754505	has_sequencing_experiment	"sequencing_experiments"								
syn11374354	NF0002-8-19-S+C	has_specimen	"sequencing_experiments"								
NF0002-8-19-S+C	mesh:D006801	has_organism	"sequencing_experiments"								
syn22754505	mesh:D012867	has_anatomical_region	"sequencing_experiments"								
NF0002-8-19-S+C	syn22754506	has_sequencing_experiment	"sequencing_experiments"								
syn22754506	mesh:D012867	has_anatomical_region	"sequencing_experiments"								
NF0002-8-19	syn22754550	has_sequencing_experiment	"sequencing_experiments"								
syn11374354	NF0002-8-19	has_specimen	"sequencing_experiments"								
NF0002-8-19	mesh:D006801	has_organism	"sequencing_experiments"								
syn22754550	mesh:D012867	has_anatomical_region	"sequencing_experiments"								
NF0002-8-19	syn22754541	has_sequencing_experiment	"sequencing_experiments"								
syn22754541	mesh:D012867	has_anatomical_region	"sequencing_experiments"								
NF0002-8-19	syn22754565	has_sequencing_experiment	"sequencing_experiments"								
syn22754565	mesh:D012867	has_anatomical_region	"sequencing_experiments"								
NF0002-8-19	syn22754577	has_sequencing_experiment	"sequencing_experiments"								
syn22754577	mesh:D012867	has_anatomical_region	"sequencing_experiments"								
NF0002-8-19	syn22754580	has_sequencing_experiment	"sequencing_experiments"								
syn22754580	mesh:D012867	has_anatomical_region	"sequencing_experiments"								
NF0002-8-19	syn22754572	has_sequencing_experiment	"sequencing_experiments"								
syn22754572	mesh:D012867	has_anatomical_region	"sequencing_experiments"								
NF0002-8-19-S+C+F	syn22754578	has_sequencing_experiment	"sequencing_experiments"								
syn11374354	NF0002-8-19-S+C+F	has_specimen	"sequencing_experiments"								
NF0002-8-19-S+C+F	mesh:D006801	has_organism	"sequencing_experiments"								
syn22754578	mesh:D012867	has_anatomical_region	"sequencing_experiments"								
NF0002-8-19-S+C+F	syn22754579	has_sequencing_experiment	"sequencing_experiments"								
syn22754579	mesh:D012867	has_anatomical_region	"sequencing_experiments"								
NF0002-8-19-S+C+F	syn22754595	has_sequencing_experiment	"sequencing_experiments"								
syn22754595	mesh:D012867	has_anatomical_region	"sequencing_experiments"								
NF0002-8-19-S+C+F	syn22754591	has_sequencing_experiment	"sequencing_experiments"								
syn22754591	mesh:D012867	has_anatomical_region	"sequencing_experiments"								
NF0002-8-19-S+C+F	syn22754617	has_sequencing_experiment	"sequencing_experiments"								
syn22754617	mesh:D012867	has_anatomical_region	"sequencing_experiments"								
NF0002-8-19-S+C+F	syn22754613	has_sequencing_experiment	"sequencing_experiments"								
syn22754613	mesh:D012867	has_anatomical_region	"sequencing_experiments"								
NF0008-1	syn22754635	has_sequencing_experiment	"sequencing_experiments"								
syn11374354	NF0008-1	has_specimen	"sequencing_experiments"								
NF0008-1	mesh:D006801	has_organism	"sequencing_experiments"								
syn22754635	mesh:D012867	has_anatomical_region	"sequencing_experiments"								
NF0008-1	syn22754627	has_sequencing_experiment	"sequencing_experiments"								
syn22754627	mesh:D012867	has_anatomical_region	"sequencing_experiments"								
NF0008-1	syn22754624	has_sequencing_experiment	"sequencing_experiments"								
syn22754624	mesh:D012867	has_anatomical_region	"sequencing_experiments"								
NF0008-1	syn22754638	has_sequencing_experiment	"sequencing_experiments"								
syn22754638	mesh:D012867	has_anatomical_region	"sequencing_experiments"								
NF0008-1	syn22754637	has_sequencing_experiment	"sequencing_experiments"								
syn22754637	mesh:D012867	has_anatomical_region	"sequencing_experiments"								
NF0008-1	syn22754647	has_sequencing_experiment	"sequencing_experiments"								
syn22754647	mesh:D012867	has_anatomical_region	"sequencing_experiments"								
NF0008-1 M	syn22754659	has_sequencing_experiment	"sequencing_experiments"								
syn11374354	NF0008-1 M	has_specimen	"sequencing_experiments"								
NF0008-1 M	mesh:D006801	has_organism	"sequencing_experiments"								
syn22754659	mesh:D012867	has_anatomical_region	"sequencing_experiments"								
NF0008-1 M	syn22754689	has_sequencing_experiment	"sequencing_experiments"								
syn22754689	mesh:D012867	has_anatomical_region	"sequencing_experiments"								
NF0008-1 M	syn22754669	has_sequencing_experiment	"sequencing_experiments"								
syn22754669	mesh:D012867	has_anatomical_region	"sequencing_experiments"								
NF0008-1 M	syn22754686	has_sequencing_experiment	"sequencing_experiments"								
syn22754686	mesh:D012867	has_anatomical_region	"sequencing_experiments"								
NF0008-1 M	syn22754693	has_sequencing_experiment	"sequencing_experiments"								
syn22754693	mesh:D012867	has_anatomical_region	"sequencing_experiments"								
NF0008-1 M	syn22754691	has_sequencing_experiment	"sequencing_experiments"								
syn22754691	mesh:D012867	has_anatomical_region	"sequencing_experiments"								
NF0008-1-M+C	syn22754692	has_sequencing_experiment	"sequencing_experiments"								
syn11374354	NF0008-1-M+C	has_specimen	"sequencing_experiments"								
NF0008-1-M+C	mesh:D006801	has_organism	"sequencing_experiments"								
syn22754692	mesh:D012867	has_anatomical_region	"sequencing_experiments"								
NF0008-1-M+C	syn22754704	has_sequencing_experiment	"sequencing_experiments"								
syn22754704	mesh:D012867	has_anatomical_region	"sequencing_experiments"								
NF0008-1-M+C	syn22754715	has_sequencing_experiment	"sequencing_experiments"								
syn22754715	mesh:D012867	has_anatomical_region	"sequencing_experiments"								
NF0008-1-M+C	syn22754763	has_sequencing_experiment	"sequencing_experiments"								
syn22754763	mesh:D012867	has_anatomical_region	"sequencing_experiments"								
NF0008-1-M+C	syn22754732	has_sequencing_experiment	"sequencing_experiments"								
syn22754732	mesh:D012867	has_anatomical_region	"sequencing_experiments"								
NF0008-1-M+C	syn22754737	has_sequencing_experiment	"sequencing_experiments"								
syn22754737	mesh:D012867	has_anatomical_region	"sequencing_experiments"								
NF0008-1-M+C+F	syn22754742	has_sequencing_experiment	"sequencing_experiments"								
syn11374354	NF0008-1-M+C+F	has_specimen	"sequencing_experiments"								
NF0008-1-M+C+F	mesh:D006801	has_organism	"sequencing_experiments"								
syn22754742	mesh:D012867	has_anatomical_region	"sequencing_experiments"								
NF0008-1-M+C+F	syn22754730	has_sequencing_experiment	"sequencing_experiments"								
syn22754730	mesh:D012867	has_anatomical_region	"sequencing_experiments"								
NF0008-1-M+C+F	syn22754739	has_sequencing_experiment	"sequencing_experiments"								
syn22754739	mesh:D012867	has_anatomical_region	"sequencing_experiments"								
NF0008-1-M+C+F	syn22754744	has_sequencing_experiment	"sequencing_experiments"								
syn22754744	mesh:D012867	has_anatomical_region	"sequencing_experiments"								
NF0008-1-M+C+F	syn22754756	has_sequencing_experiment	"sequencing_experiments"								
syn22754756	mesh:D012867	has_anatomical_region	"sequencing_experiments"								
NF0008-1-M+C+F	syn22754774	has_sequencing_experiment	"sequencing_experiments"								
syn22754774	mesh:D012867	has_anatomical_region	"sequencing_experiments"								
NF0008-1 D	syn22754784	has_sequencing_experiment	"sequencing_experiments"								
syn11374354	NF0008-1 D	has_specimen	"sequencing_experiments"								
NF0008-1 D	mesh:D006801	has_organism	"sequencing_experiments"								
syn22754784	mesh:D012867	has_anatomical_region	"sequencing_experiments"								
NF0008-1 D	syn22754817	has_sequencing_experiment	"sequencing_experiments"								
syn22754817	mesh:D012867	has_anatomical_region	"sequencing_experiments"								
NF0008-1 D	syn22754785	has_sequencing_experiment	"sequencing_experiments"								
syn22754785	mesh:D012867	has_anatomical_region	"sequencing_experiments"								
NF0008-1 D	syn22754803	has_sequencing_experiment	"sequencing_experiments"								
syn22754803	mesh:D012867	has_anatomical_region	"sequencing_experiments"								
NF0008-1 D	syn22754796	has_sequencing_experiment	"sequencing_experiments"								
syn22754796	mesh:D012867	has_anatomical_region	"sequencing_experiments"								
NF0008-1 D	syn22754804	has_sequencing_experiment	"sequencing_experiments"								
syn22754804	mesh:D012867	has_anatomical_region	"sequencing_experiments"								
NF0008-1-D+C	syn22754819	has_sequencing_experiment	"sequencing_experiments"								
syn11374354	NF0008-1-D+C	has_specimen	"sequencing_experiments"								
NF0008-1-D+C	mesh:D006801	has_organism	"sequencing_experiments"								
syn22754819	mesh:D012867	has_anatomical_region	"sequencing_experiments"								
NF0008-1-D+C	syn22754820	has_sequencing_experiment	"sequencing_experiments"								
syn22754820	mesh:D012867	has_anatomical_region	"sequencing_experiments"								
NF0008-1-D+C	syn22754822	has_sequencing_experiment	"sequencing_experiments"								
syn22754822	mesh:D012867	has_anatomical_region	"sequencing_experiments"								
NF0008-1-D+C	syn22754821	has_sequencing_experiment	"sequencing_experiments"								
syn22754821	mesh:D012867	has_anatomical_region	"sequencing_experiments"								
NF0008-1-D+C	syn22754823	has_sequencing_experiment	"sequencing_experiments"								
syn22754823	mesh:D012867	has_anatomical_region	"sequencing_experiments"								
NF0008-1-D+C	syn22754837	has_sequencing_experiment	"sequencing_experiments"								
syn22754837	mesh:D012867	has_anatomical_region	"sequencing_experiments"								
NF0008-1-D+C+F	syn22754839	has_sequencing_experiment	"sequencing_experiments"								
syn11374354	NF0008-1-D+C+F	has_specimen	"sequencing_experiments"								
NF0008-1-D+C+F	mesh:D006801	has_organism	"sequencing_experiments"								
syn22754839	mesh:D012867	has_anatomical_region	"sequencing_experiments"								
NF0008-1-D+C+F	syn22754857	has_sequencing_experiment	"sequencing_experiments"								
syn22754857	mesh:D012867	has_anatomical_region	"sequencing_experiments"								
NF0008-1-D+C+F	syn22754850	has_sequencing_experiment	"sequencing_experiments"								
syn22754850	mesh:D012867	has_anatomical_region	"sequencing_experiments"								
NF0008-1-D+C+F	syn22754856	has_sequencing_experiment	"sequencing_experiments"								
syn22754856	mesh:D012867	has_anatomical_region	"sequencing_experiments"								
NF0008-1-D+C+F	syn22754864	has_sequencing_experiment	"sequencing_experiments"								
syn22754864	mesh:D012867	has_anatomical_region	"sequencing_experiments"								
NF0008-1-D+C+F	syn22754858	has_sequencing_experiment	"sequencing_experiments"								
syn22754858	mesh:D012867	has_anatomical_region	"sequencing_experiments"								
NF0008-1 S	syn22754873	has_sequencing_experiment	"sequencing_experiments"								
syn11374354	NF0008-1 S	has_specimen	"sequencing_experiments"								
NF0008-1 S	mesh:D006801	has_organism	"sequencing_experiments"								
syn22754873	mesh:D012867	has_anatomical_region	"sequencing_experiments"								
NF0008-1 S	syn22754892	has_sequencing_experiment	"sequencing_experiments"								
syn22754892	mesh:D012867	has_anatomical_region	"sequencing_experiments"								
NF0008-1 S	syn22754893	has_sequencing_experiment	"sequencing_experiments"								
syn22754893	mesh:D012867	has_anatomical_region	"sequencing_experiments"								
NF0008-1 S	syn22754905	has_sequencing_experiment	"sequencing_experiments"								
syn22754905	mesh:D012867	has_anatomical_region	"sequencing_experiments"								
NF0008-1 S	syn22754904	has_sequencing_experiment	"sequencing_experiments"								
syn22754904	mesh:D012867	has_anatomical_region	"sequencing_experiments"								
NF0008-1 S	syn22754907	has_sequencing_experiment	"sequencing_experiments"								
syn22754907	mesh:D012867	has_anatomical_region	"sequencing_experiments"								
NF0008-1-S+C	syn22754906	has_sequencing_experiment	"sequencing_experiments"								
syn11374354	NF0008-1-S+C	has_specimen	"sequencing_experiments"								
NF0008-1-S+C	mesh:D006801	has_organism	"sequencing_experiments"								
syn22754906	mesh:D012867	has_anatomical_region	"sequencing_experiments"								
NF0008-1-S+C	syn22754908	has_sequencing_experiment	"sequencing_experiments"								
syn22754908	mesh:D012867	has_anatomical_region	"sequencing_experiments"								
NF0008-1-S+C	syn22754914	has_sequencing_experiment	"sequencing_experiments"								
syn22754914	mesh:D012867	has_anatomical_region	"sequencing_experiments"								
NF0008-1-S+C	syn22754920	has_sequencing_experiment	"sequencing_experiments"								
syn22754920	mesh:D012867	has_anatomical_region	"sequencing_experiments"								
NF0008-1-S+C	syn22754922	has_sequencing_experiment	"sequencing_experiments"								
syn22754922	mesh:D012867	has_anatomical_region	"sequencing_experiments"								
NF0008-1-S+C	syn22754932	has_sequencing_experiment	"sequencing_experiments"								
syn22754932	mesh:D012867	has_anatomical_region	"sequencing_experiments"								
NF0007-2 M	syn22754946	has_sequencing_experiment	"sequencing_experiments"								
syn11374354	NF0007-2 M	has_specimen	"sequencing_experiments"								
NF0007-2 M	mesh:D006801	has_organism	"sequencing_experiments"								
syn22754946	mesh:D012867	has_anatomical_region	"sequencing_experiments"								
NF0007-2 M	syn22754941	has_sequencing_experiment	"sequencing_experiments"								
syn22754941	mesh:D012867	has_anatomical_region	"sequencing_experiments"								
NF0007-2 M	syn22754944	has_sequencing_experiment	"sequencing_experiments"								
syn22754944	mesh:D012867	has_anatomical_region	"sequencing_experiments"								
NF0007-2 M	syn22754947	has_sequencing_experiment	"sequencing_experiments"								
syn22754947	mesh:D012867	has_anatomical_region	"sequencing_experiments"								
NF0007-2 M	syn22754956	has_sequencing_experiment	"sequencing_experiments"								
syn22754956	mesh:D012867	has_anatomical_region	"sequencing_experiments"								
NF0007-2 M	syn22754960	has_sequencing_experiment	"sequencing_experiments"								
syn22754960	mesh:D012867	has_anatomical_region	"sequencing_experiments"								
NF0008-1-S+C+F	syn22754958	has_sequencing_experiment	"sequencing_experiments"								
syn11374354	NF0008-1-S+C+F	has_specimen	"sequencing_experiments"								
NF0008-1-S+C+F	mesh:D006801	has_organism	"sequencing_experiments"								
syn22754958	mesh:D012867	has_anatomical_region	"sequencing_experiments"								
NF0008-1-S+C+F	syn22754966	has_sequencing_experiment	"sequencing_experiments"								
syn22754966	mesh:D012867	has_anatomical_region	"sequencing_experiments"								
NF0008-1-S+C+F	syn22754971	has_sequencing_experiment	"sequencing_experiments"								
syn22754971	mesh:D012867	has_anatomical_region	"sequencing_experiments"								
NF0008-1-S+C+F	syn22754974	has_sequencing_experiment	"sequencing_experiments"								
syn22754974	mesh:D012867	has_anatomical_region	"sequencing_experiments"								
NF0008-1-S+C+F	syn22754984	has_sequencing_experiment	"sequencing_experiments"								
syn22754984	mesh:D012867	has_anatomical_region	"sequencing_experiments"								
NF0008-1-S+C+F	syn22754981	has_sequencing_experiment	"sequencing_experiments"								
syn22754981	mesh:D012867	has_anatomical_region	"sequencing_experiments"								
NF0007-2-M+C	syn22755008	has_sequencing_experiment	"sequencing_experiments"								
syn11374354	NF0007-2-M+C	has_specimen	"sequencing_experiments"								
NF0007-2-M+C	mesh:D006801	has_organism	"sequencing_experiments"								
syn22755008	mesh:D012867	has_anatomical_region	"sequencing_experiments"								
NF0007-2-M+C	syn22755004	has_sequencing_experiment	"sequencing_experiments"								
syn22755004	mesh:D012867	has_anatomical_region	"sequencing_experiments"								
NF0007-2-M+C	syn22755002	has_sequencing_experiment	"sequencing_experiments"								
syn22755002	mesh:D012867	has_anatomical_region	"sequencing_experiments"								
NF0007-2-M+C	syn22755013	has_sequencing_experiment	"sequencing_experiments"								
syn22755013	mesh:D012867	has_anatomical_region	"sequencing_experiments"								
NF0007-2-M+C	syn22755009	has_sequencing_experiment	"sequencing_experiments"								
syn22755009	mesh:D012867	has_anatomical_region	"sequencing_experiments"								
NF0007-2-M+C	syn22755023	has_sequencing_experiment	"sequencing_experiments"								
syn22755023	mesh:D012867	has_anatomical_region	"sequencing_experiments"								
NF0007-2-M+C+F	syn22755030	has_sequencing_experiment	"sequencing_experiments"								
syn11374354	NF0007-2-M+C+F	has_specimen	"sequencing_experiments"								
NF0007-2-M+C+F	mesh:D006801	has_organism	"sequencing_experiments"								
syn22755030	mesh:D012867	has_anatomical_region	"sequencing_experiments"								
NF0007-2-M+C+F	syn22755021	has_sequencing_experiment	"sequencing_experiments"								
syn22755021	mesh:D012867	has_anatomical_region	"sequencing_experiments"								
NF0007-2-M+C+F	syn22755217	has_sequencing_experiment	"sequencing_experiments"								
syn22755217	mesh:D012867	has_anatomical_region	"sequencing_experiments"								
NF0007-2-M+C+F	syn22755148	has_sequencing_experiment	"sequencing_experiments"								
syn22755148	mesh:D012867	has_anatomical_region	"sequencing_experiments"								
NF0007-2-M+C+F	syn22755230	has_sequencing_experiment	"sequencing_experiments"								
syn22755230	mesh:D012867	has_anatomical_region	"sequencing_experiments"								
NF0007-2-M+C+F	syn22755257	has_sequencing_experiment	"sequencing_experiments"								
syn22755257	mesh:D012867	has_anatomical_region	"sequencing_experiments"								
NF0007-2 D	syn22755224	has_sequencing_experiment	"sequencing_experiments"								
syn11374354	NF0007-2 D	has_specimen	"sequencing_experiments"								
NF0007-2 D	mesh:D006801	has_organism	"sequencing_experiments"								
syn22755224	mesh:D012867	has_anatomical_region	"sequencing_experiments"								
NF0007-2 D	syn22755222	has_sequencing_experiment	"sequencing_experiments"								
syn22755222	mesh:D012867	has_anatomical_region	"sequencing_experiments"								
NF0007-2 D	syn22755246	has_sequencing_experiment	"sequencing_experiments"								
syn22755246	mesh:D012867	has_anatomical_region	"sequencing_experiments"								
NF0007-2 D	syn22755298	has_sequencing_experiment	"sequencing_experiments"								
syn22755298	mesh:D012867	has_anatomical_region	"sequencing_experiments"								
NF0007-2 D	syn22755435	has_sequencing_experiment	"sequencing_experiments"								
syn22755435	mesh:D012867	has_anatomical_region	"sequencing_experiments"								
NF0007-2 D	syn22755504	has_sequencing_experiment	"sequencing_experiments"								
syn22755504	mesh:D012867	has_anatomical_region	"sequencing_experiments"								
NF0007-2-M+C+F	syn22762235	has_sequencing_experiment	"sequencing_experiments"								
syn22762235	mesh:D012867	has_anatomical_region	"sequencing_experiments"								
NF0007-4 S	syn22762207	has_sequencing_experiment	"sequencing_experiments"								
syn22762207	mesh:D012867	has_anatomical_region	"sequencing_experiments"								
NF0007-2-M+C+F	syn22762241	has_sequencing_experiment	"sequencing_experiments"								
syn22762241	mesh:D012867	has_anatomical_region	"sequencing_experiments"								
NF0007-4-S+C+F	syn22762228	has_sequencing_experiment	"sequencing_experiments"								
syn22762228	mesh:D012867	has_anatomical_region	"sequencing_experiments"								
NF0007-4-M	syn22762052	has_sequencing_experiment	"sequencing_experiments"								
syn22762052	mesh:D012867	has_anatomical_region	"sequencing_experiments"								
NF0007-4-M	syn22762051	has_sequencing_experiment	"sequencing_experiments"								
syn22762051	mesh:D012867	has_anatomical_region	"sequencing_experiments"								
NF0007-4-S+C+F	syn22762213	has_sequencing_experiment	"sequencing_experiments"								
syn22762213	mesh:D012867	has_anatomical_region	"sequencing_experiments"								
NF0007-4 S	syn22762205	has_sequencing_experiment	"sequencing_experiments"								
syn22762205	mesh:D012867	has_anatomical_region	"sequencing_experiments"								
NF0007-4-S+C	syn22762231	has_sequencing_experiment	"sequencing_experiments"								
syn22762231	mesh:D012867	has_anatomical_region	"sequencing_experiments"								
NF0007-4-S+C	syn22762229	has_sequencing_experiment	"sequencing_experiments"								
syn22762229	mesh:D012867	has_anatomical_region	"sequencing_experiments"								
NF0007-4	syn22762243	has_sequencing_experiment	"sequencing_experiments"								
syn22762243	mesh:D012867	has_anatomical_region	"sequencing_experiments"								
NF0007-4	syn22762236	has_sequencing_experiment	"sequencing_experiments"								
syn22762236	mesh:D012867	has_anatomical_region	"sequencing_experiments"								
NF0009-1 M	syn22762591	has_sequencing_experiment	"sequencing_experiments"								
syn22762591	mesh:D012867	has_anatomical_region	"sequencing_experiments"								
NF0009-1-M+C	syn22762650	has_sequencing_experiment	"sequencing_experiments"								
syn22762650	mesh:D012867	has_anatomical_region	"sequencing_experiments"								
NF0008-1-M	syn22762299	has_sequencing_experiment	"sequencing_experiments"								
syn11374354	NF0008-1-M	has_specimen	"sequencing_experiments"								
NF0008-1-M	mesh:D006801	has_organism	"sequencing_experiments"								
syn22762299	mesh:D012867	has_anatomical_region	"sequencing_experiments"								
NF0008-1-D+C	syn22762295	has_sequencing_experiment	"sequencing_experiments"								
syn22762295	mesh:D012867	has_anatomical_region	"sequencing_experiments"								
NF0008-1-D+C+F	syn22762293	has_sequencing_experiment	"sequencing_experiments"								
syn22762293	mesh:D012867	has_anatomical_region	"sequencing_experiments"								
NF0008-1-D+C+F	syn22762283	has_sequencing_experiment	"sequencing_experiments"								
syn22762283	mesh:D012867	has_anatomical_region	"sequencing_experiments"								
NF0008-1-M	syn22762300	has_sequencing_experiment	"sequencing_experiments"								
syn22762300	mesh:D012867	has_anatomical_region	"sequencing_experiments"								
NF0008-1 D	syn22762303	has_sequencing_experiment	"sequencing_experiments"								
syn22762303	mesh:D012867	has_anatomical_region	"sequencing_experiments"								
NF0008-1-M+C+F	syn22762349	has_sequencing_experiment	"sequencing_experiments"								
syn22762349	mesh:D012867	has_anatomical_region	"sequencing_experiments"								
NF0008-1-M+C+F	syn22762351	has_sequencing_experiment	"sequencing_experiments"								
syn22762351	mesh:D012867	has_anatomical_region	"sequencing_experiments"								
NF0008-1 S	syn22762381	has_sequencing_experiment	"sequencing_experiments"								
syn22762381	mesh:D012867	has_anatomical_region	"sequencing_experiments"								
NF0008-1 S	syn22762377	has_sequencing_experiment	"sequencing_experiments"								
syn22762377	mesh:D012867	has_anatomical_region	"sequencing_experiments"								
NF0008-1 D	syn22762324	has_sequencing_experiment	"sequencing_experiments"								
syn22762324	mesh:D012867	has_anatomical_region	"sequencing_experiments"								
NF0008-1-D+C	syn22762332	has_sequencing_experiment	"sequencing_experiments"								
syn22762332	mesh:D012867	has_anatomical_region	"sequencing_experiments"								
NF0008-1-M+C	syn22762382	has_sequencing_experiment	"sequencing_experiments"								
syn22762382	mesh:D012867	has_anatomical_region	"sequencing_experiments"								
NF0008-1-S+C+F	syn22762392	has_sequencing_experiment	"sequencing_experiments"								
syn22762392	mesh:D012867	has_anatomical_region	"sequencing_experiments"								
NF0008-1-M+C	syn22762386	has_sequencing_experiment	"sequencing_experiments"								
syn22762386	mesh:D012867	has_anatomical_region	"sequencing_experiments"								
NF0008-1-S+C+F	syn22762404	has_sequencing_experiment	"sequencing_experiments"								
syn22762404	mesh:D012867	has_anatomical_region	"sequencing_experiments"								
NF0009-1-D+C+F	syn22762440	has_sequencing_experiment	"sequencing_experiments"								
syn22762440	mesh:D012867	has_anatomical_region	"sequencing_experiments"								
NF0008-1	syn22762448	has_sequencing_experiment	"sequencing_experiments"								
syn22762448	mesh:D012867	has_anatomical_region	"sequencing_experiments"								
NF0008-1-S+C	syn22762416	has_sequencing_experiment	"sequencing_experiments"								
syn22762416	mesh:D012867	has_anatomical_region	"sequencing_experiments"								
NF0008-1-S+C	syn22762417	has_sequencing_experiment	"sequencing_experiments"								
syn22762417	mesh:D012867	has_anatomical_region	"sequencing_experiments"								
NF0012-3-6 M	syn22762790	has_sequencing_experiment	"sequencing_experiments"								
syn22762790	mesh:D012867	has_anatomical_region	"sequencing_experiments"								
NF0012-3-6-D+C	syn22762798	has_sequencing_experiment	"sequencing_experiments"								
syn22762798	mesh:D012867	has_anatomical_region	"sequencing_experiments"								
NF0008-1	syn22762501	has_sequencing_experiment	"sequencing_experiments"								
syn22762501	mesh:D012867	has_anatomical_region	"sequencing_experiments"								
NF0009-1-D+C+F	syn22762500	has_sequencing_experiment	"sequencing_experiments"								
syn22762500	mesh:D012867	has_anatomical_region	"sequencing_experiments"								
NF0009-1 D	syn22762537	has_sequencing_experiment	"sequencing_experiments"								
syn22762537	mesh:D012867	has_anatomical_region	"sequencing_experiments"								
NF0009-1 D	syn22762515	has_sequencing_experiment	"sequencing_experiments"								
syn22762515	mesh:D012867	has_anatomical_region	"sequencing_experiments"								
NF0009-1-D+C	syn22762580	has_sequencing_experiment	"sequencing_experiments"								
syn22762580	mesh:D012867	has_anatomical_region	"sequencing_experiments"								
NF0009-1-D+C	syn22762572	has_sequencing_experiment	"sequencing_experiments"								
syn22762572	mesh:D012867	has_anatomical_region	"sequencing_experiments"								
NF0009-1-M+C+F	syn22762613	has_sequencing_experiment	"sequencing_experiments"								
syn22762613	mesh:D012867	has_anatomical_region	"sequencing_experiments"								
NF0009-1 M	syn22762608	has_sequencing_experiment	"sequencing_experiments"								
syn22762608	mesh:D012867	has_anatomical_region	"sequencing_experiments"								
NF0009-1-M+C+F	syn22762630	has_sequencing_experiment	"sequencing_experiments"								
syn22762630	mesh:D012867	has_anatomical_region	"sequencing_experiments"								
NF0009-1-S+C+F	syn22762634	has_sequencing_experiment	"sequencing_experiments"								
syn22762634	mesh:D012867	has_anatomical_region	"sequencing_experiments"								
NF0009-1	syn22762720	has_sequencing_experiment	"sequencing_experiments"								
syn22762720	mesh:D012867	has_anatomical_region	"sequencing_experiments"								
NF0009-1	syn22762712	has_sequencing_experiment	"sequencing_experiments"								
syn22762712	mesh:D012867	has_anatomical_region	"sequencing_experiments"								
NF0009-1-M+C	syn22762674	has_sequencing_experiment	"sequencing_experiments"								
syn22762674	mesh:D012867	has_anatomical_region	"sequencing_experiments"								
NF0009-1-S+C+F	syn22762690	has_sequencing_experiment	"sequencing_experiments"								
syn22762690	mesh:D012867	has_anatomical_region	"sequencing_experiments"								
NF0009-1-S+C	syn22762693	has_sequencing_experiment	"sequencing_experiments"								
syn22762693	mesh:D012867	has_anatomical_region	"sequencing_experiments"								
NF0009-1-S+C	syn22762696	has_sequencing_experiment	"sequencing_experiments"								
syn22762696	mesh:D012867	has_anatomical_region	"sequencing_experiments"								
NF0009-1 S	syn22762734	has_sequencing_experiment	"sequencing_experiments"								
syn22762734	mesh:D012867	has_anatomical_region	"sequencing_experiments"								
NF0012-3-6 D	syn22762742	has_sequencing_experiment	"sequencing_experiments"								
syn22762742	mesh:D012867	has_anatomical_region	"sequencing_experiments"								
NF0009-1 S	syn22762755	has_sequencing_experiment	"sequencing_experiments"								
syn22762755	mesh:D012867	has_anatomical_region	"sequencing_experiments"								
NF0012-3-6 D	syn22762760	has_sequencing_experiment	"sequencing_experiments"								
syn22762760	mesh:D012867	has_anatomical_region	"sequencing_experiments"								
NF0012-3-6-D+C+F	syn22762771	has_sequencing_experiment	"sequencing_experiments"								
syn22762771	mesh:D012867	has_anatomical_region	"sequencing_experiments"								
NF0012-3-6-D+C+F	syn22762767	has_sequencing_experiment	"sequencing_experiments"								
syn22762767	mesh:D012867	has_anatomical_region	"sequencing_experiments"								
NF0012-3-6-M+C+F	syn22762801	has_sequencing_experiment	"sequencing_experiments"								
syn22762801	mesh:D012867	has_anatomical_region	"sequencing_experiments"								
NF0012-3-6 M	syn22762791	has_sequencing_experiment	"sequencing_experiments"								
syn22762791	mesh:D012867	has_anatomical_region	"sequencing_experiments"								
NF0012-3-6-S+C	syn22762858	has_sequencing_experiment	"sequencing_experiments"								
syn22762858	mesh:D012867	has_anatomical_region	"sequencing_experiments"								
NF0012-3-6 S	syn22762850	has_sequencing_experiment	"sequencing_experiments"								
syn22762850	mesh:D012867	has_anatomical_region	"sequencing_experiments"								
NF0012-3-6-M+C	syn22762827	has_sequencing_experiment	"sequencing_experiments"								
syn22762827	mesh:D012867	has_anatomical_region	"sequencing_experiments"								
NF0012-3-6-M+C+F	syn22762825	has_sequencing_experiment	"sequencing_experiments"								
syn22762825	mesh:D012867	has_anatomical_region	"sequencing_experiments"								
NF0012-3-6	syn22762860	has_sequencing_experiment	"sequencing_experiments"								
syn22762860	mesh:D012867	has_anatomical_region	"sequencing_experiments"								
NF0012-3-6-D+C	syn22762837	has_sequencing_experiment	"sequencing_experiments"								
syn22762837	mesh:D012867	has_anatomical_region	"sequencing_experiments"								
NF0012-3-6-M+C	syn22762844	has_sequencing_experiment	"sequencing_experiments"								
syn22762844	mesh:D012867	has_anatomical_region	"sequencing_experiments"								
NF0012-3-6 S	syn22762847	has_sequencing_experiment	"sequencing_experiments"								
syn22762847	mesh:D012867	has_anatomical_region	"sequencing_experiments"								
NF0012-3-6-S+C	syn22762882	has_sequencing_experiment	"sequencing_experiments"								
syn22762882	mesh:D012867	has_anatomical_region	"sequencing_experiments"								
NF0012-3-6	syn22762883	has_sequencing_experiment	"sequencing_experiments"								
syn22762883	mesh:D012867	has_anatomical_region	"sequencing_experiments"								
NF0009-1 D	syn22762919	has_sequencing_experiment	"sequencing_experiments"								
syn22762919	mesh:D012867	has_anatomical_region	"sequencing_experiments"								
NF0009-1	syn22762917	has_sequencing_experiment	"sequencing_experiments"								
syn22762917	mesh:D012867	has_anatomical_region	"sequencing_experiments"								
NF0012-3-6-S+C+F	syn22762899	has_sequencing_experiment	"sequencing_experiments"								
syn22762899	mesh:D012867	has_anatomical_region	"sequencing_experiments"								
NF0012-3-6-S+C+F	syn22762896	has_sequencing_experiment	"sequencing_experiments"								
syn22762896	mesh:D012867	has_anatomical_region	"sequencing_experiments"								
NF0009-1 M	syn22762935	has_sequencing_experiment	"sequencing_experiments"								
syn22762935	mesh:D012867	has_anatomical_region	"sequencing_experiments"								
NF0009-1 S	syn22762937	has_sequencing_experiment	"sequencing_experiments"								
syn22762937	mesh:D012867	has_anatomical_region	"sequencing_experiments"								
NF0009-1-D+C	syn22762946	has_sequencing_experiment	"sequencing_experiments"								
syn22762946	mesh:D012867	has_anatomical_region	"sequencing_experiments"								
NF0009-1-D+C+F	syn22762947	has_sequencing_experiment	"sequencing_experiments"								
syn22762947	mesh:D012867	has_anatomical_region	"sequencing_experiments"								
NF0009-1-S+C+F	syn22762976	has_sequencing_experiment	"sequencing_experiments"								
syn22762976	mesh:D012867	has_anatomical_region	"sequencing_experiments"								
NF0009-1-M+C+F	syn22762968	has_sequencing_experiment	"sequencing_experiments"								
syn22762968	mesh:D012867	has_anatomical_region	"sequencing_experiments"								
NF0012-3-6 D	syn22763004	has_sequencing_experiment	"sequencing_experiments"								
syn22763004	mesh:D012867	has_anatomical_region	"sequencing_experiments"								
NF0012-3-6	syn22762995	has_sequencing_experiment	"sequencing_experiments"								
syn22762995	mesh:D012867	has_anatomical_region	"sequencing_experiments"								
NF0009-1-M+C	syn22762967	has_sequencing_experiment	"sequencing_experiments"								
syn22762967	mesh:D012867	has_anatomical_region	"sequencing_experiments"								
NF0009-1-S+C	syn22762971	has_sequencing_experiment	"sequencing_experiments"								
syn22762971	mesh:D012867	has_anatomical_region	"sequencing_experiments"								
NF0012-3-6 S	syn22763032	has_sequencing_experiment	"sequencing_experiments"								
syn22763032	mesh:D012867	has_anatomical_region	"sequencing_experiments"								
NF0012-3-6 M	syn22763023	has_sequencing_experiment	"sequencing_experiments"								
syn22763023	mesh:D012867	has_anatomical_region	"sequencing_experiments"								
NF0012-3-6-D+C+F	syn22763041	has_sequencing_experiment	"sequencing_experiments"								
syn22763041	mesh:D012867	has_anatomical_region	"sequencing_experiments"								
NF0012-3-6-D+C	syn22763036	has_sequencing_experiment	"sequencing_experiments"								
syn22763036	mesh:D012867	has_anatomical_region	"sequencing_experiments"								
NF0012-3-6-M+C+F	syn22763054	has_sequencing_experiment	"sequencing_experiments"								
syn22763054	mesh:D012867	has_anatomical_region	"sequencing_experiments"								
NF0012-3-6-M+C	syn22763047	has_sequencing_experiment	"sequencing_experiments"								
syn22763047	mesh:D012867	has_anatomical_region	"sequencing_experiments"								
NF0002-8-19	syn22763071	has_sequencing_experiment	"sequencing_experiments"								
syn22763071	mesh:D012867	has_anatomical_region	"sequencing_experiments"								
NF0012-3-6-S+C+F	syn22763070	has_sequencing_experiment	"sequencing_experiments"								
syn22763070	mesh:D012867	has_anatomical_region	"sequencing_experiments"								
NF0002-8-19-M+C	syn22763143	has_sequencing_experiment	"sequencing_experiments"								
syn22763143	mesh:D012867	has_anatomical_region	"sequencing_experiments"								
NF0002-8-19-S+C	syn22763148	has_sequencing_experiment	"sequencing_experiments"								
syn22763148	mesh:D012867	has_anatomical_region	"sequencing_experiments"								
NF0002-8-19 D	syn22763072	has_sequencing_experiment	"sequencing_experiments"								
syn22763072	mesh:D012867	has_anatomical_region	"sequencing_experiments"								
NF0012-3-6-S+C	syn22763065	has_sequencing_experiment	"sequencing_experiments"								
syn22763065	mesh:D012867	has_anatomical_region	"sequencing_experiments"								
NF0002-8-19 M	syn22763108	has_sequencing_experiment	"sequencing_experiments"								
syn22763108	mesh:D012867	has_anatomical_region	"sequencing_experiments"								
NF0002-8-19 S	syn22763125	has_sequencing_experiment	"sequencing_experiments"								
syn22763125	mesh:D012867	has_anatomical_region	"sequencing_experiments"								
NF0002-8-19-D+C+F	syn22763142	has_sequencing_experiment	"sequencing_experiments"								
syn11374354	NF0002-8-19-D+C+F	has_specimen	"sequencing_experiments"								
NF0002-8-19-D+C+F	mesh:D006801	has_organism	"sequencing_experiments"								
syn22763142	mesh:D012867	has_anatomical_region	"sequencing_experiments"								
NF0002-8-19-D+C	syn22763134	has_sequencing_experiment	"sequencing_experiments"								
syn11374354	NF0002-8-19-D+C	has_specimen	"sequencing_experiments"								
NF0002-8-19-D+C	mesh:D006801	has_organism	"sequencing_experiments"								
syn22763134	mesh:D012867	has_anatomical_region	"sequencing_experiments"								
NF0002-8-19-S+C+F	syn22763154	has_sequencing_experiment	"sequencing_experiments"								
syn22763154	mesh:D012867	has_anatomical_region	"sequencing_experiments"								
NF0002-8-19-M+C+F	syn22763147	has_sequencing_experiment	"sequencing_experiments"								
syn11374354	NF0002-8-19-M+C+F	has_specimen	"sequencing_experiments"								
NF0002-8-19-M+C+F	mesh:D006801	has_organism	"sequencing_experiments"								
syn22763147	mesh:D012867	has_anatomical_region	"sequencing_experiments"								
NF0008-1	syn22763170	has_sequencing_experiment	"sequencing_experiments"								
syn22763170	mesh:D012867	has_anatomical_region	"sequencing_experiments"								
NF0008-1 D	syn22763187	has_sequencing_experiment	"sequencing_experiments"								
syn22763187	mesh:D012867	has_anatomical_region	"sequencing_experiments"								
NF0008-1-S+C	syn22763199	has_sequencing_experiment	"sequencing_experiments"								
syn22763199	mesh:D012867	has_anatomical_region	"sequencing_experiments"								
NF0008-1-M+C	syn22763209	has_sequencing_experiment	"sequencing_experiments"								
syn22763209	mesh:D012867	has_anatomical_region	"sequencing_experiments"								
NF0008-1-D+C+F	syn22763196	has_sequencing_experiment	"sequencing_experiments"								
syn22763196	mesh:D012867	has_anatomical_region	"sequencing_experiments"								
NF0008-1-D+C	syn22763197	has_sequencing_experiment	"sequencing_experiments"								
syn22763197	mesh:D012867	has_anatomical_region	"sequencing_experiments"								
NF0008-1 S	syn22763201	has_sequencing_experiment	"sequencing_experiments"								
syn22763201	mesh:D012867	has_anatomical_region	"sequencing_experiments"								
NF0008-1 M	syn22763202	has_sequencing_experiment	"sequencing_experiments"								
syn22763202	mesh:D012867	has_anatomical_region	"sequencing_experiments"								
NF0008-1-S+C+F	syn22763205	has_sequencing_experiment	"sequencing_experiments"								
syn22763205	mesh:D012867	has_anatomical_region	"sequencing_experiments"								
NF0008-1-M+C+F	syn22763217	has_sequencing_experiment	"sequencing_experiments"								
syn22763217	mesh:D012867	has_anatomical_region	"sequencing_experiments"								
NF0007-2 D	syn22763232	has_sequencing_experiment	"sequencing_experiments"								
syn22763232	mesh:D012867	has_anatomical_region	"sequencing_experiments"								
NF0007-2	syn22763229	has_sequencing_experiment	"sequencing_experiments"								
syn22763229	mesh:D012867	has_anatomical_region	"sequencing_experiments"								
NF0007-2-S+C+F	syn22763523	has_sequencing_experiment	"sequencing_experiments"								
syn22763523	mesh:D012867	has_anatomical_region	"sequencing_experiments"								
NF0007-2-S+C	syn22763516	has_sequencing_experiment	"sequencing_experiments"								
syn22763516	mesh:D012867	has_anatomical_region	"sequencing_experiments"								
NF0007-2-D+C	syn22763271	has_sequencing_experiment	"sequencing_experiments"								
syn22763271	mesh:D012867	has_anatomical_region	"sequencing_experiments"								
NF0007-2 M	syn22763256	has_sequencing_experiment	"sequencing_experiments"								
syn22763256	mesh:D012867	has_anatomical_region	"sequencing_experiments"								
NF0007-2 S	syn22763261	has_sequencing_experiment	"sequencing_experiments"								
syn22763261	mesh:D012867	has_anatomical_region	"sequencing_experiments"								
NF0007-2-D+C+F	syn22763273	has_sequencing_experiment	"sequencing_experiments"								
syn22763273	mesh:D012867	has_anatomical_region	"sequencing_experiments"								
1264	syn61692659	has_sequencing_experiment	"sequencing_experiments"								
syn25881328	1264	has_specimen	"sequencing_experiments"								
1264	mesh:D051379	has_organism	"sequencing_experiments"								
syn25881328	mesh:D051379	has_organism	"sequencing_experiments"								
1264	syn61692759	has_sequencing_experiment	"sequencing_experiments"								
1264	syn61692834	has_sequencing_experiment	"sequencing_experiments"								
1264	syn61692899	has_sequencing_experiment	"sequencing_experiments"								
927	syn61693187	has_sequencing_experiment	"sequencing_experiments"								
syn25881328	927	has_specimen	"sequencing_experiments"								
927	mesh:D051379	has_organism	"sequencing_experiments"								
927	syn61693272	has_sequencing_experiment	"sequencing_experiments"								
927	syn61693319	has_sequencing_experiment	"sequencing_experiments"								
927	syn61693369	has_sequencing_experiment	"sequencing_experiments"								
1212	syn61693452	has_sequencing_experiment	"sequencing_experiments"								
syn25881328	1212	has_specimen	"sequencing_experiments"								
1212	mesh:D051379	has_organism	"sequencing_experiments"								
1212	syn61693586	has_sequencing_experiment	"sequencing_experiments"								
1212	syn61693858	has_sequencing_experiment	"sequencing_experiments"								
1212	syn61694065	has_sequencing_experiment	"sequencing_experiments"								
1214	syn61694151	has_sequencing_experiment	"sequencing_experiments"								
syn25881328	1214	has_specimen	"sequencing_experiments"								
1214	mesh:D051379	has_organism	"sequencing_experiments"								
1214	syn61694408	has_sequencing_experiment	"sequencing_experiments"								
1214	syn61694498	has_sequencing_experiment	"sequencing_experiments"								
1214	syn61694527	has_sequencing_experiment	"sequencing_experiments"								
1215	syn61694568	has_sequencing_experiment	"sequencing_experiments"								
syn25881328	1215	has_specimen	"sequencing_experiments"								
1215	mesh:D051379	has_organism	"sequencing_experiments"								
1215	syn61694587	has_sequencing_experiment	"sequencing_experiments"								
1215	syn61694632	has_sequencing_experiment	"sequencing_experiments"								
1215	syn61694654	has_sequencing_experiment	"sequencing_experiments"								
1245	syn61694687	has_sequencing_experiment	"sequencing_experiments"								
syn25881328	1245	has_specimen	"sequencing_experiments"								
1245	mesh:D051379	has_organism	"sequencing_experiments"								
1245	syn61694797	has_sequencing_experiment	"sequencing_experiments"								
1245	syn61694937	has_sequencing_experiment	"sequencing_experiments"								
1245	syn61695853	has_sequencing_experiment	"sequencing_experiments"								
syn11374354	syn11374354:Wiki	hasWiki	"wiki"								
syn11374354:Wiki	mesh:D009455	mentions	"wiki"								
syn11374354:Wiki	mesh:D004353	mentions	"wiki"								
syn11374354:Wiki	hgnc:12749	mentions	"wiki"								
syn11374354:Wiki	mesh:D009940	mentions	"wiki"								
syn11374354:Wiki	mesh:D013812	mentions	"wiki"								
syn11374354:Wiki	mesh:D019368	mentions	"wiki"								
syn11374354:Wiki	hgnc:7908	mentions	"wiki"								
syn11374354:Wiki	mesh:D009369	mentions	"wiki"								
syn11374354:Wiki	hgnc:54217	mentions	"wiki"								
syn11374354:Wiki	mesh:D003890	mentions	"wiki"								
syn11374354:Wiki	mesh:D002921	mentions	"wiki"								
syn11374354:Wiki	mesh:D055808	mentions	"wiki"								
syn11374354:Wiki	go:0006306	mentions	"wiki"								
syn11374354:Wiki	mesh:D000081246	mentions	"wiki"								
syn11374354:Wiki	mesh:D005434	mentions	"wiki"								
syn11374354:Wiki	mesh:D010361	mentions	"wiki"								
syn11374354:Wiki	mesh:D020486	mentions	"wiki"								
syn11374354:Wiki	efo:0001796	mentions	"wiki"								
syn11374354:Wiki	mesh:D010209	mentions	"wiki"								
syn11374354:Wiki	chebi:34922	mentions	"wiki"								
syn11374354:Wiki	mesh:D020501	mentions	"wiki"								
syn11374354:Wiki	mesh:D064886	mentions	"wiki"								
syn11374354:Wiki	mesh:D000071253	mentions	"wiki"								
syn11374354:Wiki	efo:0008900	mentions	"wiki"								
syn11374354:Wiki	hgnc:7765	mentions	"wiki"								
syn11374354:Wiki	mesh:D009154	mentions	"wiki"								
syn11374354:Wiki	hgnc:29866	mentions	"wiki"								
syn11374354:Wiki	efo:0004095	mentions	"wiki"								
syn11374354:Wiki	mesh:D007060	mentions	"wiki"								
syn11374354:Wiki	mesh:D012816	mentions	"wiki"								
syn25881328	syn25881328:Wiki	hasWiki	"wiki"								
syn25881328:Wiki	mesh:D005910	mentions	"wiki"								
syn25881328:Wiki	hgnc:7765	mentions	"wiki"								
syn25881328:Wiki	mesh:D017253	mentions	"wiki"								
syn25881328:Wiki	mesh:D013812	mentions	"wiki"								
syn25881328:Wiki	mesh:D000054	mentions	"wiki"								
syn25881328:Wiki	mesh:D019542	mentions	"wiki"								
syn25881328:Wiki	efo:0009736	mentions	"wiki"								
syn25881328:Wiki	chebi:33395	mentions	"wiki"								
syn25881328:Wiki	hgnc:8759	mentions	"wiki"								
syn25881328:Wiki	efo:0001738	mentions	"wiki"								
syn25881328:Wiki	mesh:D014861	mentions	"wiki"								
syn25881328:Wiki	mesh:D014495	mentions	"wiki"								
syn25881328:Wiki	mesh:D009456	mentions	"wiki"								
syn25881328:Wiki	mesh:D009369	mentions	"wiki"								
syn25881328:Wiki	mesh:D013577	mentions	"wiki"								
syn25881328:Wiki	mesh:D018095	mentions	"wiki"								
syn25881328:Wiki	mesh:D016514	mentions	"wiki"								
syn25881328:Wiki	mesh:D002648	mentions	"wiki"								
syn25881328:Wiki	mesh:D012306	mentions	"wiki"								
syn25881328:Wiki	doid:1319	mentions	"wiki"								
syn25881328:Wiki	chebi:34922	mentions	"wiki"								
syn25881328:Wiki	hgnc:11909	mentions	"wiki"								
syn25881328:Wiki	mesh:D001933	mentions	"wiki"								
syn25881328:Wiki	hp:0010796	mentions	"wiki"								
syn25881328:Wiki	hgnc:1116	mentions	"wiki"								
syn25881328:Wiki	mesh:D006801	mentions	"wiki"								
syn25881328:Wiki	mesh:D012307	mentions	"wiki"								
syn25881328:Wiki	efo:0001355	mentions	"wiki"								
syn25881328:Wiki	mesh:D001724	mentions	"wiki"								
syn25881328:Wiki	mesh:D009154	mentions	"wiki"								
syn25881328:Wiki	hgnc:7094	mentions	"wiki"								
syn25881328:Wiki	mesh:D018811	mentions	"wiki"								
syn25881328:Wiki	mesh:D004032	mentions	"wiki"								
syn25881328:Wiki	mesh:D000074286	mentions	"wiki"								
syn25881328:Wiki	go:0008283	mentions	"wiki"								
syn25881328:Wiki	go:0030154	mentions	"wiki"								
syn25881328:Wiki	chebi:80552	mentions	"wiki"								
syn25881328:Wiki	mesh:D011153	mentions	"wiki"								
syn25881328:Wiki	hgnc:1694	mentions	"wiki"								
syn25881328:Wiki	hgnc:16	mentions	"wiki"								
syn25881328:Wiki	mesh:D019683	mentions	"wiki"								
syn25881328:Wiki	mesh:D000339	mentions	"wiki"								
syn25881328:Wiki	mesh:D051379	mentions	"wiki"								
syn25881328:Wiki	go:0007420	mentions	"wiki"								
syn25881328:Wiki	efo:0000487	mentions	"wiki"								
syn25881328:Wiki	mesh:D001921	mentions	"wiki"								
syn25881328:Wiki	mesh:D003874	mentions	"wiki"								
syn25881328:Wiki	mesh:D015994	mentions	"wiki"								
syn25881328:Wiki	chebi:23574	mentions	"wiki"								
syn25881328:Wiki	hgnc:6692	mentions	"wiki"								
syn25881328:Wiki	fplx:E3_Ub_ligase	mentions	"wiki"								
syn25881328:Wiki	hgnc:11929	mentions	"wiki"								
syn25881328:Wiki	mesh:D012106	mentions	"wiki"								
syn25881328:Wiki	efo:0001796	mentions	"wiki"								
syn25881328:Wiki	hgnc:29866	mentions	"wiki"								
syn25881328:Wiki	mesh:D012586	mentions	"wiki"								
syn25881328:Wiki	chebi:28874	mentions	"wiki"								
syn25881328:Wiki	mesh:D011642	mentions	"wiki"								
syn2343195	PMID:29982664	published	"publications"								
syn2343195	PMID:29897904	published	"publications"								
syn4939878	PMID:28078640	published	"publications"								
syn4939878	PMID:28198162	published	"publications"								
syn4939906	PMID:29893754	published	"publications"								
syn8012530	PMID:29415745	published	"publications"								
syn4984604	PMID:28398289	published	"publications"								
syn5610446	PMID:29925695	published	"publications"								
syn5610446	PMID:28846462	published	"publications"								
syn5698493	PMID:28066715	published	"publications"								
syn7217928	PMID:26423696	published	"publications"								
syn11672851	PMID:30128806	published	"publications"								
syn11817821	PMID:28469964	published	"publications"								
syn4939888	PMID:27666129	published	"publications"								
syn4939888	PMID:26941216	published	"publications"								
syn4939888	PMID:30298332	published	"publications"								
syn4939888	PMID:30413310	published	"publications"								
syn4939896	PMID:29570943	published	"publications"								
syn4939890	PMID:28256556	published	"publications"								
syn4939910	PMID:29720369	published	"publications"								
syn7239479	PMID:27617404	published	"publications"								
syn7217928	PMID:29055717	published	"publications"								
syn5610425	PMID:30302402	published	"publications"								
syn6633069	PMID:30531922	published	"publications"								
syn5610446	PMID:	published	"publications"								
syn5610446	PMID:29958847	published	"publications"								
syn5562324	PMID:25360213	published	"publications"								
syn5562324	PMID:28775147	published	"publications"								
syn5610446	PMID:30915713	published	"publications"								
syn5610425	PMID:30936125	published	"publications"								
syn5610446	PMID:31246731	published	"publications"								
syn18904024	PMID:31545171	published	"publications"								
syn5610446	PMID:32074109	published	"publications"								
syn11374337	PMID:30348676	published	"publications"								
syn4939880	PMID:30800298	published	"publications"								
syn5610425	PMID:32353955	published	"publications"								
syn5714288	PMID:31091306	published	"publications"								
syn5714288	PMID:26375012	published	"publications"								
syn5714288	PMID:30796033	published	"publications"								
syn5714288	PMID:30479396	published	"publications"								
syn5714288	PMID:29596064	published	"publications"								
syn5714288	PMID:29200117	published	"publications"								
syn5714288	PMID:28465357	published	"publications"								
syn5714288	PMID:31474359	published	"publications"								
syn5714288	PMID:32459399	published	"publications"								
syn4939878	PMID:32847704	published	"publications"								
syn4939878	PMID:31081992	published	"publications"								
syn4939878	PMID:29273891	published	"publications"								
syn4939878	PMID:30465317	published	"publications"								
syn9727752	PMID:33025139	published	"publications"								
syn4939880	PMID:33085177	published	"publications"								
syn4939910	PMID:33436083	published	"publications"								
syn4939902	PMID:33436083	published	"publications"								
syn22268639	PMID:33507559	published	"publications"								
syn2343195	PMID:33461953	published	"publications"								
syn4939902	PMID:33203698	published	"publications"								
syn4939894	PMID:32642741	published	"publications"								
syn4939902	PMID:32599735	published	"publications"								
syn8016635	PMID:32439933	published	"publications"								
syn5714288	PMID:32439933	published	"publications"								
syn11374333	PMID:32439933	published	"publications"								
syn8016650	PMID:32438819	published	"publications"								
syn23532255	PMID:32438819	published	"publications"								
syn23532255	PMID:32383545	published	"publications"								
syn4939910	PMID:32245042	published	"publications"								
syn5698493	PMID:33585982	published	"publications"								
syn5610425	PMID:33669386	published	"publications"								
syn21650484	PMID:33816648	published	"publications"								
syn11374341	PMID:34237737	published	"publications"								
syn20608511	PMID:34106871	published	"publications"								
syn25961160	PMID:34065204	published	"publications"								
syn5610446	PMID:34065204	published	"publications"								
syn5610425	PMID:33978635	published	"publications"								
syn8016650	PMID:33946854	published	"publications"								
syn8016650	PMID:33934112	published	"publications"								
syn23651229	PMID:29219400	published	"publications"								
syn11374333	PMID:34604833	published	"publications"								
syn11374333	PMID:34345017	published	"publications"								
syn11374333	PMID:33108355	published	"publications"								
syn11374333	PMID:32642736	published	"publications"								
syn11374333	PMID:32642729	published	"publications"								
syn11374333	PMID:31038470	published	"publications"								
syn11374333	PMID:29987131	published	"publications"								
syn11374333	PMID:29987129	published	"publications"								
syn8012530	PMID:34230202	published	"publications"								
syn23651229	PMID:	published	"publications"								
syn21642010	PMID:35433111	published	"publications"								
syn11374339	PMID:35433111	published	"publications"								
syn22392179	PMID:	published	"publications"								
syn32128792	PMID:	published	"publications"								
syn4939916	PMID:29621614	published	"publications"								
syn7217928	PMID:29621614	published	"publications"								
syn7239479	PMID:34646065	published	"publications"								
syn4939902	PMID:31462295	published	"publications"								
syn4939902	PMID:33032988	published	"publications"								
syn8016650	PMID:30197878	published	"publications"								
syn8016650	PMID:32320652	published	"publications"								
syn8016650	PMID:32088262	published	"publications"								
syn8016650	PMID:32766157	published	"publications"								
syn8016650	PMID:33369425	published	"publications"								
syn8016650	PMID:34242740	published	"publications"								
syn8016650	PMID:34395726	published	"publications"								
syn8016650	PMID:35393510	published	"publications"								
syn26957643	PMID:34230197	published	"publications"								
syn4939884	PMID:30258882	published	"publications"								
syn4939914	PMID:34428430	published	"publications"								
syn11374345	PMID:35589737	published	"publications"								
syn4939896	PMID:	published	"publications"								
syn22268652	PMID:36148553	published	"publications"								
syn21650484	PMID:34930951	published	"publications"								
syn8016635 	PMID:35393544	published	"publications"								
syn17100988	PMID:36316421	published	"publications"								
syn21641876	PMID:35945271	published	"publications"								
syn37889514	PMID:36730269	published	"publications"								
syn21642010	PMID:34694046	published	"publications"								
syn21641813	PMID:34694046	published	"publications"								
syn21642010	PMID:34945792	published	"publications"								
syn27761862	PMID:36806881	published	"publications"								
syn21650493	PMID:34415582	published	"publications"								
syn21650493	PMID:32396062	published	"publications"								
syn26966057	PMID:38086517	published	"publications"								
syn11374341	PMID:37949359	published	"publications"								
syn11374353	PMID:38175707	published	"publications"								
syn51658171	PMID:38175707	published	"publications"								
syn26241781	PMID:38216587	published	"publications"								
syn26241781	PMID:38216572	published	"publications"								
syn4939902	PMID:37410426	published	"publications"								
syn4939902	PMID:38000020	published	"publications"								
syn4939902	PMID:37616542	published	"publications"								
syn4939892	PMID:27043043	published	"publications"								
syn4939894	PMID:28587872	published	"publications"								
syn4939908	PMID:28993414	published	"publications"								
syn56419166	PMID:28993414	published	"publications"								
syn8016599	PMID:29667529	published	"publications"								
syn11374333	PMID:30348677	published	"publications"								
syn56373031	PMID:30348677	published	"publications"								
syn4939872	PMID:30542122	published	"publications"								
syn4939892	PMID:30542122	published	"publications"								
syn4939918	PMID:30713041	published	"publications"								
syn7231973	PMID:30713041	published	"publications"								
syn4939892	PMID:30728335	published	"publications"								
syn4939894	PMID:31416081	published	"publications"								
syn8012599	PMID:31527226	published	"publications"								
syn4939902	PMID:32882803	published	"publications"								
syn7231973	PMID:33160273	published	"publications"								
syn4939918	PMID:33160273	published	"publications"								
syn4939902	PMID:33591953	published	"publications"								
syn11638893	PMID:33591953	published	"publications"								
syn51204782	PMID:33658640	published	"publications"								
syn8016650	PMID:33992469	published	"publications"								
syn8016577	PMID:34066061	published	"publications"								
syn4939914	PMID:34515792	published	"publications"								
syn11374333	PMID:35066574	published	"publications"								
syn25999239	PMID:35087195	published	"publications"								
syn4939902	PMID:35244537	published	"publications"								
syn8016650	PMID:35614131	published	"publications"								
syn17100988	PMID:35673329	published	"publications"								
syn4939902	PMID:35740680	published	"publications"								
syn11681835	PMID:35789380	published	"publications"								
syn11681835	PMID:35852856	published	"publications"								
syn4939902	PMID:36322658	published	"publications"								
syn17098100	PMID:36332985	published	"publications"								
syn8016650	PMID:36689660	published	"publications"								
syn4939902	PMID:36799629	published	"publications"								
syn4939902	PMID:37246765	published	"publications"								
syn11638893	PMID:37246765	published	"publications"								
syn8012530	PMID:37269078	published	"publications"								
syn11374337	PMID:37331503	published	"publications"								
syn47857478	PMID:37406085	published	"publications"								
syn56373031	PMID:31836719	published	"publications"								
syn37861830	PMID:38502231	published	"publications"								
syn58211567	PMID:32187457 	published	"publications"								
syn5714288	PMID:32187457 	published	"publications"								
syn58211567	PMID:28029918	published	"publications"								
syn57442781	PMID:29987130	published	"publications"								
syn57442781	PMID:32642737	published	"publications"								
syn5714288	PMID:37406085	published	"publications"								
syn74278246	PMID:37406085	published	"publications"								
syn5714288	PMID:37318402	published	"publications"								
syn5714288	PMID:37140985	published	"publications"								
syn5714288	PMID:37115514	published	"publications"								
syn51133946	PMID:37681415	published	"publications"								
syn51730549	PMID: 38475852	published	"publications"								
syn52396762	PMID: 39315661	published	"publications"								
syn51356860	PMID:39196570	published	"publications"								
syn26238842	PMID:38945076	published	"publications"								
syn25881328	PMID:39023130	published	"publications"								
syn22267330	PMID:37328102	published	"publications"								
syn22268689	PMID:36445254	published	"publications"								
syn8012530	PMID:38907342	published	"publications"								
syn21355225	PMID:36420221	published	"publications"								
syn4939906	PMID:35511749	published	"publications"								
syn11374354	PMID:38744290	published	"publications"								
syn25999239	PMID:39210910	published	"publications"								
syn25999239	PMID:38621478	published	"publications"								
syn25999239	PMID:39366539	published	"publications"								
syn25999239	PMID:39665502	published	"publications"								
syn11681835	PMID:39269317	published	"publications"								
syn51115812	PMID:36598417	published	"publications"								
syn51115812	PMID:39093127	published	"publications"								
syn4939902	PMID:39093127	published	"publications"								
syn31821155	PMID:37937606	published	"publications"								
syn31821155	PMID:38554791	published	"publications"								
syn23664726	PMID:37149083	published	"publications"								
syn29772925	PMID:37330718	published	"publications"								
syn31619419	PMID:37330718	published	"publications"								
syn29772925	PMID:39225289	published	"publications"								
syn53651618	PMID:29438698	published	"publications"								
syn53651618	PMID:36322658	published	"publications"								
syn53651618	PMID:36689660	published	"publications"								
syn53651618	PMID:35741605	published	"publications"								
syn53651618	PMID:39061138	published	"publications"								
syn4939902	PMID:32098059	published	"publications"								
syn56373031	PMID:32098059	published	"publications"								
syn4939902	PMID:32561749	published	"publications"								
syn56373031	PMID:32561749	published	"publications"								
syn4939902	PMID:39321200	published	"publications"								
syn4939902	PMID:38127282	published	"publications"								
syn4939918	PMID:36976677	published	"publications"								
syn26438193	PMID:39858077	published	"publications"								
syn8016599	PMID:39016685	published	"publications"								
syn8016599	PMID:39129390	published	"publications"								
syn56373031	PMID:29695767	published	"publications"								
syn4984604	PMID:29695767	published	"publications"								
syn11374333	PMID:29695767	published	"publications"								
syn56373031	PMID:36565307	published	"publications"								
syn56373031	PMID:37248386	published	"publications"								
syn58211567	PMID:35467749	published	"publications"								
syn58211567	PMID:37115514	published	"publications"								
syn56419166	PMID:33442015	published	"publications"								
syn50315996	PMID:39472976	published	"publications"								
syn50315996	PMID:38714355	published	"publications"								
syn51298831	PMID:33032988	published	"publications"								
syn26585075	PMID:39890807	published	"publications"								
syn25881328	PMID:38829109	published	"publications"								
syn51204782	PMID:35118381	published	"publications"								
syn51204782	PMID:31127187	published	"publications"								
syn30283982	PMID:syn30283982	published	"publications"								
syn63944395	PMID:40063513	published	"publications"								
syn8012530	PMID:40009403	published	"publications"								
syn60244968	PMID:34155781	published	"publications"								
syn11374339	PMID:	published	"publications"								
syn11374337	PMID:40684195	published	"publications"								
syn11374341	PMID:40394150	published	"publications"								
syn62026171	PMID:40723243	published	"publications"								
syn4939912	PMID:40304934	published	"publications"								
syn21641876	PMID:39106942	published	"publications"								
syn21641985	PMID:39106942	published	"publications"								
syn51360851	PMID: 41533509	published	"publications"								
syn27762317	PMID:41091164	published	"publications"								
syn68622887	PMID:41871910	published	"publications"								
syn74288412	PMID:39786423	published	"publications"								
syn74288246	PMID:41223283	published	"publications"								
syn74309473	PMID:32315290	published	"publications"								
syn74319981	PMID:38816530	published	"publications"								
syn74280931	PMID:32471868	published	"publications"								
syn74278763	PMID:33413690	published	"publications"								
syn74276737	PMID:39847441	published	"publications"								
syn74287631	PMID:	published	"publications"								
syn11374354	mesh:D009455	has_manifestation	"metadata"								
syn11374354	Cutaneous Neurofibroma	has_manifestation	"metadata"								
syn11374354	mesh:D009456	has_diseaseFocus	"metadata"								
syn11374354	Neurofibromatosis type 1	has_diseaseFocus	"metadata"								
syn11374354	NTAP	has_fundingAgency	"metadata"								
syn11374354	Completed	has_studyStatus	"metadata"								
syn11374354	Cutaneous Neurofibroma Initiative	has_initiative	"metadata"								
syn11374354	syn11374333	has_relatedStudies	"metadata"								
syn11374354	syn51116567	has_relatedStudies	"metadata"								
syn11374354	syn51356860	has_relatedStudies	"metadata"								
syn11374354	syn7217928	has_relatedStudies	"metadata"								
syn11374354	syn4489	has_parentId	"metadata"								
syn11374354	Available	has_dataStatus	"metadata"								
syn11374354	University of California, Los Angeles	has_institutions	"metadata"								
syn11374354	chromatinActivity	has_dataType	"metadata"								
syn11374354	geneExpression	has_dataType	"metadata"								
syn11374354	image	has_dataType	"metadata"								
syn11374354	https://doi.org/10.54464/pc.gr.147702	has_grantDOI	"metadata"								
syn25881328	doid:0080829	has_manifestation	"metadata"								
syn25881328	Low Grade Glioma	has_manifestation	"metadata"								
syn25881328	mesh:D009456	has_diseaseFocus	"metadata"								
syn25881328	Neurofibromatosis type 1	has_diseaseFocus	"metadata"								
syn25881328	NTAP	has_fundingAgency	"metadata"								
syn25881328	Completed	has_studyStatus	"metadata"								
syn25881328	Francis S. Collins Scholars Program	has_initiative	"metadata"								
syn25881328	syn51315882	has_relatedStudies	"metadata"								
syn25881328	syn36364285	has_relatedStudies	"metadata"								
syn25881328	syn36366922	has_relatedStudies	"metadata"								
syn25881328	syn36501381	has_relatedStudies	"metadata"								
syn25881328	syn4489	has_parentId	"metadata"								
syn25881328	Partially Available	has_dataStatus	"metadata"								
syn25881328	Washington University in St. Louis	has_institutions	"metadata"								
syn25881328	image	has_dataType	"metadata"								
syn25881328	https://doi.org/10.54464/pc.gr.148704	has_grantDOI	"metadata"								
